1,200,0.3382159171812236
2,400,-1.2566931638121606
3,600,-1.6973027527332305
4,800,-2.036642565727234
5,1000,-2.3181521731615065
6,1200,-2.543420592546463
7,1400,-2.7558409333229066
8,1600,-2.9336358857154847
9,1800,-3.0406343722343445
10,2000,-3.2004662024974824
11,2200,-3.293882323503494
12,2400,-3.384268095493317
13,2600,-3.458543925285339
14,2800,-3.512835614681244
15,3000,-3.565121990442276
16,3200,-3.629590595960617
17,3400,-3.6469024670124055
18,3600,-3.6921790766716005
19,3800,-3.7218218886852266
20,4000,-3.753063849210739
21,4200,-3.785209344625473
22,4400,-3.8451435601711275
23,4600,-3.8531773722171785
24,4800,-3.927180560827255
25,5000,-3.9178477156162264
26,5200,-3.9234774804115293
27,5400,-4.003172373771667
28,5600,-4.038170794248581
29,5800,-4.021333538293838
30,6000,-4.115279852151871
31,6200,-4.088309410810471
32,6400,-4.147325209379196
33,6600,-4.237627606391907
34,6800,-4.211765204668045
35,7000,-4.268119431734085
36,7200,-4.290333731174469
37,7400,-4.327963101863861
38,7600,-4.344427062273025
39,7800,-4.425744780302048
40,8000,-4.450404175519943
41,8200,-4.5000222098827365
42,8400,-4.534219006299972
43,8600,-4.541069773435592
44,8800,-4.538357696533203
45,9000,-4.635569916963577
46,9200,-4.6355786192417145
47,9400,-4.67954307436943
48,9600,-4.731245535612106
49,9800,-4.767976077795029
50,10000,-4.768042100667953
51,10200,-4.816942616701126
52,10400,-4.874411607980728
53,10600,-4.848009564876556
54,10800,-4.903533625602722
55,11000,-4.898632951974869
56,11200,-4.923135696649552
57,11400,-4.971881802082062
58,11600,-5.028126527070999
59,11800,-5.040412076711655
60,12000,-5.0645488059520725
61,12200,-5.094946707487106
62,12400,-5.122964596748352
63,12600,-5.107312680482864
64,12800,-5.171262754201889
65,13000,-5.175962994098663
66,13200,-5.238055241107941
67,13400,-5.236858718395233
68,13600,-5.254435484409332
69,13800,-5.297315065860748
70,14000,-5.278965677022934
71,14200,-5.349124890565872
72,14400,-5.337732996940613
73,14600,-5.362858928442002
74,14800,-5.422245640754699
75,15000,-5.462013759613037
76,15200,-5.462833330631256
77,15400,-5.4931544184684755
78,15600,-5.524168035984039
79,15800,-5.51792846083641
80,16000,-5.569875202178955
81,16200,-5.569549551010132
82,16400,-5.638792202472687
83,16600,-5.636736488342285
84,16800,-5.648684821128845
85,17000,-5.667309651374817
86,17200,-5.725767834186554
87,17400,-5.696032145023346
88,17600,-5.758743102550507
89,17800,-5.73926687002182
90,18000,-5.824237546920776
91,18200,-5.8332000875473025
92,18400,-5.910968282222748
93,18600,-5.879233345985413
94,18800,-5.9133068108558655
95,19000,-5.904599738121033
96,19200,-5.900911734104157
97,19400,-5.9788438415527345
98,19600,-5.968072576522827
99,19800,-5.986595017910004
100,20000,-6.026532161235809
101,20200,-6.0402192521095275
102,20400,-6.044049046039581
103,20600,-6.103922855854035
104,20800,-6.083904199600219
105,21000,-6.173350899219513
106,21200,-6.153913502693176
107,21400,-6.2175276923179625
108,21600,-6.1980885887146
109,21800,-6.211841797828674
110,22000,-6.201134791374207
111,22200,-6.265416269302368
112,22400,-6.285067815780639
113,22600,-6.267474236488343
114,22800,-6.31967188835144
115,23000,-6.327565484046936
116,23200,-6.33101021528244
117,23400,-6.367087569236755
118,23600,-6.399710190296173
119,23800,-6.3965185618400575
120,24000,-6.411499013900757
121,24200,-6.469138078689575
122,24400,-6.4680352210998535
123,24600,-6.500790836811066
124,24800,-6.493155467510223
125,25000,-6.467221927642822
126,25200,-6.558488502502441
127,25400,-6.517415595054627
128,25600,-6.584366941452027
129,25800,-6.602984681129455
130,26000,-6.59704530954361
131,26200,-6.653818581104279
132,26400,-6.640935623645783
133,26600,-6.644797077178955
134,26800,-6.660675547122955
135,27000,-6.695120677947998
136,27200,-6.668860938549042
137,27400,-6.73797780752182
138,27600,-6.760760061740875
139,27800,-6.769782316684723
140,28000,-6.807071399688721
141,28200,-6.797133870124817
142,28400,-6.853728556632996
143,28600,-6.825995628833771
144,28800,-6.850248463153839
145,29000,-6.854038999080658
146,29200,-6.844348649978638
147,29400,-6.8662411713600155
148,29600,-6.916082351207733
149,29800,-6.943246295452118
150,30000,-6.962656891345977
151,30200,-6.950949292182923
152,30400,-7.047414240837097
153,30600,-6.985498764514923
154,30800,-7.058793742656707
155,31000,-7.012715241909027
156,31200,-7.041063556671142
157,31400,-7.127013416290283
158,31600,-7.141564037799835
159,31800,-7.074960198402405
160,32000,-7.107624998092652
161,32200,-7.100637979507447
162,32400,-7.078628804683685
163,32600,-7.147403182983399
164,32800,-7.184786262512207
165,33000,-7.187890837192535
166,33200,-7.187914228439331
167,33400,-7.25388649225235
168,33600,-7.214265224933624
169,33800,-7.293713219165802
170,34000,-7.257788650989532
171,34200,-7.314923241138458
172,34400,-7.301222929954529
173,34600,-7.304324650764466
174,34800,-7.328633916378021
175,35000,-7.320673847198487
176,35200,-7.361217455863953
177,35400,-7.357224507331848
178,35600,-7.411256880760193
179,35800,-7.405516014099121
180,36000,-7.449319789409637
181,36200,-7.401039588451385
182,36400,-7.464182989597321
183,36600,-7.449050183296204
184,36800,-7.480289134979248
185,37000,-7.520392594337463
186,37200,-7.490691089630127
187,37400,-7.551611852645874
188,37600,-7.546693909168243
189,37800,-7.58178644657135
190,38000,-7.564428112506866
191,38200,-7.581720719337463
192,38400,-7.6239739251136776
193,38600,-7.665416152477264
194,38800,-7.615296325683594
195,39000,-7.610825176239014
196,39200,-7.662925574779511
197,39400,-7.697244248390198
198,39600,-7.671951258182526
199,39800,-7.761831569671631
200,40000,-7.694163818359375
201,40200,-7.742220628261566
202,40400,-7.710865635871887
203,40600,-7.749954385757446
204,40800,-7.751215295791626
205,41000,-7.794225859642029
206,41200,-7.821443881988525
207,41400,-7.740628876686096
208,41600,-7.838171706199646
209,41800,-7.861899189949035
210,42000,-7.845003218650818
211,42200,-7.879672782421112
212,42400,-7.883739106655121
213,42600,-7.864639477729797
214,42800,-7.94145697593689
215,43000,-7.937615826129913
216,43200,-7.976215686798096
217,43400,-7.936263980865479
218,43600,-7.973583636283874
219,43800,-7.9443358087539675
220,44000,-7.971016640663147
221,44200,-7.973434026241303
222,44400,-8.03435611486435
223,44600,-8.097786900997162
224,44800,-8.049119710922241
225,45000,-8.04643805027008
226,45200,-8.045711064338684
227,45400,-8.062246067523956
228,45600,-8.101323628425598
229,45800,-8.153833057880401
230,46000,-8.148231184482574
231,46200,-8.130121879577636
232,46400,-8.134689242839814
233,46600,-8.166790745258332
234,46800,-8.138774752616882
235,47000,-8.207383568286895
236,47200,-8.200254318714142
237,47400,-8.217445237636566
238,47600,-8.219983398914337
239,47800,-8.229070293903352
240,48000,-8.219740660190583
241,48200,-8.2312442612648
242,48400,-8.257726738452911
243,48600,-8.303089430332184
244,48800,-8.298207948207855
245,49000,-8.307890412807465
246,49200,-8.331827824115754
247,49400,-8.313886334896088
248,49600,-8.29702956676483
249,49800,-8.26019940853119
250,50000,-8.400232028961181
251,50200,-8.380862612724304
252,50400,-8.299931344985962
253,50600,-8.360674710273743
254,50800,-8.416370465755463
255,51000,-8.391127834320068
256,51200,-8.382005236148835
257,51400,-8.4460476064682
258,51600,-8.443416934013367
259,51800,-8.401730875968934
260,52000,-8.46001240491867
261,52200,-8.528324477672577
262,52400,-8.43845992565155
263,52600,-8.514190185070039
264,52800,-8.395935883522034
265,53000,-8.481438088417054
266,53200,-8.550941445827483
267,53400,-8.518324208259582
268,53600,-8.399696629047394
269,53800,-8.532623784542084
270,54000,-8.520641641616821
271,54200,-8.524225289821624
272,54400,-8.595614984035493
273,54600,-8.496040987968446
274,54800,-8.613655986785888
275,55000,-8.568023645877838
276,55200,-8.61920829296112
277,55400,-8.568097095489502
278,55600,-8.616223750114441
279,55800,-8.621829442977905
280,56000,-8.52504855632782
281,56200,-8.635108683109284
282,56400,-8.651660487651824
283,56600,-8.666041958332062
284,56800,-8.679104750156403
285,57000,-8.662871947288513
286,57200,-8.648291020393371
287,57400,-8.790097959041596
288,57600,-8.620284383296967
289,57800,-8.75798420906067
290,58000,-8.703677053451537
291,58200,-8.69299045085907
292,58400,-8.783581833839417
293,58600,-8.805584046840668
294,58800,-8.77562980890274
295,59000,-8.673453266620635
296,59200,-8.804964458942413
297,59400,-8.730577788352967
298,59600,-8.853218846321106
299,59800,-8.766782627105712
300,60000,-8.84970192193985
301,60200,-8.771099908351898
302,60400,-8.810268170833588
303,60600,-8.879978773593903
304,60800,-8.871275205612182
305,61000,-8.809598488807678
306,61200,-8.887896933555602
307,61400,-8.938033130168915
308,61600,-8.884092297554016
309,61800,-8.835700800418854
310,62000,-8.970329039096832
311,62200,-8.92946700811386
312,62400,-9.00134089231491
313,62600,-8.890518670082093
314,62800,-8.886927831172944
315,63000,-8.934396460056306
316,63200,-8.96691764831543
317,63400,-8.910208153724671
318,63600,-9.036182796955108
319,63800,-8.998562548160553
320,64000,-8.880469198226928
321,64200,-8.972491056919099
322,64400,-8.976121470928192
323,64600,-9.05872864484787
324,64800,-9.014739270210265
325,65000,-9.049082534313202
326,65200,-8.928112766742707
327,65400,-9.11186604499817
328,65600,-9.07415801525116
329,65800,-9.095171020030975
330,66000,-9.099897494316101
331,66200,-9.027192151546478
332,66400,-9.028029623031616
333,66600,-9.104227252006531
334,66800,-9.124471852779388
335,67000,-9.076589734554291
336,67200,-9.162307980060577
337,67400,-9.099974319934844
338,67600,-9.142676644325256
339,67800,-9.222814853191375
340,68000,-9.09459049463272
341,68200,-9.171332032680512
342,68400,-9.185071969032288
343,68600,-9.18785184621811
344,68800,-9.214439904689788
345,69000,-9.199341983795167
346,69200,-9.203316659927369
347,69400,-9.162375476360321
348,69600,-9.250058693885803
349,69800,-9.247291264533997
350,70000,-9.221361384391784
351,70200,-9.234270160198212
352,70400,-9.296410348415375
353,70600,-9.262474021911622
354,70800,-9.265989260673523
355,71000,-9.216177101135253
356,71200,-9.283798775672913
357,71400,-9.277321057319641
358,71600,-9.249125654697417
359,71800,-9.25500410079956
360,72000,-9.27542867898941
361,72200,-9.307606008052826
362,72400,-9.38247682094574
363,72600,-9.283903040885924
364,72800,-9.244033527374267
365,73000,-9.204712743759154
366,73200,-9.390218935012818
367,73400,-9.386294326782227
368,73600,-9.35504915714264
369,73800,-9.41199594259262
370,74000,-9.31243452310562
371,74200,-9.289910271167756
372,74400,-9.4134237241745
373,74600,-9.310634124279023
374,74800,-9.382747807502746
375,75000,-9.4374671959877
376,75200,-9.393274812698364
377,75400,-9.420467426776886
378,75600,-9.425569474697113
379,75800,-9.408909072875977
380,76000,-9.439629573822021
381,76200,-9.446903989315032
382,76400,-9.41530485868454
383,76600,-9.416256806850434
384,76800,-9.470991096496583
385,77000,-9.53469640493393
386,77200,-9.540017998218536
387,77400,-9.414293701648711
388,77600,-9.474434626102447
389,77800,-9.408887572288513
390,78000,-9.538795597553253
391,78200,-9.477466597557068
392,78400,-9.52898149728775
393,78600,-9.425342659950257
394,78800,-9.522726709842681
395,79000,-9.459925799369811
396,79200,-9.577606465816498
397,79400,-9.58392909526825
398,79600,-9.620352401733399
399,79800,-9.534155578613282
400,80000,-9.507646024227142
401,80200,-9.625850999355317
402,80400,-9.57737441778183
403,80600,-9.393660056591035
404,80800,-9.589806125164031
405,81000,-9.58713461637497
406,81200,-9.576998541355133
407,81400,-9.540801029205323
408,81600,-9.667968626022338
409,81800,-9.578925414085388
410,82000,-9.60447637796402
411,82200,-9.543298490047455
412,82400,-9.651610424518585
413,82600,-9.671875534057618
414,82800,-9.571220440864563
415,83000,-9.64752286195755
416,83200,-9.610541975498199
417,83400,-9.653116681575774
418,83600,-9.72028267621994
419,83800,-9.648481357097626
420,84000,-9.741036055088044
421,84200,-9.666118893623352
422,84400,-9.64655743598938
423,84600,-9.668334743976594
424,84800,-9.7145845246315
425,85000,-9.794041440486907
426,85200,-9.669508810043334
427,85400,-9.748168337345124
428,85600,-9.717582063674927
429,85800,-9.846873054504394
430,86000,-9.70887315273285
431,86200,-9.755235238075256
432,86400,-9.618639938831329
433,86600,-9.82748334646225
434,86800,-9.76996728181839
435,87000,-9.731649026870727
436,87200,-9.749466025829316
437,87400,-9.823334288597106
438,87600,-9.820976860523224
439,87800,-9.817103998661041
440,88000,-9.783154780864715
441,88200,-9.812272145748139
442,88400,-9.771796488761902
443,88600,-9.873671972751618
444,88800,-9.849627916812898
445,89000,-9.743705480098724
446,89200,-9.770841994285583
447,89400,-9.882552273273468
448,89600,-9.862335376739502
449,89800,-9.840342824459077
450,90000,-9.819794607162475
451,90200,-9.897597448825836
452,90400,-9.893479480743409
453,90600,-9.817331705093384
454,90800,-9.91284413099289
455,91000,-9.807235245704652
456,91200,-9.891459577083587
457,91400,-9.826757984161377
458,91600,-9.85044950246811
459,91800,-9.901375513076783
460,92000,-9.887562787532806
461,92200,-9.90001345872879
462,92400,-9.930528788566589
463,92600,-9.895120072364808
464,92800,-9.802591047286988
465,93000,-9.930760369300842
466,93200,-9.878461318016052
467,93400,-9.88683510541916
468,93600,-9.980708334445954
469,93800,-9.884479551315307
470,94000,-9.95699215888977
471,94200,-9.943634467124939
472,94400,-9.572164458036422
473,94600,-9.951449310779571
474,94800,-9.984713346958161
475,95000,-9.970198726654052
476,95200,-9.99766390323639
477,95400,-10.015322523117066
478,95600,-10.049856250286103
479,95800,-9.957687025070191
480,96000,-10.004067585468292
481,96200,-9.945310235023499
482,96400,-9.960984227657319
483,96600,-10.032280733585358
484,96800,-9.979251821041107
485,97000,-10.03618494272232
486,97200,-9.970996780395508
487,97400,-10.028265204429626
488,97600,-10.047461578845978
489,97800,-9.945078299045562
490,98000,-10.029481317996979
491,98200,-10.061078250408173
492,98400,-10.115560166835785
493,98600,-9.992181794643402
494,98800,-10.104899516105652
495,99000,-10.065364279747008
496,99200,-9.998923177719115
497,99400,-10.050111010074616
498,99600,-10.042328605651855
499,99800,-9.975733017921447
500,100000,-10.050679261684417
501,100200,-10.144046590328216
502,100400,-10.12229861497879
503,100600,-10.067564575672149
504,100800,-10.081949186325073
505,101000,-10.11840558052063
506,101200,-10.080121777057649
507,101400,-10.09547102212906
508,101600,-10.197448143959045
509,101800,-10.082943840026855
510,102000,-10.079904794692993
511,102200,-10.13069259405136
512,102400,-10.055725755691528
513,102600,-10.140540673732758
514,102800,-10.12483711719513
515,103000,-10.236654896736145
516,103200,-10.15384610414505
517,103400,-10.197743020057679
518,103600,-10.140715250968933
519,103800,-10.202400660514831
520,104000,-10.202074275016784
521,104200,-10.12984875202179
522,104400,-10.154466047286988
523,104600,-10.1164679646492
524,104800,-10.143772885799407
525,105000,-10.276041100025177
526,105200,-10.130914697647095
527,105400,-10.272439370155334
528,105600,-10.284535984992981
529,105800,-10.184402310848236
530,106000,-10.073256299495696
531,106200,-10.245598776340485
532,106400,-10.28049205303192
533,106600,-10.204895136356354
534,106800,-10.27909505367279
535,107000,-10.20510137796402
536,107200,-10.259672598838806
537,107400,-10.25720594882965
538,107600,-10.315360324382782
539,107800,-10.278233861923217
540,108000,-10.28145884513855
541,108200,-10.327092943191529
542,108400,-10.26850386619568
543,108600,-10.23548989534378
544,108800,-10.295345215797424
545,109000,-10.2924254155159
546,109200,-10.276550970077516
547,109400,-10.18833137512207
548,109600,-10.356270315647125
549,109800,-10.398581566810607
550,110000,-10.2779758310318
551,110200,-10.31062685251236
552,110400,-10.284953348636627
553,110600,-10.333578345775605
554,110800,-10.41397795677185
555,111000,-10.288261713981628
556,111200,-10.400842332839966
557,111400,-10.356137137413025
558,111600,-10.34207650899887
559,111800,-10.416290998458862
560,112000,-10.29855973482132
561,112200,-10.329711554050446
562,112400,-10.367295758724213
563,112600,-10.496531093120575
564,112800,-10.38345362663269
565,113000,-10.301302826404571
566,113200,-10.369513950347901
567,113400,-10.397926404476166
568,113600,-10.320215137004853
569,113800,-10.199452466964722
570,114000,-10.464518482685088
571,114200,-10.440844841003418
572,114400,-10.37900048494339
573,114600,-10.429808037281036
574,114800,-10.387515857219697
575,115000,-9.809767730236054
576,115200,-10.498748199939728
577,115400,-10.533272838592529
578,115600,-10.41739620923996
579,115800,-10.443899569511414
580,116000,-10.46547935962677
581,116200,-10.413386719226837
582,116400,-10.395360350608826
583,116600,-10.47523675441742
584,116800,-10.561585869789123
585,117000,-10.56184647321701
586,117200,-10.520995683670044
587,117400,-10.537066907882691
588,117600,-10.481098067760467
589,117800,-10.475964798927308
590,118000,-10.334780044555664
591,118200,-10.562048888206482
592,118400,-10.523585577011108
593,118600,-10.496363918781281
594,118800,-10.529995713233948
595,119000,-10.499753856658936
596,119200,-10.57600218296051
597,119400,-10.564387342929841
598,119600,-10.503226127624512
599,119800,-10.61181536912918
600,120000,-10.497894361019135
601,120200,-10.560323123931886
602,120400,-10.567468662261962
603,120600,-10.50701696395874
604,120800,-10.566906619071961
605,121000,-10.519675979614258
606,121200,-10.645155158042908
607,121400,-10.575066871643067
608,121600,-10.61903736591339
609,121800,-10.581282887458801
610,122000,-10.61215325832367
611,122200,-10.535559997558593
612,122400,-10.562667665481568
613,122600,-10.594797422885895
614,122800,-10.5621582198143
615,123000,-10.556457815170289
616,123200,-10.657040739059449
617,123400,-10.613621501922607
618,123600,-10.625880172252655
619,123800,-10.62772720336914
620,124000,-10.674124767780304
621,124200,-10.582509751319884
622,124400,-10.642526276111603
623,124600,-10.644100427627563
624,124800,-10.695695552825928
625,125000,-10.607257845401763
626,125200,-10.637843677997589
627,125400,-10.503816866874695
628,125600,-10.687842786312103
629,125800,-10.682615337371827
630,126000,-10.696830754280091
631,126200,-10.677078359127044
632,126400,-10.707682883739471
633,126600,-10.685960655212403
634,126800,-10.716980926990509
635,127000,-10.708949127197265
636,127200,-10.726960756778716
637,127400,-10.726518206596374
638,127600,-10.62184647321701
639,127800,-10.532890384197236
640,128000,-10.676010644435882
641,128200,-10.72837634563446
642,128400,-10.764560537338257
643,128600,-10.728147723674773
644,128800,-10.825243484973907
645,129000,-10.669893069267273
646,129200,-10.772409045696259
647,129400,-10.727462363243102
648,129600,-10.79797318458557
649,129800,-10.679372537136079
650,130000,-10.737800335884094
651,130200,-10.660875771045685
652,130400,-10.761166181564331
653,130600,-10.673196623325348
654,130800,-10.846087503433228
655,131000,-10.715928943157197
656,131200,-10.786483550071717
657,131400,-10.789182958602906
658,131600,-10.80854754447937
659,131800,-10.758971350193024
660,132000,-10.147571804523468
661,132200,-10.844285778999328
662,132400,-10.893451180458069
663,132600,-10.85457643032074
664,132800,-10.761429154872895
665,133000,-10.94994397163391
666,133200,-10.81016417980194
667,133400,-10.866313738822937
668,133600,-10.776855490207673
669,133800,-10.898073830604552
670,134000,-10.688742241859437
671,134200,-10.776437485218048
672,134400,-10.767573227882385
673,134600,-10.917281012535096
674,134800,-10.79771523475647
675,135000,-10.856866731643677
676,135200,-10.839773678779602
677,135400,-10.78627690076828
678,135600,-10.845001404285432
679,135800,-10.924390382766724
680,136000,-10.847676382064819
681,136200,-10.886069893836975
682,136400,-10.822352771759034
683,136600,-10.761114418506622
684,136800,-10.86849818944931
685,137000,-10.854759163856507
686,137200,-10.895966861248016
687,137400,-10.849486083984376
688,137600,-10.908773703575134
689,137800,-10.924840655326843
690,138000,-10.279034569263459
691,138200,-11.05604730129242
692,138400,-10.811217122077942
693,138600,-10.943093390464783
694,138800,-10.911516740322114
695,139000,-10.873224935531617
696,139200,-10.932585616111755
697,139400,-11.02302478313446
698,139600,-10.845604162216187
699,139800,-10.790712838172913
700,140000,-10.934808657169341
701,140200,-11.001728887557983
702,140400,-10.916897044181823
703,140600,-10.927708210945129
704,140800,-10.427932015657426
705,141000,-10.875316483974457
706,141200,-11.002330422401428
707,141400,-10.96231505870819
708,141600,-10.93681918144226
709,141800,-10.988492093086244
710,142000,-10.900286011695862
711,142200,-10.906482715606689
712,142400,-11.030521574020385
713,142600,-10.966344268321992
714,142800,-10.973635931015014
715,143000,-10.927887468338012
716,143200,-10.990208129882813
717,143400,-11.028378744125366
718,143600,-10.982896614074708
719,143800,-0.6457128894329071
720,144000,-10.292366278171539
721,144200,-10.719664483070373
722,144400,-10.862744851112366
723,144600,-10.882459087371826
724,144800,-10.95809047460556
725,145000,-10.941484599113464
726,145200,-11.06489221572876
727,145400,-11.074917659759521
728,145600,-11.053252854347228
729,145800,-10.960571529865264
730,146000,-11.042645287513732
731,146200,-11.016497647762298
732,146400,-11.039001269340515
733,146600,-10.972718803882598
734,146800,-11.040497097969055
735,147000,-10.974632782936096
736,147200,-10.973306074142457
737,147400,-11.029713339805603
738,147600,-9.887682673931122
739,147800,-11.144113011360169
740,148000,-11.137885127067566
741,148200,-10.993732614517212
742,148400,-11.004099555015564
743,148600,-11.13795793056488
744,148800,-11.035482664108276
745,149000,-10.268464176654815
746,149200,-11.140186758041382
747,149400,-11.173547148704529
748,149600,-11.149762558937073
749,149800,-11.054517250061036
750,150000,-11.048323974609374
751,150200,-11.042611651420593
752,150400,-11.023195238113404
753,150600,-11.029477894306183
754,150800,-11.132521033287048
755,151000,-11.000533967018127
756,151200,-11.085300080776214
757,151400,-11.167138018608092
758,151600,-10.959797322750092
759,151800,-11.059764525890351
760,152000,-11.074468102455139
761,152200,-11.066105439662934
762,152400,-11.12384202003479
763,152600,-11.127419250011444
764,152800,-11.016558928489685
765,153000,-11.200007271766662
766,153200,-11.08616985797882
767,153400,-11.230742149353027
768,153600,-11.074686436653137
769,153800,-11.129006643295288
770,154000,-11.20094699382782
771,154200,-9.032321518808603
772,154400,-11.139593374729156
773,154600,-11.333859329223634
774,154800,-11.304189767837524
775,155000,-11.324008994102478
776,155200,-11.284500060081482
777,155400,-11.218659620285035
778,155600,-11.146031250953675
779,155800,-11.230642883777618
780,156000,-11.165848340988159
781,156200,-11.17093977689743
782,156400,-11.158397874832154
783,156600,-11.21146794319153
784,156800,-11.071574628353119
785,157000,-10.337110210359096
786,157200,-11.32254813194275
787,157400,-11.362703051567077
788,157600,-11.21770541191101
789,157800,-11.03909410238266
790,158000,-11.256705660820007
791,158200,-11.270979471206665
792,158400,-11.228125367164612
793,158600,-11.192471432685853
794,158800,-11.290501046180726
795,159000,-11.235442452430725
796,159200,-11.255842387676239
797,159400,-11.189480719566346
798,159600,-11.108504133224487
799,159800,-11.251339468955994
800,160000,-10.931127786636353
801,160200,-11.238325734138488
802,160400,-11.252266988754272
803,160600,-11.269701042175292
804,160800,-11.23668404340744
805,161000,-11.318470540046691
806,161200,-11.24569703578949
807,161400,-11.256699419021606
808,161600,-11.238298790454865
809,161800,-11.355407304763794
810,162000,-11.243217175006867
811,162200,-11.311009435653686
812,162400,-11.303794283866882
813,162600,-11.179271726608276
814,162800,-11.31251892566681
815,163000,-11.325498304367066
816,163200,-11.252373189926148
817,163400,-11.266813735961914
818,163600,-11.255108029842377
819,163800,-11.210259270668029
820,164000,-11.333163046836853
821,164200,-11.316904034614563
822,164400,-11.362343502044677
823,164600,-11.355146503448486
824,164800,-11.281984968185425
825,165000,-11.246940283775329
826,165200,-11.23115062713623
827,165400,-11.300161662101745
828,165600,-11.320548667907715
829,165800,-11.298132948875427
830,166000,-11.44838191986084
831,166200,-11.406972954273224
832,166400,-11.220578272342681
833,166600,-11.345589609146119
834,166800,-11.299158155918121
835,167000,-11.315783295631409
836,167200,-11.416932082176208
837,167400,-11.398748636245728
838,167600,-11.225559363365173
839,167800,-11.430748434066773
840,168000,-11.288294939994811
841,168200,-11.31709349155426
842,168400,-11.456141204833985
843,168600,-11.322805004119873
844,168800,-11.315456819534301
845,169000,-11.366143460273742
846,169200,-11.372438902854919
847,169400,-11.348164036273957
848,169600,-11.44335753917694
849,169800,-11.450820569992066
850,170000,-11.004880397319793
851,170200,-11.468419461250305
852,170400,-11.37122176885605
853,170600,-11.202652847766876
854,170800,-11.48612699508667
855,171000,-11.364132699966431
856,171200,-11.541297659873962
857,171400,-11.487507004737854
858,171600,-11.378925952911377
859,171800,-11.430606241226196
860,172000,-11.36382702589035
861,172200,-11.433392124176025
862,172400,-11.434642539024352
863,172600,-11.440614233016968
864,172800,-11.458578519821167
865,173000,-11.19756649494171
866,173200,-11.523111696243285
867,173400,-11.506891241073609
868,173600,-11.492449100017547
869,173800,-11.373643054962159
870,174000,-11.41223221540451
871,174200,-11.520978288650513
872,174400,-11.456078143119813
873,174600,-11.544761638641358
874,174800,-11.456041598320008
875,175000,-11.489003639221192
876,175200,-11.550531315803529
877,175400,-11.480379905700683
878,175600,-11.311497735977174
879,175800,-11.498687651157379
880,176000,-11.51034276008606
881,176200,-11.425182964801788
882,176400,-11.57075253009796
883,176600,-11.498783063888549
884,176800,-11.49339516878128
885,177000,-11.02414493560791
886,177200,-11.586790730953217
887,177400,-11.542864952087402
888,177600,-11.479365112781524
889,177800,-11.565237255096436
890,178000,-11.550139822959899
891,178200,-11.452249190807343
892,178400,-11.548364872932433
893,178600,-11.564038472175598
894,178800,-11.406575908660889
895,179000,-11.527274193763732
896,179200,-11.580439677238465
897,179400,-11.549790182113647
898,179600,-0.6490203628689051
899,179800,-11.586019372940063
900,180000,-11.686316142082214
901,180200,-11.707430386543274
902,180400,-11.727017016410828
903,180600,-11.725006756782532
904,180800,-11.681482424736023
905,181000,-11.687992343902588
906,181200,-11.61581729888916
907,181400,-11.559399914741515
908,181600,-11.580271091461181
909,181800,-11.6135640335083
910,182000,-11.467718818187713
911,182200,-11.543318948745728
912,182400,-11.62417608499527
913,182600,-11.66118658065796
914,182800,-11.429756145477295
915,183000,-11.542741103172302
916,183200,-11.602370922565461
917,183400,-11.47479739665985
918,183600,-11.654196257591247
919,183800,-11.608769426345825
920,184000,-11.368215439319611
921,184200,-11.183004589080811
922,184400,-11.715964818000794
923,184600,-11.500849504470825
924,184800,-11.558372983932495
925,185000,-11.709779081344605
926,185200,-11.634787654876709
927,185400,-11.557572345733643
928,185600,-11.67576186656952
929,185800,-11.641376178264618
930,186000,-11.411496160030365
931,186200,-11.597616000175476
932,186400,-11.666102015972138
933,186600,-11.635165581703186
934,186800,-11.648800659179688
935,187000,-11.16294666171074
936,187200,-11.496170375347138
937,187400,-11.561893482208252
938,187600,-11.72981903076172
939,187800,-11.679948301315308
940,188000,-11.679034061431885
941,188200,-11.589388179779053
942,188400,-11.618600327968597
943,188600,-11.646440229415894
944,188800,-11.699977087974549
945,189000,-11.631349110603333
946,189200,-11.328848135471343
947,189400,-11.345757505893708
948,189600,-11.815091524124146
949,189800,-11.708890109062194
950,190000,-11.6855623960495
951,190200,-11.641076083183288
952,190400,-11.693517932891845
953,190600,-11.716784825325012
954,190800,-11.60912304878235
955,191000,-11.712700290679932
956,191200,-11.63216109752655
957,191400,-11.685785350799561
958,191600,-11.812250728607177
959,191800,-11.250676827430725
960,192000,-11.81089608669281
961,192200,-11.546378102302551
962,192400,-11.667715711593628
963,192600,-11.746538500785828
964,192800,-11.75485239982605
965,193000,-11.735599265098571
966,193200,-11.283904829025268
967,193400,-11.828751463890075
968,193600,-11.819852290153504
969,193800,-11.736650109291077
970,194000,-11.770396971702576
971,194200,-11.822770648002624
972,194400,-11.60011025428772
973,194600,-10.230173505544663
974,194800,-11.867006945610047
975,195000,-11.857753810882569
976,195200,-11.856982431411744
977,195400,-10.750326100587845
978,195600,-11.925998954772949
979,195800,-11.832387619018554
980,196000,-11.761066765785218
981,196200,-11.82368174791336
982,196400,-11.817906875610351
983,196600,-11.709722151756287
984,196800,-11.757905249595643
985,197000,-11.735185422897338
986,197200,-11.816540689468384
987,197400,-11.75433257341385
988,197600,-11.824978415966035
989,197800,-11.585827214717865
990,198000,-11.841199901103973
991,198200,-11.793527269363404
992,198400,-11.635854063034058
993,198600,-11.8876500415802
994,198800,-11.720729110240937
995,199000,-11.861789121627808
996,199200,-11.60711748123169
997,199400,-11.892907290458679
998,199600,-11.759948072433472
999,199800,-11.971517190933227
1000,200000,-11.371343986988068
1001,200200,-8.231665878742934
1002,200400,-12.022215104103088
1003,200600,-12.01096562385559
1004,200800,-11.922455537319184
1005,201000,-11.925985379219055
1006,201200,-11.866689610481263
1007,201400,-11.770821535587311
1008,201600,-11.867854056358338
1009,201800,-11.803972864151001
1010,202000,-11.85744400024414
1011,202200,-11.91486524105072
1012,202400,-11.849156885147094
1013,202600,-11.88435140132904
1014,202800,-11.779194445610047
1015,203000,-11.323694369792939
1016,203200,-11.977880506515502
1017,203400,-11.892287735939027
1018,203600,-11.931725850105286
1019,203800,-11.90215582370758
1020,204000,-8.59877848058939
1021,204200,-12.088203320503235
1022,204400,-12.072492084503175
1023,204600,-12.048967552185058
1024,204800,-11.999872574806213
1025,205000,-11.943002467155457
1026,205200,-11.683547723293305
1027,205400,-12.006856985092163
1028,205600,-11.92373520374298
1029,205800,-11.962750835418701
1030,206000,-8.961178286671638
1031,206200,-12.00776490688324
1032,206400,-12.074344606399537
1033,206600,-12.12833755016327
1034,206800,-12.00601607322693
1035,207000,-11.978611283302307
1036,207200,-11.995103254318238
1037,207400,-11.979158844947815
1038,207600,-11.897525262832641
1039,207800,-11.984960260391235
1040,208000,-11.946847710609436
1041,208200,-11.879977073669433
1042,208400,-11.592052631378174
1043,208600,-10.275996453166009
1044,208800,-12.088552417755126
1045,209000,-12.033020663261414
1046,209200,-12.0306094455719
1047,209400,-12.021640782356263
1048,209600,-11.957448382377624
1049,209800,-11.949935030937194
1050,210000,-11.975930371284484
1051,210200,-11.897065379619598
1052,210400,-11.938059635162354
1053,210600,-11.905147504806518
1054,210800,-12.024099731445313
1055,211000,-11.80110208272934
1056,211200,-11.953036303520202
1057,211400,-11.953386039733887
1058,211600,-12.031453580856324
1059,211800,-11.947985541820525
1060,212000,-12.0095552110672
1061,212200,-11.970338907241821
1062,212400,-11.894381544589997
1063,212600,-12.104056849479676
1064,212800,-12.040245923995972
1065,213000,-11.883318035602569
1066,213200,-11.982038698196412
1067,213400,-11.982857830524445
1068,213600,-11.728687717914582
1069,213800,-11.877980933189392
1070,214000,-11.794246754646302
1071,214200,-12.055923051834107
1072,214400,-12.009377636909484
1073,214600,-11.961629824638367
1074,214800,-11.48283122420311
1075,215000,-12.113523116111756
1076,215200,-12.072178287506103
1077,215400,-12.09653226852417
1078,215600,-12.063279657363891
1079,215800,-11.971780915260315
1080,216000,-0.3661668252944946
1081,216200,-11.919862933158875
1082,216400,-12.162011284828186
1083,216600,-12.252828769683838
1084,216800,-12.166113238334656
1085,217000,-11.986182200908662
1086,217200,-12.18195228099823
1087,217400,-12.160365138053894
1088,217600,-12.134446983337403
1089,217800,-12.067594304084778
1090,218000,-11.88109518289566
1091,218200,-12.046466436386108
1092,218400,-12.106038250923156
1093,218600,-12.091141204833985
1094,218800,-12.04609896659851
1095,219000,-12.010094723701478
1096,219200,-12.016781172752381
1097,219400,-11.978059983253479
1098,219600,-11.971326484680176
1099,219800,-11.95446856021881
1100,220000,-12.08040400981903
1101,220200,-12.136281175613403
1102,220400,-11.996398563385009
1103,220600,-12.025229511260987
1104,220800,-12.039444379806518
1105,221000,-11.496761628985405
1106,221200,-12.202418613433839
1107,221400,-12.195783982276916
1108,221600,-12.01270016670227
1109,221800,-12.15903088092804
1110,222000,-11.735464894771576
1111,222200,-12.032837705612183
1112,222400,-12.12837342262268
1113,222600,-12.10223695755005
1114,222800,-12.17356113910675
1115,223000,-12.134043579101563
1116,223200,-12.008945455551148
1117,223400,-11.343835842013359
1118,223600,-7.081481457091868
1119,223800,-12.293210048675537
1120,224000,-12.29156789779663
1121,224200,-12.25654599905014
1122,224400,-12.183108656406402
1123,224600,-12.238623476028442
1124,224800,-12.18170033454895
1125,225000,-11.221394283175469
1126,225200,-12.04795740365982
1127,225400,-12.20124162197113
1128,225600,-12.189610319137573
1129,225800,-12.201690883636475
1130,226000,-12.121597723960877
1131,226200,-12.172175669670105
1132,226400,-12.06793677330017
1133,226600,-12.152115230560304
1134,226800,-12.109040637016296
1135,227000,-12.089965643882751
1136,227200,-12.242318234443665
1137,227400,-11.805446076393128
1138,227600,-12.179540181159973
1139,227800,-12.182636952400207
1140,228000,-12.151209783554076
1141,228200,-12.211603004932403
1142,228400,-11.899716763496398
1143,228600,-11.363609092235565
1144,228800,-12.278769888877868
1145,229000,-12.154936053752898
1146,229200,-8.69514411009848
1147,229400,-11.361623133290559
1148,229600,-12.35681197166443
1149,229800,-12.292776613235473
1150,230000,-12.339038858413696
1151,230200,-12.214060778617858
1152,230400,-12.237250237464904
1153,230600,-12.293149619102477
1154,230800,-11.705852565765381
1155,231000,-11.80779214978218
1156,231200,-11.619310567378998
1157,231400,-12.324430561065673
1158,231600,-12.26738512992859
1159,231800,-12.229419584274291
1160,232000,-10.272721438109874
1161,232200,-12.338601083755494
1162,232400,-12.338033671379089
1163,232600,-12.21221712589264
1164,232800,-12.245728778839112
1165,233000,-12.204776573181153
1166,233200,-12.174750504493714
1167,233400,-10.752400878369809
1168,233600,-12.196018042564392
1169,233800,-12.249710884094238
1170,234000,-12.276412072181701
1171,234200,-12.165220537185668
1172,234400,-12.31476616859436
1173,234600,-12.217158665657044
1174,234800,-12.09705491065979
1175,235000,-12.188681654930114
1176,235200,-8.35398196697235
1177,235400,-11.935320835113526
1178,235600,-12.437149839401245
1179,235800,-12.400644001960755
1180,236000,-12.327207818031312
1181,236200,-12.294792749881744
1182,236400,-12.221509630680083
1183,236600,-12.217988409996032
1184,236800,-10.52588458493352
1185,237000,-12.389150042533874
1186,237200,-12.371627318859101
1187,237400,-12.083252935409545
1188,237600,-12.38063353061676
1189,237800,-12.269211921691895
1190,238000,-12.146235814094544
1191,238200,-12.347614102363586
1192,238400,-12.294566435813904
1193,238600,-9.419467387199402
1194,238800,-12.32419421672821
1195,239000,-12.424427227973938
1196,239200,-12.318081002235413
1197,239400,-12.319340095520019
1198,239600,-12.310545864105224
1199,239800,-12.383639755249023
1200,240000,-12.237830753326415
1201,240200,-12.150145905017853
1202,240400,-12.341062755584717
1203,240600,-12.263990263938904
1204,240800,-11.828969914913177
1205,241000,-12.360798678398133
1206,241200,-12.342171626091003
1207,241400,-12.278305873870849
1208,241600,-12.18477857351303
1209,241800,-12.361533699035645
1210,242000,-12.341096410751343
1211,242200,-12.294193725585938
1212,242400,-12.05395887851715
1213,242600,-12.340758259296416
1214,242800,-12.334856309890746
1215,243000,-12.196595015525817
1216,243200,-12.316096119880676
1217,243400,-12.334205513000489
1218,243600,-12.304365892410278
1219,243800,-12.044980983734131
1220,244000,-12.327576217651368
1221,244200,-12.316511507034301
1222,244400,-12.384261283874512
1223,244600,-12.380836148262023
1224,244800,-11.871279289722443
1225,245000,-9.127538244090974
1226,245200,-12.509651999473572
1227,245400,-12.488262782096863
1228,245600,-12.471792583465577
1229,245800,-12.434858331680298
1230,246000,-12.420866422653198
1231,246200,3.9150197744369506
1232,246400,-12.29089412689209
1233,246600,-12.47393015384674
1234,246800,-12.519024667739869
1235,247000,-12.540059604644775
1236,247200,-12.534258127212524
1237,247400,-12.415192465782166
1238,247600,-12.504953742027283
1239,247800,-12.444902663230897
1240,248000,-12.44483380317688
1241,248200,-12.362427997589112
1242,248400,-12.386772389411925
1243,248600,-12.322201418876649
1244,248800,-12.47249520301819
1245,249000,-12.272875790596009
1246,249200,-12.278549690246582
1247,249400,-11.848592550754548
1248,249600,-12.360102062225343
1249,249800,-12.445672779083251
1250,250000,-12.323942003250123
1251,250200,-12.33404168844223
1252,250400,-12.357102589607239
1253,250600,-12.37778609752655
1254,250800,-12.326325516700745
1255,251000,-12.304703221321105
1256,251200,-12.329975051879883
1257,251400,-12.34345771074295
1258,251600,-12.390511837005615
1259,251800,7.336260650157929
1260,252000,-8.962151392996311
1261,252200,-11.878322472572327
1262,252400,-12.11724874973297
1263,252600,-12.276769547462463
1264,252800,-12.400731196403504
1265,253000,-12.507677555084229
1266,253200,-12.526666927337647
1267,253400,-12.470568647384644
1268,253600,-12.475503644943238
1269,253800,-12.435529747009276
1270,254000,-12.411864871978759
1271,254200,-11.911288208961487
1272,254400,-12.438760371208192
1273,254600,-12.381756720542908
1274,254800,-12.417079167366028
1275,255000,-12.369440412521362
1276,255200,-12.29414475440979
1277,255400,-12.548507857322694
1278,255600,-12.449638886451721
1279,255800,-12.397789273262024
1280,256000,-12.473751974105834
1281,256200,-12.290861592292785
1282,256400,-12.42842447757721
1283,256600,-12.364020099639893
1284,256800,-12.302808141708374
1285,257000,-12.278705344200134
1286,257200,-12.451023712158204
1287,257400,-12.326413230895996
1288,257600,-12.462284717559815
1289,257800,-12.311809918880463
1290,258000,-12.212684056758881
1291,258200,-12.193617963790894
1292,258400,-12.43435040473938
1293,258600,-12.531558785438538
1294,258800,-12.382216515541076
1295,259000,-12.4019544172287
1296,259200,-12.368921928405761
1297,259400,-12.453219871520997
1298,259600,-12.53471776008606
1299,259800,-12.175471737384797
1300,260000,-12.431681461334229
1301,260200,-12.407376356124878
1302,260400,-12.492548251152039
1303,260600,-12.3413472032547
1304,260800,-12.29094940185547
1305,261000,-12.465721945762635
1306,261200,-12.518627996444701
1307,261400,-12.432487907409667
1308,261600,-12.3924777841568
1309,261800,-12.508196415901184
1310,262000,-12.546547789573669
1311,262200,-12.382484450340272
1312,262400,-12.379096980094909
1313,262600,-12.377501068115235
1314,262800,-9.536102232933045
1315,263000,-12.54176370859146
1316,263200,-12.64302234172821
1317,263400,-12.629040441513062
1318,263600,-12.550734486579895
1319,263800,-12.614435153007507
1320,264000,-12.584966044425965
1321,264200,-12.582572667598724
1322,264400,16.383448044508697
1323,264600,-11.60590129852295
1324,264800,-12.493738021850586
1325,265000,-12.606117997169495
1326,265200,-12.640073952674866
1327,265400,-12.647650475502013
1328,265600,-12.682893443107606
1329,265800,-12.648560671806335
1330,266000,-12.51539794921875
1331,266200,-12.623484110832214
1332,266400,-10.80822163194418
1333,266600,-12.33799711227417
1334,266800,-12.63178689956665
1335,267000,-12.658097701072693
1336,267200,-12.599030160903931
1337,267400,-12.543573338985443
1338,267600,-12.42662232875824
1339,267800,-12.431006627082825
1340,268000,-12.458083090782166
1341,268200,-12.479245023727417
1342,268400,-12.552668476104737
1343,268600,-12.52645815372467
1344,268800,-12.503230028152466
1345,269000,-12.46726688861847
1346,269200,-12.220656352043152
1347,269400,-12.584080798625946
1348,269600,-12.468927416801453
1349,269800,-12.528986301422119
1350,270000,-12.493551597595214
1351,270200,-12.480073962211609
1352,270400,-12.638598918914795
1353,270600,-12.437340474128723
1354,270800,-12.45830560207367
1355,271000,-12.494958214759826
1356,271200,-12.528989038467408
1357,271400,-12.432356119155884
1358,271600,-12.547288269996644
1359,271800,-12.448307042121888
1360,272000,-8.120364806577562
1361,272200,-12.759535579681396
1362,272400,-12.73964591026306
1363,272600,-12.71168170928955
1364,272800,-12.680343136787414
1365,273000,-12.564746193885803
1366,273200,-12.707093887329101
1367,273400,-12.530203537940979
1368,273600,-12.603931179046631
1369,273800,-12.605497436523438
1370,274000,-12.453598818778993
1371,274200,-12.545526962280274
1372,274400,-12.737202291488648
1373,274600,-12.523864817619323
1374,274800,-12.475433340072632
1375,275000,-12.576316509246826
1376,275200,-12.50797405719757
1377,275400,-11.949138836860657
1378,275600,-12.714355449676514
1379,275800,-10.970539692044259
1380,276000,-12.808959798812866
1381,276200,-12.682324414253236
1382,276400,-12.6763046169281
1383,276600,-12.658885159492492
1384,276800,-12.612263841629028
1385,277000,-12.61203118801117
1386,277200,-12.540804262161254
1387,277400,-12.613662066459655
1388,277600,-12.540775818824768
1389,277800,-12.52287528514862
1390,278000,-12.57174020767212
1391,278200,-12.517147130966187
1392,278400,-12.50832824230194
1393,278600,-12.547392339706422
1394,278800,-12.565228576660155
1395,279000,-12.579867334365845
1396,279200,-11.01604769334197
1397,279400,-12.466007440090179
1398,279600,-12.82777811050415
1399,279800,-12.792822165489197
1400,280000,-12.733109641075135
1401,280200,-12.619016780853272
1402,280400,-12.687052783966065
1403,280600,-12.638085122108459
1404,280800,-12.540509562492371
1405,281000,-12.473182988166808
1406,281200,-12.644837203025817
1407,281400,-12.657921557426453
1408,281600,-12.149116833209991
1409,281800,-12.796858253479003
1410,282000,-12.620033712387086
1411,282200,-12.724075484275819
1412,282400,-11.543092708587647
1413,282600,-12.795538959503174
1414,282800,-12.741155519485474
1415,283000,-11.706221700310707
1416,283200,-12.830663814544678
1417,283400,-12.805565719604493
1418,283600,-12.767902979850769
1419,283800,-12.783432059288025
1420,284000,-12.695101466178894
1421,284200,-12.547683057785035
1422,284400,-12.732034349441529
1423,284600,-12.671714758872985
1424,284800,-12.440088498592377
1425,285000,-12.739569764137268
1426,285200,-12.8007568025589
1427,285400,-2.4772422337532043
1428,285600,-12.8352481842041
1429,285800,-12.984835295677184
1430,286000,-12.99189398765564
1431,286200,-12.931655106544495
1432,286400,-12.302814115285873
1433,286600,-12.935024719238282
1434,286800,-12.86516607284546
1435,287000,-12.789305605888366
1436,287200,-12.800357542037965
1437,287400,47.7006152228266
1438,287600,-7.498333649635315
1439,287800,-10.525608150959014
1440,288000,-11.390443267822265
1441,288200,-11.690322909355164
1442,288400,-11.877267861366272
1443,288600,-12.067444033622742
1444,288800,-12.065520911216735
1445,289000,-12.100832562446595
1446,289200,-12.127263398170472
1447,289400,-12.172588305473328
1448,289600,-12.195832052230834
1449,289800,-12.17607916355133
1450,290000,-12.241228499412536
1451,290200,-12.13178539276123
1452,290400,-12.148001618385315
1453,290600,-11.945773479938508
1454,290800,-12.222556309700012
1455,291000,-12.285463171005249
1456,291200,-12.002496099472046
1457,291400,-12.393908705711365
1458,291600,-12.406655659675598
1459,291800,-12.410171575546265
1460,292000,-12.446111435890197
1461,292200,-12.348338775634765
1462,292400,-12.253230443000794
1463,292600,-12.382169895172119
1464,292800,-12.497071223258972
1465,293000,-12.525949211120606
1466,293200,-12.301147351264953
1467,293400,-12.490919976234435
1468,293600,-12.349926109313964
1469,293800,-12.387143630981445
1470,294000,-12.36084906578064
1471,294200,-12.497525234222412
1472,294400,-12.32144151687622
1473,294600,-12.37197777748108
1474,294800,-12.625837330818177
1475,295000,-11.697817532122135
1476,295200,-12.710998539924622
1477,295400,-12.699973921775818
1478,295600,-12.639984385967255
1479,295800,-12.186513459682464
1480,296000,-12.767482795715331
1481,296200,-12.693504199981689
1482,296400,-12.689526152610778
1483,296600,-12.649976208209992
1484,296800,-12.570877594947815
1485,297000,-12.701314291954041
1486,297200,-12.653426625728606
1487,297400,-12.801673321723937
1488,297600,-12.76304060459137
1489,297800,-12.734312081336975
1490,298000,-12.693932003974915
1491,298200,-12.655630526542664
1492,298400,-12.672111353874207
1493,298600,-12.64516749382019
1494,298800,-12.67613238811493
1495,299000,-12.763713893890381
1496,299200,-12.85577090740204
1497,299400,-12.72937358379364
1498,299600,-12.652845239639282
1499,299800,-12.373120317459106
1500,300000,-12.835793566703796
1501,300200,-12.725225715637206
1502,300400,-12.881430287361145
1503,300600,-12.830449061393738
1504,300800,-12.674833993911744
1505,301000,-12.815374746322632
1506,301200,-12.82456519126892
1507,301400,-12.807706861495971
1508,301600,9.774413673877715
1509,301800,-9.095190534293652
1510,302000,-12.315889763832093
1511,302200,-12.621815242767333
1512,302400,-12.733789691925049
1513,302600,-12.747812981605529
1514,302800,-12.68237808227539
1515,303000,-12.744134769439697
1516,303200,-12.764956073760986
1517,303400,-12.439118721485137
1518,303600,-12.782689695358277
1519,303800,-12.707676877975464
1520,304000,-12.799532346725464
1521,304200,-12.654261827468872
1522,304400,-12.784498991966247
1523,304600,-12.74932469844818
1524,304800,-12.681552863121032
1525,305000,-12.713672833442688
1526,305200,-12.54328203201294
1527,305400,-12.833362188339233
1528,305600,-12.7817342710495
1529,305800,-12.859151816368103
1530,306000,-12.754798927307128
1531,306200,-12.769600253105164
1532,306400,-12.703034167289735
1533,306600,-12.832397270202637
1534,306800,-12.78103150844574
1535,307000,-12.834010620117187
1536,307200,-12.514171981811524
1537,307400,-12.821336107254028
1538,307600,-12.845451278686523
1539,307800,-12.808662128448486
1540,308000,-12.837051796913148
1541,308200,-12.880287756919861
1542,308400,-12.742186930179596
1543,308600,-12.847685718536377
1544,308800,-12.718829214572906
1545,309000,-12.772848744392395
1546,309200,-12.774510293006896
1547,309400,-13.027068710327148
1548,309600,-12.630362493991852
1549,309800,-12.936861729621887
1550,310000,-12.823788771629333
1551,310200,-12.755269384384155
1552,310400,-12.841391816139222
1553,310600,-12.818557567596436
1554,310800,-12.821257085800172
1555,311000,-12.921238050460815
1556,311200,-12.844669346809388
1557,311400,-12.853618326187133
1558,311600,-12.773431506156921
1559,311800,-12.926227660179139
1560,312000,-12.919773678779602
1561,312200,-12.815669045448303
1562,312400,-12.892964115142822
1563,312600,-12.936438989639282
1564,312800,-12.89509443283081
1565,313000,-6.250114440023899
1566,313200,-13.21687316417694
1567,313400,-13.1863632106781
1568,313600,-13.13689218044281
1569,313800,-13.124735078811646
1570,314000,-13.021740057468413
1571,314200,-13.051668963432313
1572,314400,-12.98938283443451
1573,314600,-12.958019309043884
1574,314800,-13.023124709129334
1575,315000,-12.821334271430969
1576,315200,-12.892251381874084
1577,315400,-13.014331231117248
1578,315600,-12.661567149162293
1579,315800,-12.662111494541168
1580,316000,-13.062194380760193
1581,316200,-13.038802814483642
1582,316400,-12.584546692371369
1583,316600,-12.981954908370971
1584,316800,-12.965529313087464
1585,317000,-11.824935389310122
1586,317200,-12.501204150915147
1587,317400,-13.009718055725097
1588,317600,-12.849230685234069
1589,317800,-13.033646817207336
1590,318000,-12.930344824790955
1591,318200,-13.013529052734375
1592,318400,-12.859603872299195
1593,318600,-12.953816180229188
1594,318800,-12.987615456581116
1595,319000,-12.566872098445891
1596,319200,-13.042763814926147
1597,319400,-12.973721833229066
1598,319600,-12.898201203346252
1599,319800,-12.984009494781494
1600,320000,-13.081700644493104
1601,320200,-12.59097398519516
1602,320400,-13.071755003929137
1603,320600,-12.930668244361877
1604,320800,-12.90472158908844
1605,321000,-12.89701886177063
1606,321200,-12.920752964019776
1607,321400,-12.871809782981872
1608,321600,-12.972371921539306
1609,321800,-12.981327362060547
1610,322000,-12.934609594345092
1611,322200,-13.002268233299255
1612,322400,-12.958298029899597
1613,322600,-12.996132154464721
1614,322800,-12.661429646015167
1615,323000,-12.713805968761443
1616,323200,-13.084454278945923
1617,323400,-12.97418396472931
1618,323600,-12.991541075706483
1619,323800,-12.79443452835083
1620,324000,-13.118482823371886
1621,324200,-12.919723606109619
1622,324400,-13.008709528446197
1623,324600,-13.001551823616028
1624,324800,-12.989817876815795
1625,325000,-13.06762734889984
1626,325200,-12.983755807876587
1627,325400,-12.739770276546478
1628,325600,-13.127699613571167
1629,325800,-12.939240474700927
1630,326000,-13.06124713420868
1631,326200,-13.010983171463012
1632,326400,-12.858279221057892
1633,326600,-13.167348680496216
1634,326800,-13.05124665260315
1635,327000,-12.981825709342957
1636,327200,-13.080685434341431
1637,327400,-13.024486384391786
1638,327600,-13.038663468360902
1639,327800,-12.874487781524659
1640,328000,-12.98993320941925
1641,328200,-13.044751081466675
1642,328400,-13.059556517601013
1643,328600,-13.000748119354249
1644,328800,-12.998713030815125
1645,329000,-13.026609363555908
1646,329200,-13.174950680732728
1647,329400,-11.474212964177132
1648,329600,-13.309977035522461
1649,329800,-13.132779302597045
1650,330000,-13.085706071853638
1651,330200,-13.136821980476379
1652,330400,-12.942127366065979
1653,330600,-13.084060716629029
1654,330800,-13.071598615646362
1655,331000,-13.122601437568665
1656,331200,-12.999203295707703
1657,331400,-13.125797972679138
1658,331600,-13.099593224525451
1659,331800,-13.027923274040223
1660,332000,-12.202929733991622
1661,332200,-13.226265001296998
1662,332400,-13.202037887573242
1663,332600,-13.033290514945984
1664,332800,-13.06475043296814
1665,333000,-13.045325441360474
1666,333200,-13.123865084648132
1667,333400,-13.216997876167298
1668,333600,-13.149978647232055
1669,333800,-12.977580494880677
1670,334000,-13.144000668525695
1671,334200,-13.024119415283202
1672,334400,-13.187262692451476
1673,334600,-12.993900003433227
1674,334800,-12.999112453460693
1675,335000,-13.054923105239869
1676,335200,-13.208234791755677
1677,335400,-13.034754762649536
1678,335600,-13.059654316902161
1679,335800,-13.027892503738403
1680,336000,-13.087627987861634
1681,336200,-13.11276466846466
1682,336400,-13.229039597511292
1683,336600,-13.043176045417786
1684,336800,-13.143850336074829
1685,337000,-13.057534856796265
1686,337200,-13.07516664981842
1687,337400,-13.122089457511901
1688,337600,-12.971816778182983
1689,337800,-13.053630180358887
1690,338000,-13.161721534729004
1691,338200,-13.156619033813477
1692,338400,-13.186850628852845
1693,338600,-5.516243940740824
1694,338800,-12.795483617782592
1695,339000,-13.12337170600891
1696,339200,-13.200435848236085
1697,339400,-13.3305672454834
1698,339600,-13.299753160476685
1699,339800,-13.251801981925965
1700,340000,-13.246776518821717
1701,340200,-13.132135782241821
1702,340400,-13.20911217212677
1703,340600,-13.081571907997132
1704,340800,-13.123238625526428
1705,341000,-13.148146080970765
1706,341200,-13.22634816646576
1707,341400,-13.132899370193481
1708,341600,-13.103470659255981
1709,341800,-13.068447875976563
1710,342000,-13.10180227279663
1711,342200,-13.184072093963623
1712,342400,-13.111975722312927
1713,342600,-13.12514765739441
1714,342800,-13.255748209953309
1715,343000,-10.512547172605991
1716,343200,-13.39610315322876
1717,343400,-13.387503862380981
1718,343600,-13.267227215766907
1719,343800,-13.323982763290406
1720,344000,-12.046063137054443
1721,344200,-12.665613229274749
1722,344400,-13.346131362915038
1723,344600,-13.39040343284607
1724,344800,-13.244346933364868
1725,345000,-13.29347843170166
1726,345200,-13.08345555782318
1727,345400,-13.120990171432496
1728,345600,-13.169016819000245
1729,345800,-13.202574930191041
1730,346000,-13.189269938468932
1731,346200,-13.196868181228638
1732,346400,-13.22116560459137
1733,346600,-13.06736261844635
1734,346800,-13.215240244865418
1735,347000,1.74329221829772
1736,347200,-9.540029242634773
1737,347400,-13.25397159576416
1738,347600,-13.421452026367188
1739,347800,-13.424693918228149
1740,348000,-13.44108069419861
1741,348200,-13.32782320022583
1742,348400,-13.356339406967162
1743,348600,-13.365722613334656
1744,348800,-12.753755314350128
1745,349000,-13.35918725013733
1746,349200,-13.286181259155274
1747,349400,-13.287480516433716
1748,349600,-13.23669481754303
1749,349800,-13.236448283195495
1750,350000,-13.236912479400635
1751,350200,-13.049890813827515
1752,350400,100.87736395835877
1753,350600,12.422064566612244
1754,350800,-0.8930757432058454
1755,351000,-7.213480114936829
1756,351200,-9.728054127693177
1757,351400,-10.866624760627747
1758,351600,-11.462259125709533
1759,351800,-11.894298343658447
1760,352000,-12.124630947113037
1761,352200,-12.272447657585143
1762,352400,-12.301295475959778
1763,352600,-12.40316719532013
1764,352800,-12.40530381679535
1765,353000,-12.565669264793396
1766,353200,-12.605298705101013
1767,353400,-12.57085551261902
1768,353600,-12.662656931877136
1769,353800,-12.513002848625183
1770,354000,-12.660185589790345
1771,354200,-12.644221091270447
1772,354400,-12.616611108779907
1773,354600,-12.623946628570557
1774,354800,-12.662566809654235
1775,355000,-12.661997210979461
1776,355200,-11.148115764707327
1777,355400,-12.643903958797456
1778,355600,-12.924950714111327
1779,355800,-12.85211856842041
1780,356000,-12.839112119674683
1781,356200,-12.792085132598878
1782,356400,-12.863100032806397
1783,356600,-12.762953372001649
1784,356800,-12.849511766433716
1785,357000,-12.895040383338928
1786,357200,-12.809705276489257
1787,357400,-5.978530994355679
1788,357600,-12.849844779968262
1789,357800,-13.065483803749084
1790,358000,-13.128962659835816
1791,358200,-13.103112936019897
1792,358400,-13.052917966842651
1793,358600,-12.923969159126282
1794,358800,-12.97394688129425
1795,359000,-12.905447745323182
1796,359200,20.139056122899056
1797,359400,-11.733281021118165
1798,359600,-12.860482096672058
1799,359800,-12.992490196228028
1800,360000,-13.055984649658203
1801,360200,-13.056393575668334
1802,360400,-12.99478815317154
1803,360600,-12.966659021377563
1804,360800,-13.083442640304565
1805,361000,-12.963735864162444
1806,361200,-12.037715576291085
1807,361400,-13.092676930427551
1808,361600,-13.107293906211853
1809,361800,-12.958551878929137
1810,362000,-13.022657294273376
1811,362200,-12.933189730644227
1812,362400,-12.9663800573349
1813,362600,-12.899544296264649
1814,362800,-12.913596177101136
1815,363000,-12.949215049743652
1816,363200,-12.85757472038269
1817,363400,-12.927629737854003
1818,363600,-12.97200987815857
1819,363800,-12.976764726638795
1820,364000,-12.88762336730957
1821,364200,-12.887576847076415
1822,364400,-12.964362225532533
1823,364600,-12.93925364971161
1824,364800,-12.96378493309021
1825,365000,-13.056883096694946
1826,365200,-12.878780431747437
1827,365400,-13.062583084106445
1828,365600,-12.353095154762268
1829,365800,-10.128493706993758
1830,366000,-13.277582278251648
1831,366200,-13.229703097343444
1832,366400,-13.145629253387451
1833,366600,-13.149651098251343
1834,366800,-13.241437945365906
1835,367000,-13.176994280815125
1836,367200,-12.95720043182373
1837,367400,-12.919404358863831
1838,367600,-13.113567466735839
1839,367800,-13.063439502716065
1840,368000,-13.056535048484802
1841,368200,-13.136675281524658
1842,368400,-13.082377791404724
1843,368600,-12.924030141830444
1844,368800,-13.07790105342865
1845,369000,-13.089010243415833
1846,369200,-12.901673684120178
1847,369400,-12.921118307113648
1848,369600,-13.191631412506103
1849,369800,-13.054653615951539
1850,370000,-13.069668354988098
1851,370200,-13.21025896549225
1852,370400,-12.687089903354645
1853,370600,-13.235988030433655
1854,370800,-13.221700954437257
1855,371000,-13.157660918235779
1856,371200,-13.172674794197082
1857,371400,-13.143454785346984
1858,371600,-13.023801126480102
1859,371800,-10.811985264420509
1860,372000,-13.247550842761994
1861,372200,-13.380143356323241
1862,372400,-13.277111268043518
1863,372600,-13.089707884788513
1864,372800,-13.04527349948883
1865,373000,-13.394272079467774
1866,373200,-13.267056384086608
1867,373400,-13.198588013648987
1868,373600,-13.243735795021058
1869,373800,-13.094269742965698
1870,374000,-13.164392323493958
1871,374200,-13.148921809196473
1872,374400,-13.188529887199401
1873,374600,-13.129258456230163
1874,374800,-12.89364901304245
1875,375000,-13.314327175617217
1876,375200,-13.295215682983399
1877,375400,-13.231005816459655
1878,375600,-13.190091276168824
1879,375800,-13.168470554351806
1880,376000,-13.165586080551147
1881,376200,-13.260068097114562
1882,376400,-10.855448224544524
1883,376600,-13.447864489555359
1884,376800,-13.482627882957459
1885,377000,-13.317823143005372
1886,377200,-13.389690446853638
1887,377400,-13.212590427398682
1888,377600,-13.238935132026672
1889,377800,-13.279012041091919
1890,378000,-13.177050457000732
1891,378200,-13.230175552368165
1892,378400,-13.308941736221314
1893,378600,-13.264276990890503
1894,378800,-13.213273496627808
1895,379000,-13.165151143074036
1896,379200,-13.248656873703004
1897,379400,-13.112207236289978
1898,379600,-13.312008380889893
1899,379800,-13.224605956077575
1900,380000,-13.217978301048278
1901,380200,-13.319549355506897
1902,380400,-13.146965618133544
1903,380600,-13.323500747680663
1904,380800,-13.216453514099122
1905,381000,-13.198777647018433
1906,381200,-13.264134049415588
1907,381400,-13.214705891609192
1908,381600,-13.311801590919494
1909,381800,-13.262407741546632
1910,382000,-13.356398391723634
1911,382200,-11.68425439670682
1912,382400,-13.453165507316589
1913,382600,-13.393173298835755
1914,382800,-13.312777190208434
1915,383000,-13.262045307159424
1916,383200,-13.406003952026367
1917,383400,-13.34187644481659
1918,383600,-13.164015159606933
1919,383800,-13.368691201210021
1920,384000,-13.367538623809814
1921,384200,-13.237711877822877
1922,384400,-13.312106518745422
1923,384600,-13.22299385547638
1924,384800,-13.410904593467713
1925,385000,-13.21100802898407
1926,385200,-13.359175691604614
1927,385400,-13.235120959281922
1928,385600,-13.328218641281127
1929,385800,-13.341909532546998
1930,386000,-13.215778036117554
1931,386200,-13.36541286945343
1932,386400,-13.283973708152772
1933,386600,-13.294568948745727
1934,386800,-13.371744952201844
1935,387000,-13.326412777900696
1936,387200,-13.40760124206543
1937,387400,-13.234103298187256
1938,387600,-13.293141207695008
1939,387800,-13.479263162612915
1940,388000,-13.347412786483766
1941,388200,-13.378430843353271
1942,388400,-13.424439797401428
1943,388600,-13.34608904838562
1944,388800,-13.192308712005616
1945,389000,-13.434687442779541
1946,389200,-13.220442051887511
1947,389400,-13.40749571800232
1948,389600,-13.340203003883362
1949,389800,-13.402651948928833
1950,390000,-13.365828075408935
1951,390200,-13.349342608451844
1952,390400,-13.485449981689452
1953,390600,-13.171638131141663
1954,390800,-13.398887133598327
1955,391000,-13.39356590270996
1956,391200,-13.367956314086914
1957,391400,-12.586805102825165
1958,391600,-13.629386515617371
1959,391800,-13.47835244655609
1960,392000,-13.478628840446472
1961,392200,-2.1202751442790033
1962,392400,-13.72633973121643
1963,392600,-13.724111337661743
1964,392800,-13.790518498420715
1965,393000,-13.74796775341034
1966,393200,-13.703300161361694
1967,393400,-13.681664819717406
1968,393600,-13.701713814735413
1969,393800,-13.527884244918823
1970,394000,-13.375903449058534
1971,394200,96.93625871896744
1972,394400,0.3327029323577881
1973,394600,-7.799912416934967
1974,394800,-10.485567519664764
1975,395000,-11.697926669120788
1976,395200,-12.411238074302673
1977,395400,-12.664059233665466
1978,395600,-12.807965359687806
1979,395800,-12.8784996509552
1980,396000,-12.933951716423035
1981,396200,-12.861884651184083
1982,396400,-12.975606002807616
1983,396600,-12.987804479599
1984,396800,-13.001123967170715
1985,397000,-12.96609869003296
1986,397200,-12.905613741874696
1987,397400,-12.93992292881012
1988,397600,-12.847454738616943
1989,397800,-12.92291919708252
1990,398000,-12.97227490901947
1991,398200,-13.078423070907593
1992,398400,-13.010954475402832
1993,398600,-13.10053032398224
1994,398800,-12.992880606651307
1995,399000,-13.001028914451599
1996,399200,-12.999416718482971
1997,399400,-13.148209700584411
1998,399600,-13.049616503715516
1999,399800,-12.980344815254211
2000,400000,-13.050984544754028
2001,400200,-12.910507082939148
2002,400400,-13.176623382568359
2003,400600,-12.966363120079041
2004,400800,-12.671534340381623
2005,401000,-13.223064823150635
2006,401200,-13.22846782207489
2007,401400,-13.017035274505615
2008,401600,-13.23136278629303
2009,401800,-12.995271453857422
2010,402000,-13.07941192150116
2011,402200,-13.170922150611878
2012,402400,-13.11133833885193
2013,402600,-13.067686214447022
2014,402800,-13.168954963684081
2015,403000,-13.141124334335327
2016,403200,-13.11980134010315
2017,403400,-13.238396763801575
2018,403600,-13.211983041763306
2019,403800,-13.160254921913147
2020,404000,-13.21068308353424
2021,404200,-13.151549482345581
2022,404400,-13.24298005580902
2023,404600,-13.14157910823822
2024,404800,-13.218805265426635
2025,405000,-13.214021110534668
2026,405200,-13.234267272949218
2027,405400,-13.286677131652832
2028,405600,-13.04880132675171
2029,405800,-13.283176927566528
2030,406000,-13.221287841796874
2031,406200,-13.181611151695252
2032,406400,-13.230928950309753
2033,406600,-13.256140966415405
2034,406800,-13.160252838134765
2035,407000,-13.33669165611267
2036,407200,-12.985962409973144
2037,407400,-13.369209189414978
2038,407600,-13.310050764083861
2039,407800,-13.30981436252594
2040,408000,-13.342894053459167
2041,408200,-13.288194427490234
2042,408400,-13.269828419685364
2043,408600,-13.336394095420838
2044,408800,-13.339817686080933
2045,409000,-13.12862681865692
2046,409200,-13.390932893753051
2047,409400,-13.33834490776062
2048,409600,-13.294145736694336
2049,409800,-13.33208468914032
2050,410000,-13.263509440422059
2051,410200,-13.202601799964905
2052,410400,-13.506717705726624
2053,410600,-13.33472954750061
2054,410800,-13.375416889190674
2055,411000,-13.43505301952362
2056,411200,-13.36129635810852
2057,411400,-13.269034323692322
2058,411600,-13.438154907226563
2059,411800,-13.210379133224487
2060,412000,-13.297754831314087
2061,412200,-13.393045220375061
2062,412400,-13.358272428512572
2063,412600,-13.286735544204712
2064,412800,-13.504004917144776
2065,413000,-13.332690358161926
2066,413200,-13.25194429397583
2067,413400,-13.428576340675354
2068,413600,-13.400843844413757
2069,413800,-12.855042896270753
2070,414000,-13.52792076587677
2071,414200,-13.367235927581786
2072,414400,-13.55531726360321
2073,414600,-13.413233480453492
2074,414800,-13.473625955581666
2075,415000,-11.350578882694244
2076,415200,-12.830908544510603
2077,415400,-13.686605033874512
2078,415600,-13.644681043624878
2079,415800,-13.558934750556945
2080,416000,-13.64047948360443
2081,416200,-13.352192375659943
2082,416400,-13.431596865653992
2083,416600,-13.51194034576416
2084,416800,-9.820613597929478
2085,417000,-13.68614562034607
2086,417200,-13.598993883132934
2087,417400,-13.51761100769043
2088,417600,-13.584762024879456
2089,417800,-13.631524920463562
2090,418000,-13.476742858886718
2091,418200,-3.091597778722644
2092,418400,-13.706499853134154
2093,418600,-13.759462323188782
2094,418800,-13.665152416229247
2095,419000,5.2902635500580075
2096,419200,-13.205912895202637
2097,419400,-13.669064402580261
2098,419600,-13.68782371520996
2099,419800,-13.723353509902955
2100,420000,-13.686764316558838
2101,420200,-13.640597805976867
2102,420400,-13.689147539138794
2103,420600,-13.574521780014038
2104,420800,-13.486422963142395
2105,421000,-13.532894439697266
2106,421200,-12.795502398014069
2107,421400,-13.657434525489807
2108,421600,-13.569486012458801
2109,421800,-13.56468297481537
2110,422000,-13.461959347724914
2111,422200,-13.391389422416687
2112,422400,-13.149653005599976
2113,422600,-13.531014599800109
2114,422800,-13.56832860469818
2115,423000,-13.387429804801942
2116,423200,-13.332557921409608
2117,423400,-13.510070185661316
2118,423600,-13.480117893218994
2119,423800,-13.356901068687439
2120,424000,-13.513390960693359
2121,424200,-13.405050835609437
2122,424400,-13.456046867370606
2123,424600,-13.462980551719665
2124,424800,-13.479235711097717
2125,425000,-13.336008400917054
2126,425200,-13.480368165969848
2127,425400,-13.587773385047912
2128,425600,-13.60311294078827
2129,425800,-13.495181937217712
2130,426000,-13.292353396415711
2131,426200,-13.528359699249268
2132,426400,-13.565448246002198
2133,426600,-13.472927279472351
2134,426800,-13.556551494598388
2135,427000,-13.352579126358032
2136,427200,-13.627809109687805
2137,427400,-13.64553258895874
2138,427600,-13.566518421173095
2139,427800,-13.32458173751831
2140,428000,-13.427904572486877
2141,428200,-13.677064762115478
2142,428400,-13.317564039230346
2143,428600,-13.614701581001281
2144,428800,-13.674779648780822
2145,429000,-13.664163794517517
2146,429200,-13.408988943099976
2147,429400,-13.307282452583314
2148,429600,-13.648228332996368
2149,429800,-13.552410802841187
2150,430000,-13.359633040428161
2151,430200,-13.732497596740723
2152,430400,-12.76161738395691
2153,430600,-13.670673632621765
2154,430800,-13.73125813961029
2155,431000,-13.683473553657532
2156,431200,-13.6382008934021
2157,431400,-13.559672293663025
2158,431600,-13.608931856155396
2159,431800,-13.589823336601258
2160,432000,-13.616703567504883
2161,432200,-13.670483384132385
2162,432400,-13.552806835174561
2163,432600,-13.640249857902527
2164,432800,-13.566368551254273
2165,433000,-13.605756425857544
2166,433200,-13.64898323059082
2167,433400,-12.301087407916784
2168,433600,-13.735890693664551
2169,433800,-13.826121811866761
2170,434000,-13.66302312374115
2171,434200,-13.805215845108032
2172,434400,-13.308145699501038
2173,434600,-13.706023650169373
2174,434800,-13.716548166275025
2175,435000,-13.739114723205567
2176,435200,-13.119661207199096
2177,435400,-13.744621486663819
2178,435600,-13.706697974205017
2179,435800,-13.573023858070373
2180,436000,-13.786763391494752
2181,436200,-13.63429383277893
2182,436400,-13.659553961753845
2183,436600,-13.233510922193528
2184,436800,43.54937802821398
2185,437000,-10.43609914779663
2186,437200,-12.608527164459229
2187,437400,-13.267301392555236
2188,437600,-13.698722901344299
2189,437800,-13.802592039108276
2190,438000,-13.875350461006164
2191,438200,-13.845804080963134
2192,438400,-13.790000443458558
2193,438600,-13.396753056049347
2194,438800,-13.887668418884278
2195,439000,-13.77592948436737
2196,439200,-13.736879372596741
2197,439400,-13.728850479125976
2198,439600,-13.693437252044678
2199,439800,-13.735456795692444
2200,440000,-13.591723475456238
2201,440200,-13.654038591384888
2202,440400,-13.518875069618225
2203,440600,-13.50633559703827
2204,440800,-13.717601671218873
2205,441000,-13.675669350624084
2206,441200,-13.610905237197876
2207,441400,-13.540133528709411
2208,441600,-13.548130779266357
2209,441800,-13.284072785377502
2210,442000,-13.679570093154908
2211,442200,-13.737025451660156
2212,442400,-13.765853381156921
2213,442600,-13.681499280929565
2214,442800,-13.299845700263978
2215,443000,-13.716215271949768
2216,443200,-13.756621136665345
2217,443400,-13.62038549900055
2218,443600,-13.618184313774108
2219,443800,-13.616843819618225
2220,444000,-13.577099919319153
2221,444200,-13.787500286102295
2222,444400,-13.534158887863159
2223,444600,-13.57015021800995
2224,444800,-13.605748624801636
2225,445000,-13.638231234550476
2226,445200,-13.845179915428162
2227,445400,-13.73465422153473
2228,445600,-13.61144690990448
2229,445800,-13.470225830078125
2230,446000,-13.830592713356019
2231,446200,-13.740850667953492
2232,446400,-13.575338950157166
2233,446600,-13.835696859359741
2234,446800,-13.817353205680847
2235,447000,-13.706614990234375
2236,447200,-13.749786872863769
2237,447400,-13.679508681297301
2238,447600,-13.723608150482178
2239,447800,-13.645693135261535
2240,448000,-13.62435486316681
2241,448200,-13.803399958610534
2242,448400,-13.676708884239197
2243,448600,-13.550176954269409
2244,448800,-13.849241070747375
2245,449000,-13.84009392261505
2246,449200,-13.635315794944763
2247,449400,-13.763432478904724
2248,449600,-13.722611765861512
2249,449800,-13.764695992469788
2250,450000,-13.72368166923523
2251,450200,-13.785357842445373
2252,450400,-13.407853028774262
2253,450600,-13.939616799354553
2254,450800,-13.92493103981018
2255,451000,-13.728588037490844
2256,451200,-13.712597970962525
2257,451400,-13.419686365127564
2258,451600,-13.813058338165284
2259,451800,-13.904158844947816
2260,452000,-13.822947454452514
2261,452200,-13.757984218597413
2262,452400,-13.819581685066224
2263,452600,-13.766364402770996
2264,452800,-13.243791017532349
2265,453000,-14.003351068496704
2266,453200,-13.882121987342835
2267,453400,-13.889322285652161
2268,453600,-13.778245582580567
2269,453800,-13.886919174194336
2270,454000,-13.816645994186402
2271,454200,-13.775224995613097
2272,454400,-13.751315770149231
2273,454600,-13.618700437545776
2274,454800,-13.860774884223938
2275,455000,-13.797624688148499
2276,455200,-13.928469862937927
2277,455400,-13.702280802726746
2278,455600,-13.243836405277252
2279,455800,-13.99053412914276
2280,456000,-13.895213928222656
2281,456200,-13.762234182357789
2282,456400,-13.991778206825256
2283,456600,-13.721556730270386
2284,456800,-13.7972345161438
2285,457000,-13.905055828094483
2286,457200,-13.749068756103515
2287,457400,-2.9437662474811077
2288,457600,-14.211271452903748
2289,457800,-14.196917476654052
2290,458000,-14.186484379768372
2291,458200,-14.146720032691956
2292,458400,-14.081979112625122
2293,458600,-14.122608366012573
2294,458800,-14.087304100990295
2295,459000,-14.024143452644347
2296,459200,-13.913867359161378
2297,459400,-13.902375555038452
2298,459600,-13.91188895702362
2299,459800,-13.876571035385131
2300,460000,-13.835325870513916
2301,460200,-13.783044939041138
2302,460400,-13.605336437225342
2303,460600,-13.91475522518158
2304,460800,-13.846574325561523
2305,461000,-13.920899119377136
2306,461200,-13.828516507148743
2307,461400,-13.810420460700989
2308,461600,-13.8189457654953
2309,461800,-13.834659395217896
2310,462000,-13.89705292224884
2311,462200,-13.989889698028565
2312,462400,-13.68622040271759
2313,462600,-13.800600333213806
2314,462800,-13.632109656333924
2315,463000,-13.937168707847595
2316,463200,-13.89164035320282
2317,463400,-13.852851371765137
2318,463600,-13.851051006317139
2319,463800,-13.932758145332336
2320,464000,-13.945276613235473
2321,464200,-14.002015872001648
2322,464400,-13.842794938087463
2323,464600,-13.855824670791627
2324,464800,-13.592902884483337
2325,465000,-13.946081304550171
2326,465200,-13.989981741905213
2327,465400,-13.66488085746765
2328,465600,-13.960656032562255
2329,465800,-13.945700211524963
2330,466000,-12.804678978919982
2331,466200,-13.397837997078895
2332,466400,-14.079950256347656
2333,466600,-14.061514205932617
2334,466800,-13.651357424259185
2335,467000,15.361463388055563
2336,467200,-13.96255304813385
2337,467400,-14.248019771575928
2338,467600,-14.18871250629425
2339,467800,-14.278861117362975
2340,468000,-14.222929916381837
2341,468200,-14.177862758636474
2342,468400,-14.205029067993165
2343,468600,-14.11467360496521
2344,468800,-14.009331941604614
2345,469000,-14.060421605110168
2346,469200,-14.003489718437194
2347,469400,-13.980187268257142
2348,469600,-13.950257081985473
2349,469800,-13.787361001968383
2350,470000,-13.888927960395813
2351,470200,-13.137473535537719
2352,470400,-14.015093593597411
2353,470600,-13.968913474082946
2354,470800,-13.252465536594391
2355,471000,-14.073377223014832
2356,471200,-14.018311247825622
2357,471400,-14.007655272483825
2358,471600,-14.056936898231505
2359,471800,-11.82194209061563
2360,472000,-14.179916667938233
2361,472200,-14.144553604125976
2362,472400,-14.055052957534791
2363,472600,-13.989351873397828
2364,472800,-13.897592754364014
2365,473000,-14.05629533290863
2366,473200,-13.695183525085449
2367,473400,-14.056790647506714
2368,473600,-14.02178367137909
2369,473800,-13.874899110794068
2370,474000,-13.858738312721252
2371,474200,-13.959130730628967
2372,474400,-13.661907780170441
2373,474600,-14.099582796096803
2374,474800,-14.005662078857421
2375,475000,-13.895458087921142
2376,475200,-14.012607984542846
2377,475400,-13.952678308486938
2378,475600,-13.94774446964264
2379,475800,-13.873711676597596
2380,476000,-13.822730226516724
2381,476200,-13.93913996219635
2382,476400,-14.055422964096069
2383,476600,-13.94164707660675
2384,476800,-13.9248077583313
2385,477000,-12.983639976978303
2386,477200,-14.15586308479309
2387,477400,-14.16055345058441
2388,477600,-14.063051824569703
2389,477800,-14.065679044723511
2390,478000,-14.122003011703491
2391,478200,-12.265722236633302
2392,478400,-14.29745970249176
2393,478600,-14.161827278137206
2394,478800,-14.164799098968507
2395,479000,-13.978471808433532
2396,479200,-13.948514270782471
2397,479400,-13.915314030647277
2398,479600,-14.083408408164978
2399,479800,-13.859240779876709
2400,480000,-13.910804364681244
2401,480200,-14.05264847278595
2402,480400,-14.037442564964294
2403,480600,-14.032761211395263
2404,480800,-13.993740119934081
2405,481000,-14.000370907783509
2406,481200,-14.061337332725525
2407,481400,-13.988045115470886
2408,481600,-13.855831274986267
2409,481800,-13.982754435539245
2410,482000,-14.038110651969909
2411,482200,-13.620493271946907
2412,482400,-10.905494814217091
2413,482600,-14.325967416763305
2414,482800,-14.285374183654785
2415,483000,-14.227831707000732
2416,483200,-14.116322011947632
2417,483400,-14.011449875831604
2418,483600,-14.088150367736816
2419,483800,-14.086209545135498
2420,484000,-14.146928730010986
2421,484200,-10.323666999340057
2422,484400,-14.382557644844056
2423,484600,-14.281707854270936
2424,484800,-14.19698899269104
2425,485000,-14.243072199821473
2426,485200,-14.275215845108033
2427,485400,-14.165938129425049
2428,485600,-14.158612809181214
2429,485800,-14.180019416809081
2430,486000,-14.099973030090332
2431,486200,-13.836408863067627
2432,486400,-14.246326694488525
2433,486600,-13.792020835876464
2434,486800,-9.159560930728912
2435,487000,-14.229897303581238
2436,487200,-14.36747917175293
2437,487400,-14.392577438354492
2438,487600,-14.238388059139252
2439,487800,-14.188631172180175
2440,488000,-14.212328238487244
2441,488200,-14.0536891746521
2442,488400,-14.233430700302124
2443,488600,-13.851273083686829
2444,488800,-14.065964937210083
2445,489000,-14.074009981155395
2446,489200,-14.147424354553223
2447,489400,-14.188816170692444
2448,489600,-13.822989768981934
2449,489800,-14.089835381507873
2450,490000,-14.029034299850464
2451,490200,-14.079112524986266
2452,490400,-13.971619291305542
2453,490600,-14.119116463661193
2454,490800,-14.02173867702484
2455,491000,-14.12541766166687
2456,491200,-14.08758924484253
2457,491400,-14.107643308639526
2458,491600,-13.831837067604065
2459,491800,-13.811664147377014
2460,492000,-14.121540851593018
2461,492200,-14.077190790176392
2462,492400,-14.138543605804443
2463,492600,-14.020873818397522
2464,492800,-13.985977597236634
2465,493000,-14.10968029499054
2466,493200,-14.02773289680481
2467,493400,-14.126421542167664
2468,493600,-14.062888731956482
2469,493800,-13.694822385311127
2470,494000,-14.199497213363648
2471,494200,-14.147557464838028
2472,494400,-3.092428870052099
2473,494600,-14.406039032936096
2474,494800,-14.46093150138855
2475,495000,-14.473274059295655
2476,495200,-14.334084844589233
2477,495400,-14.398446979522705
2478,495600,-14.161157603263854
2479,495800,-14.171879940032959
2480,496000,-14.185258378982544
2481,496200,-14.29760925769806
2482,496400,-14.023473587036133
2483,496600,-14.083132095336914
2484,496800,-14.204946928024292
2485,497000,-13.579857182502746
2486,497200,-14.247045707702636
2487,497400,-14.268261041641235
2488,497600,-14.025190625190735
2489,497800,-14.166809043884278
2490,498000,-14.196021628379821
2491,498200,-13.96697684764862
2492,498400,-14.231172194480896
2493,498600,-14.127956013679505
2494,498800,-13.829924573898316
2495,499000,-14.200840363502502
2496,499200,-14.047989649772644
2497,499400,-12.986845662593842
2498,499600,-14.271985096931457
2499,499800,-14.31565818786621
2500,500000,-13.968982281684875
