1,2000,0.12269303160872005
2,4000,0.23045356329530478
3,6000,0.26978419318050145
4,8000,0.30882211845368146
5,10000,0.3388191748037934
6,12000,0.3665496794655919
7,14000,0.3970869164913893
8,16000,0.4163602036386728
9,18000,0.4366248552650213
10,20000,0.45530573910474775
11,22000,0.4759198323339224
12,24000,0.4878129796534777
13,26000,0.5062106876373291
14,28000,0.5242591489255428
15,30000,0.525803325265646
16,32000,0.5484751352518797
17,34000,0.5570439448952675
18,36000,0.5678239052444697
19,38000,0.5738612328469753
20,40000,0.5758039431124926
21,42000,0.5845033932924271
22,44000,0.5941670260131359
23,46000,0.6078662410378456
24,48000,0.6056681156754494
25,50000,0.603844743847847
26,52000,0.6080169243514538
27,54000,0.6231040485054254
28,56000,0.6263060147762298
29,58000,0.640728469580412
30,60000,0.6302904531061649
31,62000,0.64659306666255
32,64000,0.6433897840082645
33,66000,0.6494314241558313
34,68000,0.6481092648208141
35,70000,0.6583262938261032
36,72000,0.6602134029567241
37,74000,0.6641317217797041
38,76000,0.6665160244107247
39,78000,0.6710129535496235
40,80000,0.6617183351069689
41,82000,0.6795760218501091
42,84000,0.6778437512367964
43,86000,0.6806965465694665
44,88000,0.6826909584701061
45,90000,0.6845893822610378
46,92000,0.6783867439776659
47,94000,0.6907039709091186
48,96000,0.6843447044193744
49,98000,0.6906765820533037
50,100000,0.6817459148466587
51,102000,0.6837567604929209
52,104000,0.6900572095066309
53,106000,0.6913534203767776
54,108000,0.6961373516470194
55,110000,0.7057061397582293
56,112000,0.7038431517332793
57,114000,0.6982595488578082
58,116000,0.6924646532833576
59,118000,0.7148897088468075
60,120000,0.7028913418203593
61,122000,0.717439513295889
62,124000,0.7134398744851351
63,126000,0.7056951277107001
64,128000,0.7255644833594561
65,130000,0.7150843444615602
66,132000,0.7142702162414789
67,134000,0.7224228993952274
68,136000,0.7258671714514494
69,138000,0.7242246430367232
70,140000,0.7324993043541909
71,142000,0.7233925364464522
72,144000,0.7425730908066034
73,146000,0.7349680516123772
74,148000,0.7288967050611973
75,150000,0.7373059072196484
76,152000,0.7444619869738818
77,154000,0.7437061682492495
78,156000,0.7398333420604467
79,158000,0.7416044735461473
80,160000,0.7518509703874589
81,162000,0.750762194737792
82,164000,0.7432992758154869
83,166000,0.759786211669445
84,168000,0.755596513479948
85,170000,0.7486819573193788
86,172000,0.7556561836153268
87,174000,0.7536984946727753
88,176000,0.7636607411205769
89,178000,0.7555948356837034
90,180000,0.768298316821456
91,182000,0.7602961775362491
92,184000,0.7688642858862876
93,186000,0.769758910343051
94,188000,0.7698878368735314
95,190000,0.7640907077491284
96,192000,0.7702227617800236
97,194000,0.7698719364106655
98,196000,0.7667968880832196
99,198000,0.7775328455120325
100,200000,0.7748782399594784
101,202000,0.7837705125063658
102,204000,0.770843537658453
103,206000,0.7709591094851493
104,208000,0.7869467868804931
105,210000,0.7740036016106605
106,212000,0.7881943204700946
107,214000,0.7780979011356831
108,216000,0.781421103194356
109,218000,0.7837503532171249
110,220000,0.7883158924132585
111,222000,0.7786346885710954
112,224000,0.7801071454286576
113,226000,0.7839970836937428
114,228000,0.7881233192831277
115,230000,0.7864515436291695
116,232000,0.796223399579525
117,234000,0.7800423696786165
118,236000,0.7921119945645332
119,238000,0.7907551048994065
120,240000,0.7849484454542398
121,242000,0.7921384643018246
122,244000,0.7916313575506211
123,246000,0.7843259350657463
124,248000,0.7911883943974972
125,250000,0.7959283834248781
126,252000,0.7955852982997894
127,254000,0.8034817382395267
128,256000,0.8039840259552002
129,258000,0.7953007759749889
130,260000,0.7915254947990179
131,262000,0.7935875944793225
132,264000,0.8018780717551708
133,266000,0.8023980499505997
134,268000,0.7881709413081408
135,270000,0.7982328338623047
136,272000,0.8030122683942318
137,274000,0.8038581992387772
138,276000,0.800078853264451
139,278000,0.7916439193040132
140,280000,0.7956518678218126
141,282000,0.7946923460066319
142,284000,0.8034668465256691
143,286000,0.8148735699653625
144,288000,0.8058167307078838
145,290000,0.7901437540650368
146,292000,0.8096587709188461
147,294000,0.8063282054066658
148,296000,0.7970259099602699
149,298000,0.8004773800671101
150,300000,0.7999899950027466
151,302000,0.8033195903897286
152,304000,0.809350467056036
153,306000,0.8121202525794506
154,308000,0.806788275450468
155,310000,0.8118518470525742
156,312000,0.8048962798416615
157,314000,0.816013668179512
158,316000,0.8066995966136455
159,318000,0.8032040473669767
160,320000,0.8039120689928532
161,322000,0.7916257557123899
162,324000,0.8113237336426974
163,326000,0.8035624441951513
164,328000,0.812824917703867
165,330000,0.8186188708543778
166,332000,0.8193435451388359
167,334000,0.8233338873386383
168,336000,0.8209120997488498
169,338000,0.8084322305768729
170,340000,0.810210713595152
171,342000,0.802806899085641
172,344000,0.8163150452673436
173,346000,0.8110169313848019
174,348000,0.8094683876633644
175,350000,0.807944996625185
176,352000,0.8087160772830247
177,354000,0.8160494931638241
178,356000,0.8076653140336275
179,358000,0.8059785831570625
180,360000,0.8062378634512425
181,362000,0.8070948983430862
182,364000,0.8130795477181673
183,366000,0.8136350691318512
184,368000,0.8131559498310089
185,370000,0.8119285725355149
186,372000,0.8050520699024201
187,374000,0.7997484309077263
188,376000,0.8156571018397808
189,378000,0.8285188508629799
190,380000,0.8105255384892225
191,382000,0.8006545026600361
192,384000,0.8225432003587484
193,386000,0.8201640333235264
194,388000,0.8216380482316017
195,390000,0.8014737596362829
196,392000,0.8181338004916906
197,394000,0.8189219337105751
198,396000,0.812598552569747
199,398000,0.8141049769371748
200,400000,0.8113063176572323
201,402000,0.8202927644848823
202,404000,0.806981849849224
203,406000,0.8162747477740049
204,408000,0.8120178494602441
205,410000,0.8056149410009384
206,412000,0.8192051278948784
207,414000,0.8105813048183917
208,416000,0.8214725527763367
209,418000,0.8217435548305512
210,420000,0.8116584670245648
211,422000,0.8180940600633622
212,424000,0.8209842083752156
213,426000,0.8165184810459614
214,428000,0.8140459179580212
215,430000,0.816829769551754
216,432000,0.8174598260819912
217,434000,0.8082580652236938
218,436000,0.8193748773932457
219,438000,0.8135510642230511
220,440000,0.8292592522799969
221,442000,0.8186607577651739
222,444000,0.8193708746135235
223,446000,0.8198920073211193
224,448000,0.8238710494637489
225,450000,0.8228071756362915
226,452000,0.8166451361179352
227,454000,0.8241373632252217
228,456000,0.8282722947597504
229,458000,0.8212382495701313
230,460000,0.8115868469178676
231,462000,0.8210996879935265
232,464000,0.8277517675161362
233,466000,0.8126532344222068
234,468000,0.834743193000555
235,470000,0.8174303103387356
236,472000,0.8132246866226196
237,474000,0.8362541287243366
238,476000,0.8263571380972862
239,478000,0.8263229079842568
240,480000,0.8294677818715572
241,482000,0.8278329715281725
242,484000,0.8423052676916123
243,486000,0.8323655902147293
244,488000,0.8254292677044869
245,490000,0.8258010603487491
246,492000,0.8347830492556095
247,494000,0.8206161658912897
248,496000,0.8286346271038055
249,498000,0.8322292017042637
250,500000,0.8313588680624961
251,502000,0.8251152078807354
252,504000,0.8295053209364415
253,506000,0.8286448518931866
254,508000,0.8281762112677097
255,510000,0.8388072627484798
256,512000,0.8363742412924766
257,514000,0.830242362588644
258,516000,0.8201935424804687
259,518000,0.8434670293331146
260,520000,0.8283185259997845
261,522000,0.8411888692975045
262,524000,0.8324514383673668
263,526000,0.844635534375906
264,528000,0.8265497726947069
265,530000,0.8389071527719497
266,532000,0.8300142184793949
267,534000,0.842402772039175
268,536000,0.8333622357547283
269,538000,0.8376526523530483
270,540000,0.8327312037944794
271,542000,0.8429367028772831
272,544000,0.842868782132864
273,546000,0.8398283914923668
274,548000,0.8508809989988804
275,550000,0.8511726009845734
276,552000,0.845246388554573
277,554000,0.8396819200217723
278,556000,0.8447075995206833
279,558000,0.8430810021460057
280,560000,0.8512289533615113
281,562000,0.8347255063056945
282,564000,0.8447854710817337
283,566000,0.8494783256649971
284,568000,0.8444571732878685
285,570000,0.8511649755835533
286,572000,0.8472201456427574
287,574000,0.8413024227917194
288,576000,0.8529837958216667
289,578000,0.8498155789375306
290,580000,0.8601978231072426
291,582000,0.8465864854156971
292,584000,0.8527475453913211
293,586000,0.8486694288104772
294,588000,0.8564591383039951
295,590000,0.8532522149682045
296,592000,0.8543191363215447
297,594000,0.864780552327633
298,596000,0.8448686730265618
299,598000,0.8582196688205004
300,600000,0.8507085157930852
301,602000,0.855776805460453
302,604000,0.8479299062788487
303,606000,0.8532019346952439
304,608000,0.8532095778286457
305,610000,0.862600874722004
306,612000,0.8547674179971219
307,614000,0.8681614420115947
308,616000,0.8544928812980652
309,618000,0.8705093180537223
310,620000,0.8628394540250302
311,622000,0.8645766137838363
312,624000,0.8709417202174664
313,626000,0.8594131044447422
314,628000,0.8635686708688736
315,630000,0.8655064214468002
316,632000,0.8622849690020085
317,634000,0.8741912235617637
318,636000,0.8575230292677879
319,638000,0.8783705331683159
320,640000,0.8518745087087154
321,642000,0.8688352775871754
322,644000,0.8624875757098198
323,646000,0.8694840497672558
324,648000,0.8755920614302158
325,650000,0.8668796847462654
326,652000,0.8789922698736191
327,654000,0.8679128165245056
328,656000,0.8762082169055939
329,658000,0.8708217514753341
330,660000,0.8806613908112049
331,662000,0.8631477946341037
332,664000,0.8682817951440811
333,666000,0.8730245519578457
334,668000,0.8628577606379986
335,670000,0.861506996512413
336,672000,0.8735859247446061
337,674000,0.874250728726387
338,676000,0.874434297338128
339,678000,0.8794364506900311
340,680000,0.8646678280830383
341,682000,0.8750486867427826
342,684000,0.8659315851926803
343,686000,0.8748079223930836
344,688000,0.8694542976617813
345,690000,0.8755953195989132
346,692000,0.8823625915050507
347,694000,0.8680698572695256
348,696000,0.8704618666172027
349,698000,0.8642173867225647
350,700000,0.8674213509857654
351,702000,0.8798676871657372
352,704000,0.8713987820446492
353,706000,0.8876263533830643
354,708000,0.8753791565299034
355,710000,0.8797978796958923
356,712000,0.8797853801846505
357,714000,0.8791225298941135
358,716000,0.8680908663868904
359,718000,0.896975981593132
360,720000,0.8950711741447449
361,722000,0.8786088804602623
362,724000,0.8884941634237766
363,726000,0.8811655993461609
364,728000,0.8864019055068493
365,730000,0.8906406169831753
366,732000,0.8909446829259395
367,734000,0.8781126542389392
368,736000,0.8836952656507492
369,738000,0.8878771356344223
370,740000,0.8798386760652065
371,742000,0.883863793104887
372,744000,0.8855272647440433
373,746000,0.8869079730808734
374,748000,0.8887309987246991
375,750000,0.8840833848416805
376,752000,0.8878317492902279
377,754000,0.883783806592226
378,756000,0.8974381556808948
379,758000,0.8774908792376518
380,760000,0.8911572498977184
381,762000,0.8818828501701355
382,764000,0.8934361179471015
383,766000,0.8997041064798832
384,768000,0.8982243165373802
385,770000,0.8850018599629402
386,772000,0.8824598496556282
387,774000,0.8897931527197361
388,776000,0.8930524183511734
389,778000,0.8980761601924896
390,780000,0.8840342434048652
391,782000,0.9090074165165425
392,784000,0.8858644780218601
393,786000,0.893345480710268
394,788000,0.886636364877224
395,790000,0.8886727938950062
396,792000,0.8916465139389038
397,794000,0.8874542905390262
398,796000,0.8914434526562691
399,798000,0.8841582684516907
400,800000,0.8940721548199654
401,802000,0.8949687259495258
402,804000,0.9014390161931515
403,806000,0.8961651029884815
404,808000,0.897185836493969
405,810000,0.9012772898972035
406,812000,0.9003591626286507
407,814000,0.895611295312643
408,816000,0.9083851796090603
409,818000,0.8999058211743831
410,820000,0.9019671658277512
411,822000,0.9036485936045646
412,824000,0.8963889520168304
413,826000,0.9005033986568451
414,828000,0.9103833231329918
415,830000,0.9065243869125843
416,832000,0.8980454005897045
417,834000,0.8983094162940979
418,836000,0.9013739368319511
419,838000,0.9095222440958023
420,840000,0.8989787339866161
421,842000,0.9096932610869408
422,844000,0.9091616989970207
423,846000,0.9011686027646065
424,848000,0.913575582563877
425,850000,0.9080360689163208
426,852000,0.9063860400617123
427,854000,0.9104745926856994
428,856000,0.9128901126384735
429,858000,0.9104595502614975
430,860000,0.9099493162333965
431,862000,0.9077572855353355
432,864000,0.9021664215922356
433,866000,0.9107302048206329
434,868000,0.9099127279222011
435,870000,0.9177463175356388
436,872000,0.9089887245595455
437,874000,0.9174252813458442
438,876000,0.9139763133227825
439,878000,0.8998402815461158
440,880000,0.9127032245993614
441,882000,0.9007648650407791
442,884000,0.9081299603283405
443,886000,0.9092018774449825
444,888000,0.9073120011091232
445,890000,0.9146756244897842
446,892000,0.9189824796319008
447,894000,0.9000218887329101
448,896000,0.9039921686947345
449,898000,0.9262529666125774
450,900000,0.9228800042271614
451,902000,0.9149319769442081
452,904000,0.9146126759946346
453,906000,0.9115300749540329
454,908000,0.9281622895598411
455,910000,0.9171287787258625
456,912000,0.9067706590890885
457,914000,0.9161739938855171
458,916000,0.923484415858984
459,918000,0.898654280602932
460,920000,0.916497138619423
461,922000,0.9094191341400146
462,924000,0.9192732174694538
463,926000,0.9252178465723991
464,928000,0.9036142520308494
465,930000,0.9118261595368385
466,932000,0.9137064400911331
467,934000,0.9320749277472496
468,936000,0.9157832867801189
469,938000,0.9202047670781612
470,940000,0.9097711209058762
471,942000,0.9139563857316971
472,944000,0.9232130220234394
473,946000,0.9160873290002346
474,948000,0.920113699734211
475,950000,0.9214603420495987
476,952000,0.9254888839125633
477,954000,0.9231669807732106
478,956000,0.9073870775997639
479,958000,0.933483402132988
480,960000,0.9245151213407516
481,962000,0.9165793606936932
482,964000,0.9166415416002274
483,966000,0.9254588779211045
484,968000,0.9193168270587921
485,970000,0.9199404417276382
486,972000,0.9202889102995395
487,974000,0.9149295995533466
488,976000,0.926135704100132
489,978000,0.9270501802563668
490,980000,0.9250708751380443
491,982000,0.921120018273592
492,984000,0.9210711350739003
493,986000,0.9282532496154309
494,988000,0.9125330552458764
495,990000,0.9225520458221436
496,992000,0.9303952591717243
497,994000,0.9229668552279472
498,996000,0.9094992228448391
499,998000,0.9253638657033444
500,1000000,0.9242120130062104
501,1002000,0.9208130866587162
502,1004000,0.9236715092658997
503,1006000,0.919002139121294
504,1008000,0.924344097405672
505,1010000,0.9228416758775712
506,1012000,0.936645541280508
507,1014000,0.9226337692439556
508,1016000,0.9204683043956756
509,1018000,0.9366186139285564
510,1020000,0.9176759821176529
511,1022000,0.9380256601572037
512,1024000,0.9242149768173694
513,1026000,0.9240197360813618
514,1028000,0.9259983787238598
515,1030000,0.9285943811237812
516,1032000,0.9290417701303959
517,1034000,0.9326312236487866
518,1036000,0.9294534505307674
519,1038000,0.9287388055622577
520,1040000,0.9249721708893776
521,1042000,0.9227237611114979
522,1044000,0.9281403703689575
523,1046000,0.9277215628325939
524,1048000,0.9213455404937267
525,1050000,0.9380352670550346
526,1052000,0.9278662687838077
527,1054000,0.9351524313986301
528,1056000,0.9251601319909096
529,1058000,0.9335848886370659
530,1060000,0.9291314759850502
531,1062000,0.9326421690583229
532,1064000,0.9324955039322377
533,1066000,0.9167288353443146
534,1068000,0.9339644875526428
535,1070000,0.9377863172888756
536,1072000,0.9259163901507854
537,1074000,0.9226287620663642
538,1076000,0.933212315171957
539,1078000,0.9410675875544549
540,1080000,0.9291222720444202
541,1082000,0.9191503740549087
542,1084000,0.9378615934252739
543,1086000,0.9309159273207188
544,1088000,0.9327435769140721
545,1090000,0.9413721363246441
546,1092000,0.9278367018699646
547,1094000,0.93033720266819
548,1096000,0.9429140013158321
549,1098000,0.9286183379292489
550,1100000,0.9334626937806606
551,1102000,0.9267684715092183
552,1104000,0.9324571829140186
553,1106000,0.9358067460954189
554,1108000,0.9185162547230721
555,1110000,0.9328605950176716
556,1112000,0.9406887833476066
557,1114000,0.9332382257878781
558,1116000,0.9403841663300991
559,1118000,0.9442882344424725
560,1120000,0.9333657130002976
561,1122000,0.9394764496684075
562,1124000,0.945050610691309
563,1126000,0.937409304946661
564,1128000,0.9372764176428318
565,1130000,0.9387260133624077
566,1132000,0.9337423113882541
567,1134000,0.9463133368194103
568,1136000,0.9220161951184273
569,1138000,0.9253664612919092
570,1140000,0.9405665193796158
571,1142000,0.9359856609106064
572,1144000,0.9336582178473473
573,1146000,0.9331968484818935
574,1148000,0.9430224459469319
575,1150000,0.9502554961740971
576,1152000,0.9313599911928176
577,1154000,0.9328714000880718
578,1156000,0.9537319135665894
579,1158000,0.9395832461714745
580,1160000,0.9401638569533824
581,1162000,0.9408769991695881
582,1164000,0.9494182039797306
583,1166000,0.9426656025946141
584,1168000,0.942420381873846
585,1170000,0.9531530414521694
586,1172000,0.9420649064481258
587,1174000,0.9442704693973064
588,1176000,0.9539760402143002
589,1178000,0.9502386648356914
590,1180000,0.9565551190674305
591,1182000,0.9498066776096821
592,1184000,0.9390894193351269
593,1186000,0.950628345221281
594,1188000,0.9538512533903122
595,1190000,0.9537016335129738
596,1192000,0.9530060588121414
597,1194000,0.9477666179537774
598,1196000,0.9712506316304207
599,1198000,0.9564408082962036
600,1200000,0.9473193406164646
601,1202000,0.9460169614851475
602,1204000,0.9434938164949417
603,1206000,0.9504456714689732
604,1208000,0.9557335641086101
605,1210000,0.9470784621238708
606,1212000,0.9579904859662056
607,1214000,0.957557030916214
608,1216000,0.9525475455522537
609,1218000,0.9537734564840794
610,1220000,0.9533871558904647
611,1222000,0.9449855413734913
612,1224000,0.9542246776223182
613,1226000,0.9621080577373504
614,1228000,0.9520804211199284
615,1230000,0.9640931531786918
616,1232000,0.9557309338748455
617,1234000,0.9518797963261604
618,1236000,0.9586513619720936
619,1238000,0.9600054605901241
620,1240000,0.9602794463336468
621,1242000,0.9641440131664276
622,1244000,0.9573346715271472
623,1246000,0.9466816762685776
624,1248000,0.9738635501861572
625,1250000,0.9502509471774101
626,1252000,0.9534543603360653
627,1254000,0.9540491924881935
628,1256000,0.9567003655433655
629,1258000,0.9546884978115558
630,1260000,0.9603358588814735
631,1262000,0.9621405085325241
632,1264000,0.978076002985239
633,1266000,0.9638035523593426
634,1268000,0.9571228839159012
635,1270000,0.9505313051044941
636,1272000,0.9603496414422988
637,1274000,0.9622595025599003
638,1276000,0.9579837985932828
639,1278000,0.9547377254664898
640,1280000,0.9785539718568325
641,1282000,0.9621676951944828
642,1284000,0.9788607907891274
643,1286000,0.9573165700137615
644,1288000,0.9606158616244793
645,1290000,0.9610995092093945
646,1292000,0.9657853415906429
647,1294000,0.9685209322869778
648,1296000,0.9567253763377667
649,1298000,0.9598186319768429
650,1300000,0.9664645816385746
651,1302000,0.9652303701043129
652,1304000,0.9622651976048946
653,1306000,0.9558255494832992
654,1308000,0.9685614323616027
655,1310000,0.9667993127703667
656,1312000,0.9443343319296836
657,1314000,0.9676886751651764
658,1316000,0.9602189509868622
659,1318000,0.9690357975065708
660,1320000,0.9626109435856343
661,1322000,0.9541867999732494
662,1324000,0.9616197281479836
663,1326000,0.9676622902750969
664,1328000,0.9701661253273487
665,1330000,0.9612333884239197
666,1332000,0.9678568297028541
667,1334000,0.961427213281393
668,1336000,0.9636904858350753
669,1338000,0.9719655602276325
670,1340000,0.962836464703083
671,1342000,0.9568781406581401
672,1344000,0.9609764415025711
673,1346000,0.9647128942906856
674,1348000,0.9682979809045792
675,1350000,0.9654299376010895
676,1352000,0.9567876781225204
677,1354000,0.9667431343197822
678,1356000,0.9668789930641651
679,1358000,0.971571919798851
680,1360000,0.9771018214821815
681,1362000,0.9648276775479316
682,1364000,0.9664078297317028
683,1366000,0.9652307426035405
684,1368000,0.9797241629362107
685,1370000,0.9659436605572701
686,1372000,0.9627415881156921
687,1374000,0.9723622919023037
688,1376000,0.9722007314264774
689,1378000,0.9598574511408806
690,1380000,0.9739833183288574
691,1382000,0.9683442442417145
692,1384000,0.9679384691119194
693,1386000,0.9560807549655438
694,1388000,0.970970555126667
695,1390000,0.9731925210356712
696,1392000,0.9622348023355007
697,1394000,0.9613454648256302
698,1396000,0.9682184144854545
699,1398000,0.9672851665318012
700,1400000,0.9691347723901271
701,1402000,0.9677827503681183
702,1404000,0.96002652618289
703,1406000,0.9710821925103664
704,1408000,0.9675350090563297
705,1410000,0.9554614788293838
706,1412000,0.9764681858420372
707,1414000,0.9654916389286519
708,1416000,0.9656872496306896
709,1418000,0.9776841705739499
710,1420000,0.9642078744769096
711,1422000,0.965140693962574
712,1424000,0.9627803115546704
713,1426000,0.9563696472048759
714,1428000,0.9712580579817295
715,1430000,0.9677884514033794
716,1432000,0.9708053640425205
717,1434000,0.9759230841994285
718,1436000,0.9637863242030144
719,1438000,0.9773659677505493
720,1440000,0.9749957145750523
721,1442000,0.9724769373238087
722,1444000,0.9788296563327312
723,1446000,0.97395028886199
724,1448000,0.9787908976078034
725,1450000,0.9545592296719551
726,1452000,0.9694965155422688
727,1454000,0.967385758548975
728,1456000,0.9807751033306121
729,1458000,0.9767962835729123
730,1460000,0.9655533353984356
731,1462000,0.9841187362372875
732,1464000,0.9796768202483654
733,1466000,0.9833351257443428
734,1468000,0.9903911790847778
735,1470000,0.9735610227882862
736,1472000,0.9784916011095047
737,1474000,0.9611653251647949
738,1476000,0.9752985481917859
739,1478000,0.9774586891531944
740,1480000,0.9719359697699547
741,1482000,0.976002852410078
742,1484000,0.9758378774225712
743,1486000,0.9785430472791194
744,1488000,0.976953669667244
745,1490000,0.9789744996726513
746,1492000,0.9754074221551419
747,1494000,0.9713209099173545
748,1496000,0.9787428840696811
749,1498000,0.9837204633355141
750,1500000,0.9818063795566558
751,1502000,0.9673989792466163
752,1504000,0.9854796222746373
753,1506000,0.9750604612529278
754,1508000,0.9870843294262887
755,1510000,0.9895160900056362
756,1512000,0.9798923123776913
757,1514000,0.9859421638250351
758,1516000,0.9763902267813682
759,1518000,0.975970152258873
760,1520000,0.9745750255584716
761,1522000,0.9825259898304939
762,1524000,0.977866979598999
763,1526000,0.9777869024574757
764,1528000,0.9788425480127334
765,1530000,0.972122558504343
766,1532000,0.9763841331005096
767,1534000,0.9786433753967285
768,1536000,0.9799999612271786
769,1538000,0.9771648791730404
770,1540000,0.9870543203353882
771,1542000,0.987516964673996
772,1544000,0.9818795623481273
773,1546000,0.9750627847015858
774,1548000,0.978055162012577
775,1550000,0.9907926479279995
776,1552000,0.9798244105577469
777,1554000,0.9822630109190941
778,1556000,0.9781995083093643
779,1558000,0.97052534994483
780,1560000,0.9865585049390793
781,1562000,0.9860524678826332
782,1564000,0.9750638702213764
783,1566000,0.9741695470511913
784,1568000,0.9777312236726284
785,1570000,0.9875278981029987
786,1572000,0.9669376235306263
787,1574000,0.9870363746881485
788,1576000,0.9776244893074035
789,1578000,0.9756580581963062
790,1580000,0.9836075232625008
791,1582000,0.9805505681931973
792,1584000,0.9830680148601532
793,1586000,0.9847907318770885
794,1588000,0.9863615164756775
795,1590000,0.969273178011179
796,1592000,0.9674644815921783
797,1594000,0.9780520390570163
798,1596000,0.990015247374773
799,1598000,0.96814121478796
800,1600000,0.991658867686987
801,1602000,0.9760088848769665
802,1604000,0.984532359868288
803,1606000,0.9805561400055886
804,1608000,0.984245888441801
805,1610000,0.9755837840437889
806,1612000,0.9637743254005909
807,1614000,0.992187582552433
808,1616000,0.9909898741543293
809,1618000,0.9787546844780445
810,1620000,0.9778120712339878
811,1622000,0.9783378425836563
812,1624000,0.9891939269602299
813,1626000,0.9874934665858746
814,1628000,0.9886835768520832
815,1630000,0.9932464528977871
816,1632000,0.9736722200810909
817,1634000,0.9822099863290786
818,1636000,0.9853837361633777
819,1638000,0.9833934613168239
820,1640000,0.9870875876545906
821,1642000,0.9759091989099979
822,1644000,0.9834711819887161
823,1646000,0.9746182608306408
824,1648000,0.9808371888399124
825,1650000,0.9874012094438076
826,1652000,0.9857053191065789
827,1654000,0.9846291504502297
828,1656000,0.9738127754926682
829,1658000,0.9760803203582764
830,1660000,0.9821239426136017
831,1662000,0.9866661617457867
832,1664000,0.9869022394418716
833,1666000,0.9773905375003815
834,1668000,0.9736392003893852
835,1670000,0.9796274408996105
836,1672000,0.9919727772474289
837,1674000,0.9869994727373124
838,1676000,0.9825230942964553
839,1678000,0.9907882416844368
840,1680000,0.9811853292882442
841,1682000,0.9773972967267036
842,1684000,0.9802634422183036
843,1686000,0.9797815460562705
844,1688000,0.9822629702389241
845,1690000,0.9861536352336406
846,1692000,0.9824367219507695
847,1694000,0.9787762839496136
848,1696000,0.9820561276972294
849,1698000,0.9789769856929779
850,1700000,0.986230161935091
851,1702000,0.9808574864864349
852,1704000,0.9948952938914299
853,1706000,0.9985395266413689
854,1708000,0.9887203456163406
855,1710000,1.00398870870471
856,1712000,0.9858628744482995
857,1714000,0.9916890935003757
858,1716000,0.9881749870479107
859,1718000,0.9859882498681545
860,1720000,0.9999924556612968
861,1722000,0.9881765367090702
862,1724000,0.9891174546480179
863,1726000,0.983853267878294
864,1728000,0.9893127783238888
865,1730000,0.9900925807356834
866,1732000,0.9856673921644687
867,1734000,0.9922877778708935
868,1736000,0.9929799900352955
869,1738000,0.9971906096637249
870,1740000,0.9852106832563877
871,1742000,0.9817726749181748
872,1744000,0.9976613754928112
873,1746000,0.9828207456171513
874,1748000,0.985659208714962
875,1750000,0.988694196164608
876,1752000,0.9878870811760425
877,1754000,0.997231317460537
878,1756000,0.974668978869915
879,1758000,0.9953608281612396
880,1760000,1.0004628112316132
881,1762000,0.9963014843463898
882,1764000,0.9908273257613182
883,1766000,0.9915440121889114
884,1768000,0.9954805516600609
885,1770000,0.9914969833791256
886,1772000,0.9904481843113899
887,1774000,0.9915183987915516
888,1776000,0.9918129821121693
889,1778000,0.9959657901823521
890,1780000,0.9957156379818917
891,1782000,0.9977192720174789
892,1784000,0.9933967214524746
893,1786000,0.9887860224246979
894,1788000,0.9959898408353328
895,1790000,0.9943830033540726
896,1792000,0.9907848232090474
897,1794000,0.994776084214449
898,1796000,0.9889228850901127
899,1798000,1.0034427700936794
900,1800000,1.0063729094862939
901,1802000,1.0036623296141625
902,1804000,0.9867827089726925
903,1806000,0.9940932078659535
904,1808000,0.9918416883051395
905,1810000,0.9986901257932186
906,1812000,1.0063661912083626
907,1814000,1.0037477479577064
908,1816000,0.9934264497458934
909,1818000,0.9922600047290325
910,1820000,0.9994493933618068
911,1822000,0.992641462624073
912,1824000,0.991839968919754
913,1826000,1.0041969557106496
914,1828000,1.0040765914022922
915,1830000,1.0081806590855122
916,1832000,1.0021387989521027
917,1834000,0.9999781714677811
918,1836000,0.9923630893528461
919,1838000,0.989324136018753
920,1840000,1.0114512092471122
921,1842000,0.991638373553753
922,1844000,1.0041369242370128
923,1846000,0.9889363791644573
924,1848000,1.008550994038582
925,1850000,0.9975087769925595
926,1852000,1.0021685817837716
927,1854000,1.0052024627923966
928,1856000,1.0024037810564042
929,1858000,1.0147796298265457
930,1860000,1.0096981168687345
931,1862000,1.0010746034383773
932,1864000,1.0029811087846756
933,1866000,1.016011249512434
934,1868000,0.9954714121818542
935,1870000,0.9954193329811096
936,1872000,1.0061190471351147
937,1874000,0.9954063048660755
938,1876000,0.991728468477726
939,1878000,1.0019236463308334
940,1880000,0.9949297567903995
941,1882000,1.006744797974825
942,1884000,1.009155030667782
943,1886000,1.0131401212215423
944,1888000,1.0019499524235724
945,1890000,1.0276408252418041
946,1892000,1.0040339375436307
947,1894000,0.9897173907458782
948,1896000,1.003468763113022
949,1898000,1.0021936955749988
950,1900000,1.018963033080101
951,1902000,1.0068268005549907
952,1904000,1.0054139274954796
953,1906000,0.9950881195962429
954,1908000,1.0059241983294487
955,1910000,1.007921567171812
956,1912000,1.0158792090117932
957,1914000,1.013186893194914
958,1916000,1.0077539164721965
959,1918000,1.0071916019916534
960,1920000,1.0122293319106102
961,1922000,1.0063290004432202
962,1924000,1.0088858793079853
963,1926000,1.0039753401577474
964,1928000,1.009651827096939
965,1930000,1.021622451722622
966,1932000,0.9968816784918308
967,1934000,1.0056118311285973
968,1936000,1.0000359956622125
969,1938000,1.0088934298455716
970,1940000,1.0079185757339
971,1942000,1.0122387278676033
972,1944000,1.0075898525714875
973,1946000,1.0010970275998115
974,1948000,1.008191217660904
975,1950000,1.000010910063982
976,1952000,1.0067088156938553
977,1954000,1.012385894358158
978,1956000,1.0136043455302715
979,1958000,1.0161503630280495
980,1960000,1.0105862671136856
981,1962000,1.0078824407160283
982,1964000,1.024034592717886
983,1966000,0.9968051102757454
984,1968000,1.0102300605475902
985,1970000,1.0297941380143165
986,1972000,1.0058531964719295
987,1974000,1.019541951686144
988,1976000,1.0058981187939644
989,1978000,1.0123133011758327
990,1980000,1.020664503544569
991,1982000,1.0167390439808368
992,1984000,1.0153501746952533
993,1986000,1.018344664812088
994,1988000,1.0206624299287796
995,1990000,1.0097404687404632
996,1992000,1.0233529724180699
997,1994000,1.0195011325478553
998,1996000,1.0137426673769951
999,1998000,1.0264889006316662
1000,2000000,1.02295655849576
1001,2002000,1.01844888022542
1002,2004000,1.0290615071058273
1003,2006000,1.0288849377036096
1004,2008000,1.0280198428928853
1005,2010000,1.0137458733320237
1006,2012000,1.012752621382475
1007,2014000,1.0167807561159135
1008,2016000,1.0209223885536194
1009,2018000,1.0262721363902092
1010,2020000,1.0163822376132012
1011,2022000,1.0207159501612186
1012,2024000,1.024695535749197
1013,2026000,1.0162315755486488
1014,2028000,1.0243611008524895
1015,2030000,1.0255305192768573
1016,2032000,1.0239354633688926
1017,2034000,1.028648445814848
1018,2036000,1.0286708857417106
1019,2038000,1.0296132078766822
1020,2040000,1.0234652851223947
1021,2042000,1.0244035907685756
1022,2044000,1.0223460635244845
1023,2046000,1.027545085310936
1024,2048000,1.0239888377785682
1025,2050000,1.0306297225952148
1026,2052000,1.027843125462532
1027,2054000,1.0315481819212438
1028,2056000,1.0232688856720924
1029,2058000,1.0152730627655984
1030,2060000,1.0254578669667245
1031,2062000,1.0304070036113262
1032,2064000,1.0316209802925587
1033,2066000,1.0288465662002564
1034,2068000,1.0278393580913543
1035,2070000,1.023297407835722
1036,2072000,1.0175069067180156
1037,2074000,1.028752362191677
1038,2076000,1.0253433559238911
1039,2078000,1.0328742444217205
1040,2080000,1.0239445214867593
1041,2082000,1.0232914048433304
1042,2084000,1.025460515409708
1043,2086000,1.039213484197855
1044,2088000,1.0264893947541713
1045,2090000,1.0192588027119636
1046,2092000,1.0191770617067815
1047,2094000,1.0393259571492672
1048,2096000,1.0220504209399224
1049,2098000,1.0249253430962562
1050,2100000,1.0388814267516135
1051,2102000,1.032467396169901
1052,2104000,1.0198259709775448
1053,2106000,1.0346039912700653
1054,2108000,1.0298189119398593
1055,2110000,1.0303825911581517
1056,2112000,1.0338127829134465
1057,2114000,1.028029268205166
1058,2116000,1.0429213189780713
1059,2118000,1.03067169880867
1060,2120000,1.0288692341446877
1061,2122000,1.042854199796915
1062,2124000,1.0311842137873173
1063,2126000,1.0392060729265213
1064,2128000,1.0271819824278354
1065,2130000,1.0344900572597981
1066,2132000,1.0330633693039417
1067,2134000,1.0267188817560673
1068,2136000,1.0316864235103131
1069,2138000,1.0417088667750358
1070,2140000,1.0388307290673255
1071,2142000,1.0277557770311831
1072,2144000,1.042944143086672
1073,2146000,1.0342309965193273
1074,2148000,1.0269015574753284
1075,2150000,1.0368237233161925
1076,2152000,1.0403811555206777
1077,2154000,1.0337702342569828
1078,2156000,1.037921087294817
1079,2158000,1.0270894750356674
1080,2160000,1.0450227596461772
1081,2162000,1.0299806269109248
1082,2164000,1.0370735165476799
1083,2166000,1.0295115695297719
1084,2168000,1.0326266752183437
1085,2170000,1.0279603937864303
1086,2172000,1.024434626698494
1087,2174000,1.0254112987220287
1088,2176000,1.0311651458144189
1089,2178000,1.0371772729158402
1090,2180000,1.034306447058916
1091,2182000,1.0336044926941395
1092,2184000,1.031419374525547
1093,2186000,1.0454036647379399
1094,2188000,1.0436188138127327
1095,2190000,1.0354912419915199
1096,2192000,1.0363390065431595
1097,2194000,1.0346914254426955
1098,2196000,1.0361005164086818
1099,2198000,1.035394870966673
1100,2200000,1.0367533901929855
1101,2202000,1.041537518143654
1102,2204000,1.0443981074094772
1103,2206000,1.0316195383667945
1104,2208000,1.0288507170975207
1105,2210000,1.0443990558683873
1106,2212000,1.0283765332400798
1107,2214000,1.0534365640580654
1108,2216000,1.0349517801702022
1109,2218000,1.036718601644039
1110,2220000,1.0370052677094936
1111,2222000,1.04071651917696
1112,2224000,1.0292865658700465
1113,2226000,1.0407753836512565
1114,2228000,1.0440790354907512
1115,2230000,1.0337594280838966
1116,2232000,1.036665500164032
1117,2234000,1.035005175113678
1118,2236000,1.0314643607735634
1119,2238000,1.036320069015026
1120,2240000,1.0251781730353833
1121,2242000,1.0378422778844834
1122,2244000,1.0423975108265877
1123,2246000,1.0393899684250354
1124,2248000,1.046934952378273
1125,2250000,1.0524710036218166
1126,2252000,1.0379783680737018
1127,2254000,1.039751024633646
1128,2256000,1.0331434232592582
1129,2258000,1.0426557972431183
1130,2260000,1.040603070795536
1131,2262000,1.0389111172854901
1132,2264000,1.0505717855095864
1133,2266000,1.0403474595546722
1134,2268000,1.0400703795850277
1135,2270000,1.0453246001303196
1136,2272000,1.0469207948446273
1137,2274000,1.0495299687087536
1138,2276000,1.0456037939190865
1139,2278000,1.0433901830911636
1140,2280000,1.0335992448329925
1141,2282000,1.050482194006443
1142,2284000,1.0431260805130005
1143,2286000,1.0351211272478105
1144,2288000,1.036151481717825
1145,2290000,1.0379242596626281
1146,2292000,1.0374252444803715
1147,2294000,1.0374635117650033
1148,2296000,1.0394932326674462
1149,2298000,1.051337868362665
1150,2300000,1.0415379299223424
1151,2302000,1.0517605327963828
1152,2304000,1.040549283206463
1153,2306000,1.0393561883568763
1154,2308000,1.039341007709503
1155,2310000,1.045605446666479
1156,2312000,1.0436150586903095
1157,2314000,1.0449056534469128
1158,2316000,1.041995628029108
1159,2318000,1.03739570710063
1160,2320000,1.053994438946247
1161,2322000,1.0391698068380355
1162,2324000,1.0433080722093582
1163,2326000,1.033868388980627
1164,2328000,1.0451688494682312
1165,2330000,1.0406427788734436
1166,2332000,1.0326649995744228
1167,2334000,1.0513882357478141
1168,2336000,1.0285080855190754
1169,2338000,1.0494126076996326
1170,2340000,1.0480340018570422
1171,2342000,1.037688500970602
1172,2344000,1.0387892864644528
1173,2346000,1.0265663781166077
1174,2348000,1.0330474716424942
1175,2350000,1.0456364986896516
1176,2352000,1.04026455321908
1177,2354000,1.0371071237325669
1178,2356000,1.041917527616024
1179,2358000,1.0436117036044599
1180,2360000,1.0479508345127106
1181,2362000,1.044288045346737
1182,2364000,1.045537378013134
1183,2366000,1.0397230924963952
1184,2368000,1.029798539429903
1185,2370000,1.0438121187388898
1186,2372000,1.0531932334005834
1187,2374000,1.043004228591919
1188,2376000,1.0440226557850838
1189,2378000,1.0398355435431004
1190,2380000,1.0353450177311898
1191,2382000,1.0437719698250294
1192,2384000,1.048935656785965
1193,2386000,1.0382293182611466
1194,2388000,1.0503717426657677
1195,2390000,1.0351097619533538
1196,2392000,1.0304996276199818
1197,2394000,1.052380109369755
1198,2396000,1.0466671206653118
1199,2398000,1.0522107137441634
1200,2400000,1.0493911312818527
1201,2402000,1.047401796132326
1202,2404000,1.043441070318222
1203,2406000,1.0365519658029079
1204,2408000,1.043959371894598
1205,2410000,1.038608356654644
1206,2412000,1.0546433120965957
1207,2414000,1.0277208682596684
1208,2416000,1.0348572871387005
1209,2418000,1.0431105107665062
1210,2420000,1.0482557364702225
1211,2422000,1.0500382287204266
1212,2424000,1.0473719258904457
1213,2426000,1.0420693302452564
1214,2428000,1.0543380424082278
1215,2430000,1.0432999187111855
1216,2432000,1.0343538371622563
1217,2434000,1.0501704454421996
1218,2436000,1.0459420776069164
1219,2438000,1.0442444881796837
1220,2440000,1.0424197518527507
1221,2442000,1.0478678639531136
1222,2444000,1.043875049173832
1223,2446000,1.052182708442211
1224,2448000,1.0485842235982419
1225,2450000,1.053401700258255
1226,2452000,1.043156691968441
1227,2454000,1.053610838443041
1228,2456000,1.0469471839368343
1229,2458000,1.0459716598391533
1230,2460000,1.0535986755788327
1231,2462000,1.045259243220091
1232,2464000,1.0457025813162326
1233,2466000,1.043856782913208
1234,2468000,1.0527536577284335
1235,2470000,1.0508689717948436
1236,2472000,1.050546347141266
1237,2474000,1.043121455669403
1238,2476000,1.0540691330432892
1239,2478000,1.0460171659588813
1240,2480000,1.0601895605921745
1241,2482000,1.052218100130558
1242,2484000,1.0409008889496327
1243,2486000,1.0441900372505188
1244,2488000,1.051189688205719
1245,2490000,1.0414848790466786
1246,2492000,1.0577806847691535
1247,2494000,1.0473422193229198
1248,2496000,1.0549032211601734
1249,2498000,1.063186130464077
1250,2500000,1.0503468566834926
1251,2502000,1.0599728867411613
1252,2504000,1.0524223060905933
1253,2506000,1.0438227154016495
1254,2508000,1.0481169431507587
1255,2510000,1.0478796624541282
1256,2512000,1.0515017527937889
1257,2514000,1.0520136505961417
1258,2516000,1.0547763780653476
1259,2518000,1.0403896282315255
1260,2520000,1.0525477966964245
1261,2522000,1.0434707856178285
1262,2524000,1.0469551640450954
1263,2526000,1.0453511356413365
1264,2528000,1.0571276350319385
1265,2530000,1.0445233410596848
1266,2532000,1.0463525263369085
1267,2534000,1.0538658641278744
1268,2536000,1.050246487736702
1269,2538000,1.050187349587679
1270,2540000,1.060716603130102
1271,2542000,1.0534217349886894
1272,2544000,1.0585342110395433
1273,2546000,1.0518400339186191
1274,2548000,1.0596982731819153
1275,2550000,1.0447671610116958
1276,2552000,1.0523428712189198
1277,2554000,1.06779371586442
1278,2556000,1.0567809200584888
1279,2558000,1.0589344012737274
1280,2560000,1.0449631563425064
1281,2562000,1.0566752023398875
1282,2564000,1.0543531070649623
1283,2566000,1.0606576946675776
1284,2568000,1.050417845517397
1285,2570000,1.0627941053509713
1286,2572000,1.062988904297352
1287,2574000,1.054208985298872
1288,2576000,1.0596537794470786
1289,2578000,1.055686169475317
1290,2580000,1.0584352657794953
1291,2582000,1.0634546243846417
1292,2584000,1.0526918970644474
1293,2586000,1.0583130303621293
1294,2588000,1.0587655716836453
1295,2590000,1.0580850317776203
1296,2592000,1.0551756848990916
1297,2594000,1.05521456772089
1298,2596000,1.058659311324358
1299,2598000,1.0501852151751518
1300,2600000,1.0529310954809188
1301,2602000,1.0731620036959648
1302,2604000,1.0528421282470226
1303,2606000,1.0493806487619877
1304,2608000,1.0600535476505757
1305,2610000,1.0498112705051899
1306,2612000,1.0553422346115113
1307,2614000,1.0764348214864732
1308,2616000,1.0546992365121841
1309,2618000,1.0469670370519162
1310,2620000,1.047613013893366
1311,2622000,1.0560347348153591
1312,2624000,1.0572922309935093
1313,2626000,1.0641599043905734
1314,2628000,1.0651861712336541
1315,2630000,1.0574551817774773
1316,2632000,1.0538596413135528
1317,2634000,1.0558274732232094
1318,2636000,1.0562627838552
1319,2638000,1.0549975469112396
1320,2640000,1.0615510499477387
1321,2642000,1.0539627229273318
1322,2644000,1.0525797163248063
1323,2646000,1.0601409793794154
1324,2648000,1.0583536818325519
1325,2650000,1.0555774174034596
1326,2652000,1.0599763687849044
1327,2654000,1.0478679312169552
1328,2656000,1.0581984903514385
1329,2658000,1.0517298727333546
1330,2660000,1.0535619245171548
1331,2662000,1.0644236682653427
1332,2664000,1.0462404073774814
1333,2666000,1.050637673199177
1334,2668000,1.0584104311466218
1335,2670000,1.071286018460989
1336,2672000,1.0553761505782604
1337,2674000,1.0567844672203064
1338,2676000,1.0718266377151013
1339,2678000,1.0517062716186047
1340,2680000,1.0569146215319634
1341,2682000,1.0682818625569344
1342,2684000,1.076764922708273
1343,2686000,1.0580019229352475
1344,2688000,1.0519084647297858
1345,2690000,1.0514959066212177
1346,2692000,1.0654866854846476
1347,2694000,1.0671426871716976
1348,2696000,1.0639458175897598
1349,2698000,1.061264633655548
1350,2700000,1.0685335504114628
1351,2702000,1.0611678421497346
1352,2704000,1.0612010783851147
1353,2706000,1.0611233038306236
1354,2708000,1.0645601134896279
1355,2710000,1.0619302872419358
1356,2712000,1.069198881596327
1357,2714000,1.0523255089819432
1358,2716000,1.060343969464302
1359,2718000,1.0600936166942119
1360,2720000,1.072635299474001
1361,2722000,1.0749504458308219
1362,2724000,1.0519924384355546
1363,2726000,1.0661060711443424
1364,2728000,1.0649506317675113
1365,2730000,1.0591906635165214
1366,2732000,1.0747773354053498
1367,2734000,1.0694647450745105
1368,2736000,1.0773786250054835
1369,2738000,1.0554456483721733
1370,2740000,1.0802803812026978
1371,2742000,1.0670552855730058
1372,2744000,1.070234182089567
1373,2746000,1.0715056862533092
1374,2748000,1.0591620516777038
1375,2750000,1.0745844824910165
1376,2752000,1.069464025080204
1377,2754000,1.0694590888619422
1378,2756000,1.0663881426155568
1379,2758000,1.0626454224288464
1380,2760000,1.058859375745058
1381,2762000,1.070646647810936
1382,2764000,1.0634695861041545
1383,2766000,1.0654682262241841
1384,2768000,1.058779451608658
1385,2770000,1.0598603072464465
1386,2772000,1.0683640888631343
1387,2774000,1.0612614411115646
1388,2776000,1.0653185155987739
1389,2778000,1.057075087785721
1390,2780000,1.0723515748977661
1391,2782000,1.058160662919283
1392,2784000,1.0734129190146924
1393,2786000,1.0639125480353833
1394,2788000,1.0680644259750842
1395,2790000,1.0577363506257533
1396,2792000,1.0737716529369354
1397,2794000,1.0624058739244937
1398,2796000,1.0615853025317192
1399,2798000,1.0638026314973832
1400,2800000,1.0446005699038505
1401,2802000,1.0652806613147259
1402,2804000,1.0758769129514694
1403,2806000,1.0705726932883262
1404,2808000,1.0651383382678032
1405,2810000,1.080644628584385
1406,2812000,1.0669880576729776
1407,2814000,1.0711370132565499
1408,2816000,1.0777605951726437
1409,2818000,1.068055019289255
1410,2820000,1.061317991644144
1411,2822000,1.0740240459442139
1412,2824000,1.0637194742560387
1413,2826000,1.0619768227636814
1414,2828000,1.073521998822689
1415,2830000,1.0692625652253627
1416,2832000,1.0712771003246306
1417,2834000,1.0697300329208375
1418,2836000,1.0713241699934006
1419,2838000,1.0556824922263621
1420,2840000,1.0734984157979488
1421,2842000,1.05547919267416
1422,2844000,1.0658262838423251
1423,2846000,1.0715104002058506
1424,2848000,1.0795949983000754
1425,2850000,1.0633052940964698
1426,2852000,1.0827662390470505
1427,2854000,1.0640155191719531
1428,2856000,1.0667662258148194
1429,2858000,1.0639222757220268
1430,2860000,1.071616802483797
1431,2862000,1.0840306799709798
1432,2864000,1.0709386526048184
1433,2866000,1.0708037625551223
1434,2868000,1.0687960748970509
1435,2870000,1.0809351311922073
1436,2872000,1.0666131086945534
1437,2874000,1.068040203809738
1438,2876000,1.073805585026741
1439,2878000,1.0751676651835442
1440,2880000,1.0804014076292514
1441,2882000,1.0757577146291732
1442,2884000,1.0844453051388263
1443,2886000,1.0653810895979405
1444,2888000,1.0792201701700688
1445,2890000,1.0790914986729623
1446,2892000,1.0654250729978085
1447,2894000,1.0732077233195305
1448,2896000,1.0773951126039027
1449,2898000,1.0850963849425317
1450,2900000,1.0768867717981339
1451,2902000,1.081593718200922
1452,2904000,1.0769364654123783
1453,2906000,1.0712073415517807
1454,2908000,1.0718167223632336
1455,2910000,1.091223272949457
1456,2912000,1.0789787876904011
1457,2914000,1.0698311102092266
1458,2916000,1.0766224526464938
1459,2918000,1.085522703409195
1460,2920000,1.0720231053233147
1461,2922000,1.0882708401679992
1462,2924000,1.0758893102705478
1463,2926000,1.067230498701334
1464,2928000,1.0813043437302112
1465,2930000,1.0855559026002883
1466,2932000,1.0817424167692662
1467,2934000,1.0849911332726478
1468,2936000,1.0746249059736728
1469,2938000,1.072560738235712
1470,2940000,1.0901723651885986
1471,2942000,1.0722807675302028
1472,2944000,1.0768537523150443
1473,2946000,1.0863776977956294
1474,2948000,1.0737412405610085
1475,2950000,1.0812398811578752
1476,2952000,1.0738602303862572
1477,2954000,1.0677681958675385
1478,2956000,1.0771043868660928
1479,2958000,1.0687577970921993
1480,2960000,1.0728295639157295
1481,2962000,1.0751563906073571
1482,2964000,1.0837563552558422
1483,2966000,1.07165276363492
1484,2968000,1.0846236128211022
1485,2970000,1.072167439520359
1486,2972000,1.0895477642714977
1487,2974000,1.079730917453766
1488,2976000,1.064489996522665
1489,2978000,1.0686571510732175
1490,2980000,1.077109737455845
1491,2982000,1.0754294383525849
1492,2984000,1.0756036039590835
1493,2986000,1.0766371017694474
1494,2988000,1.0794279165267944
1495,2990000,1.0782553642392159
1496,2992000,1.075917837679386
1497,2994000,1.0692126555144787
1498,2996000,1.0759097472131252
1499,2998000,1.0794213785529136
1500,3000000,1.0793324293792248
1501,3002000,1.0834105573296546
1502,3004000,1.0721606041193008
1503,3006000,1.086010455787182
1504,3008000,1.0752720718979836
1505,3010000,1.068193286150694
1506,3012000,1.085703248858452
1507,3014000,1.080609135478735
1508,3016000,1.0783488940298558
1509,3018000,1.079480472266674
1510,3020000,1.0753405957520008
1511,3022000,1.0832986359894277
1512,3024000,1.081994241565466
1513,3026000,1.08398842510581
1514,3028000,1.0726770048737526
1515,3030000,1.0841955181658267
1516,3032000,1.0798328572511673
1517,3034000,1.071516263872385
1518,3036000,1.0825774142742157
1519,3038000,1.0846105671226978
1520,3040000,1.0774181608259679
1521,3042000,1.0783224294185638
1522,3044000,1.0791654638051986
1523,3046000,1.0649962699115276
1524,3048000,1.0982287707626819
1525,3050000,1.0742905150353907
1526,3052000,1.0787383889257909
1527,3054000,1.0711542755663395
1528,3056000,1.075595280200243
1529,3058000,1.0797741623222827
1530,3060000,1.0859075445234776
1531,3062000,1.07760284152627
1532,3064000,1.0743583982288838
1533,3066000,1.0777627305984496
1534,3068000,1.075581250101328
1535,3070000,1.0747261474132537
1536,3072000,1.0825440533459187
1537,3074000,1.0813896628320216
1538,3076000,1.0818383246660233
1539,3078000,1.0750863458812236
1540,3080000,1.0813815534114837
1541,3082000,1.082510843962431
1542,3084000,1.0802875970304013
1543,3086000,1.0776765044927596
1544,3088000,1.0867425239980222
1545,3090000,1.09120759922266
1546,3092000,1.0987836133539677
1547,3094000,1.087124823331833
1548,3096000,1.0834344085156917
1549,3098000,1.0683576166927815
1550,3100000,1.0973907135128975
1551,3102000,1.0879263243079185
1552,3104000,1.096257648229599
1553,3106000,1.0850927506685257
1554,3108000,1.0836370196342469
1555,3110000,1.09005497276783
1556,3112000,1.08270827922225
1557,3114000,1.0950344939529897
1558,3116000,1.0853449981212615
1559,3118000,1.0758413304686547
1560,3120000,1.078180067718029
1561,3122000,1.084947814464569
1562,3124000,1.0830736277103423
1563,3126000,1.0907674652338029
1564,3128000,1.082562743574381
1565,3130000,1.0956927998065948
1566,3132000,1.0929749473035335
1567,3134000,1.0795096127092838
1568,3136000,1.0993933247029781
1569,3138000,1.0877376673817634
1570,3140000,1.0799834427535533
1571,3142000,1.0864779341220856
1572,3144000,1.093521831780672
1573,3146000,1.0798733911514282
1574,3148000,1.0888094829022885
1575,3150000,1.085214461773634
1576,3152000,1.076905180633068
1577,3154000,1.0939050942361355
1578,3156000,1.0735597773492336
1579,3158000,1.084236317485571
1580,3160000,1.0765713488459587
1581,3162000,1.0863395901620387
1582,3164000,1.0820766751170159
1583,3166000,1.0939814763665199
1584,3168000,1.0891970818042755
1585,3170000,1.0848086951375007
1586,3172000,1.0875376117527484
1587,3174000,1.083495075583458
1588,3176000,1.0900621009767055
1589,3178000,1.088981981664896
1590,3180000,1.0902042554318905
1591,3182000,1.0888382357656956
1592,3184000,1.0952973020970822
1593,3186000,1.0872537043988704
1594,3188000,1.09979844096303
1595,3190000,1.0903032039999963
1596,3192000,1.093556001573801
1597,3194000,1.0878414469659328
1598,3196000,1.0855957067906856
1599,3198000,1.093597860097885
1600,3200000,1.0852826104164124
1601,3202000,1.0931101544797421
1602,3204000,1.0905279102027416
1603,3206000,1.084090586334467
1604,3208000,1.0805236943364143
1605,3210000,1.0831165222525596
1606,3212000,1.1001060342490674
1607,3214000,1.0950174296796322
1608,3216000,1.0885481784641742
1609,3218000,1.0891485399603844
1610,3220000,1.1055134102404118
1611,3222000,1.084358793258667
1612,3224000,1.0928619068861007
1613,3226000,1.0920724615454673
1614,3228000,1.099913802266121
1615,3230000,1.099732745051384
1616,3232000,1.106412681311369
1617,3234000,1.0800443644225597
1618,3236000,1.0969460917115212
1619,3238000,1.0857212645113468
1620,3240000,1.0989488275945187
1621,3242000,1.089856551170349
1622,3244000,1.0905768420696258
1623,3246000,1.0914329622387886
1624,3248000,1.0894842610061168
1625,3250000,1.103359306782484
1626,3252000,1.0879239773452283
1627,3254000,1.085841218262911
1628,3256000,1.1010531922280788
1629,3258000,1.0897399714291096
1630,3260000,1.097714951902628
1631,3262000,1.09223573705554
1632,3264000,1.0889438083171845
1633,3266000,1.0904262508153915
1634,3268000,1.1032793210446834
1635,3270000,1.094123344808817
1636,3272000,1.090503234744072
1637,3274000,1.0929824141263962
1638,3276000,1.100649499297142
1639,3278000,1.0995173981189728
1640,3280000,1.0914351819753647
1641,3282000,1.1165973280966282
1642,3284000,1.0985992463827132
1643,3286000,1.094146808296442
1644,3288000,1.0994919041395188
1645,3290000,1.0977690437436103
1646,3292000,1.1005538133382797
1647,3294000,1.1008501085937024
1648,3296000,1.0948958074748516
1649,3298000,1.100285218656063
1650,3300000,1.09994839194417
1651,3302000,1.0991874585449695
1652,3304000,1.1008696057498455
1653,3306000,1.0969280860126018
1654,3308000,1.0861462427079678
1655,3310000,1.1081226750016213
1656,3312000,1.0884645321071147
1657,3314000,1.0984957965016364
1658,3316000,1.100475914478302
1659,3318000,1.1080349188745022
1660,3320000,1.1106444069743155
1661,3322000,1.0987870968580247
1662,3324000,1.097605029463768
1663,3326000,1.095988755851984
1664,3328000,1.1112598932683468
1665,3330000,1.101526645451784
1666,3332000,1.1097220415771007
1667,3334000,1.1043523072004318
1668,3336000,1.099222148001194
1669,3338000,1.09043298214674
1670,3340000,1.1046690997183324
1671,3342000,1.1042162326276301
1672,3344000,1.1005896448791026
1673,3346000,1.0978417358994483
1674,3348000,1.0982388535141945
1675,3350000,1.1084221817851068
1676,3352000,1.097851132839918
1677,3354000,1.093279740869999
1678,3356000,1.1060696816146374
1679,3358000,1.1047144925892354
1680,3360000,1.1064745012521744
1681,3362000,1.1068313520848752
1682,3364000,1.0953943980038165
1683,3366000,1.1057759393155575
1684,3368000,1.0959022743701934
1685,3370000,1.1045070202052594
1686,3372000,1.1016959322988986
1687,3374000,1.1065327036976815
1688,3376000,1.096036129295826
1689,3378000,1.109693990111351
1690,3380000,1.0988329095840454
1691,3382000,1.0928352271020412
1692,3384000,1.1007603793144225
1693,3386000,1.1105451752841473
1694,3388000,1.1027743109762669
1695,3390000,1.11309432721138
1696,3392000,1.085133465975523
1697,3394000,1.1057987120449544
1698,3396000,1.1061370201706886
1699,3398000,1.1046059069633485
1700,3400000,1.1036054354012013
1701,3402000,1.0976142452061177
1702,3404000,1.1001365526020528
1703,3406000,1.0964211940169335
1704,3408000,1.1041823709607124
1705,3410000,1.1128214774429799
1706,3412000,1.1041517285108566
1707,3414000,1.1135829033255578
1708,3416000,1.1037887144684793
1709,3418000,1.1055676051080228
1710,3420000,1.1096921445429324
1711,3422000,1.1147211708426477
1712,3424000,1.1042345382273198
1713,3426000,1.1059504389166832
1714,3428000,1.089748385757208
1715,3430000,1.107224134773016
1716,3432000,1.115945493400097
1717,3434000,1.1125662500262261
1718,3436000,1.1164149743020535
1719,3438000,1.1103851909339428
1720,3440000,1.1053816737234592
1721,3442000,1.1164580834805966
1722,3444000,1.1160169256031514
1723,3446000,1.1130247114896774
1724,3448000,1.1005491542816161
1725,3450000,1.1096584655046462
1726,3452000,1.1066346802413463
1727,3454000,1.135942712455988
1728,3456000,1.1068771613240243
1729,3458000,1.1079833001196384
1730,3460000,1.1243546716868877
1731,3462000,1.1066142987906933
1732,3464000,1.1159786671698093
1733,3466000,1.1146212178766728
1734,3468000,1.1168168001174927
1735,3470000,1.1109818893373014
1736,3472000,1.1107591174840927
1737,3474000,1.109913797467947
1738,3476000,1.1124794923067094
1739,3478000,1.1170886799395083
1740,3480000,1.129540347278118
1741,3482000,1.1250427672863006
1742,3484000,1.1156491523683072
1743,3486000,1.1042790603637695
1744,3488000,1.116871740281582
1745,3490000,1.1260805872678756
1746,3492000,1.117172289699316
1747,3494000,1.11743912088871
1748,3496000,1.1201495413184166
1749,3498000,1.1181947515308857
1750,3500000,1.1126423369050027
1751,3502000,1.131956407546997
1752,3504000,1.118894887983799
1753,3506000,1.1163928168714046
1754,3508000,1.1088414163291453
1755,3510000,1.121248808771372
1756,3512000,1.1188841564357281
1757,3514000,1.1151715141236782
1758,3516000,1.1258418624699116
1759,3518000,1.1190483967065812
1760,3520000,1.1156259837150573
1761,3522000,1.110179311901331
1762,3524000,1.1176849917173386
1763,3526000,1.1233522794246673
1764,3528000,1.1142048899531365
1765,3530000,1.1300474902093411
1766,3532000,1.115044052839279
1767,3534000,1.1235369200110434
1768,3536000,1.115545457571745
1769,3538000,1.1231146628558635
1770,3540000,1.1067129742503166
1771,3542000,1.1389942961037158
1772,3544000,1.1139942182600497
1773,3546000,1.122388511866331
1774,3548000,1.1238990803658961
1775,3550000,1.1249543755352498
1776,3552000,1.1218817903101443
1777,3554000,1.1188754585385323
1778,3556000,1.1204308983385562
1779,3558000,1.1197855130136014
1780,3560000,1.1153665905594825
1781,3562000,1.1238244668543338
1782,3564000,1.1314348318576812
1783,3566000,1.12353713914752
1784,3568000,1.1222299735844135
1785,3570000,1.1091621143519879
1786,3572000,1.1194099807739257
1787,3574000,1.1239396625757216
1788,3576000,1.1102935911417007
1789,3578000,1.1173760794997216
1790,3580000,1.1223227902948856
1791,3582000,1.1129553660154343
1792,3584000,1.1244665548801422
1793,3586000,1.122859080582857
1794,3588000,1.130066337019205
1795,3590000,1.1211119505763054
1796,3592000,1.126823195874691
1797,3594000,1.109626001060009
1798,3596000,1.1156081121861934
1799,3598000,1.1205713377594948
1800,3600000,1.1160045097768307
1801,3602000,1.1170767095685006
1802,3604000,1.1189397357404232
1803,3606000,1.1298731716871262
1804,3608000,1.120183191895485
1805,3610000,1.1191933062970638
1806,3612000,1.126171225219965
1807,3614000,1.1247925592958927
1808,3616000,1.1141511576175689
1809,3618000,1.11675198751688
1810,3620000,1.1348892567753792
1811,3622000,1.1261378958523274
1812,3624000,1.1226597043275832
1813,3626000,1.1151472392082213
1814,3628000,1.133001006245613
1815,3630000,1.1141065922677518
1816,3632000,1.129371559381485
1817,3634000,1.1235558354854585
1818,3636000,1.1100900558531284
1819,3638000,1.1238060010671616
1820,3640000,1.1088611573874951
1821,3642000,1.1345843628644943
1822,3644000,1.1118280319869518
1823,3646000,1.1360934085547925
1824,3648000,1.1276643317639827
1825,3650000,1.1202692935466767
1826,3652000,1.1229323839247227
1827,3654000,1.1354169120490551
1828,3656000,1.1249424768388272
1829,3658000,1.126470669478178
1830,3660000,1.1329709203839302
1831,3662000,1.126862429589033
1832,3664000,1.1167967472374438
1833,3666000,1.119783915191889
1834,3668000,1.1234468058049678
1835,3670000,1.118450780272484
1836,3672000,1.1173657955229281
1837,3674000,1.1285796521306037
1838,3676000,1.1204492403566837
1839,3678000,1.1135276208519935
1840,3680000,1.121119758784771
1841,3682000,1.1245714188814164
1842,3684000,1.112203404456377
1843,3686000,1.1214760342538357
1844,3688000,1.1140001087784768
1845,3690000,1.120402175694704
1846,3692000,1.1320208701789378
1847,3694000,1.1183978339731693
1848,3696000,1.1320362946987153
1849,3698000,1.11706619271636
1850,3700000,1.112986014187336
1851,3702000,1.1286327198445798
1852,3704000,1.1263969959020614
1853,3706000,1.124935570716858
1854,3708000,1.1228767196536065
1855,3710000,1.1151213793456554
1856,3712000,1.1281126174330711
1857,3714000,1.1320805826187135
1858,3716000,1.1322412468791008
1859,3718000,1.125599033087492
1860,3720000,1.1314073061645031
1861,3722000,1.1170362389981747
1862,3724000,1.1207123043835163
1863,3726000,1.1208366668224334
1864,3728000,1.1179035421013832
1865,3730000,1.11464349386096
1866,3732000,1.1306273611783981
1867,3734000,1.1373619053065778
1868,3736000,1.1228897841274739
1869,3738000,1.1311002438664437
1870,3740000,1.113907716602087
1871,3742000,1.1199971252083778
1872,3744000,1.1325922979414462
1873,3746000,1.128609212577343
1874,3748000,1.1188998917639255
1875,3750000,1.1280072871148585
1876,3752000,1.125907836586237
1877,3754000,1.1333644450306892
1878,3756000,1.1260478163659573
1879,3758000,1.1249017956256866
1880,3760000,1.1203520904183388
1881,3762000,1.1228598070144653
1882,3764000,1.1232870246767999
1883,3766000,1.1419083137512207
1884,3768000,1.13513489484787
1885,3770000,1.1240538538396359
1886,3772000,1.13368670591712
1887,3774000,1.1391520172953606
1888,3776000,1.1379662798643113
1889,3778000,1.131943230599165
1890,3780000,1.129073650121689
1891,3782000,1.1343845905959606
1892,3784000,1.1261107065379619
1893,3786000,1.1330853506624698
1894,3788000,1.1281079501509665
1895,3790000,1.1285479552447797
1896,3792000,1.1281447091698646
1897,3794000,1.1306163286864757
1898,3796000,1.1330128513872624
1899,3798000,1.1337019192576407
1900,3800000,1.1255826552808286
1901,3802000,1.12782578971982
1902,3804000,1.139753523439169
1903,3806000,1.126644028097391
1904,3808000,1.1274831645190715
1905,3810000,1.130104338735342
1906,3812000,1.1366443596184255
1907,3814000,1.1302230257689954
1908,3816000,1.1473483883440494
1909,3818000,1.1337578319609165
1910,3820000,1.1311135028898716
1911,3822000,1.1271033246517181
1912,3824000,1.1345715703964234
1913,3826000,1.135231907337904
1914,3828000,1.1204078549146652
1915,3830000,1.1324833781421184
1916,3832000,1.1350554758310318
1917,3834000,1.12247514796257
1918,3836000,1.139950671672821
1919,3838000,1.1438470882177354
1920,3840000,1.1425730152726172
1921,3842000,1.1179401425719262
1922,3844000,1.1388038469851016
1923,3846000,1.1300479742884635
1924,3848000,1.1439619781374932
1925,3850000,1.1384997417330742
1926,3852000,1.127422327786684
1927,3854000,1.1374375371336938
1928,3856000,1.1296375978291036
1929,3858000,1.1493094851076604
1930,3860000,1.1282637286782264
1931,3862000,1.1342825104296208
1932,3864000,1.1330516088306903
1933,3866000,1.1367651001513004
1934,3868000,1.1427505025565625
1935,3870000,1.1334941867291928
1936,3872000,1.1513278621435166
1937,3874000,1.132145918816328
1938,3876000,1.132641402989626
1939,3878000,1.1405927827060223
1940,3880000,1.1246479443311692
1941,3882000,1.134503131657839
1942,3884000,1.1414078131318093
1943,3886000,1.1341071211099625
1944,3888000,1.1408735149204732
1945,3890000,1.129780316144228
1946,3892000,1.133339922875166
1947,3894000,1.1278564865887164
1948,3896000,1.1336166709959508
1949,3898000,1.132136972218752
1950,3900000,1.1305478122532369
1951,3902000,1.136998882472515
1952,3904000,1.1195693802833557
1953,3906000,1.139655415058136
1954,3908000,1.1292847438454627
1955,3910000,1.14116705468297
1956,3912000,1.1427684123814106
1957,3914000,1.139323410332203
1958,3916000,1.1322045646905898
1959,3918000,1.1381706386208534
1960,3920000,1.1298324845433234
1961,3922000,1.1380058965086937
1962,3924000,1.1280616383850575
1963,3926000,1.1271064092516898
1964,3928000,1.1316461474597455
1965,3930000,1.1369158368706702
1966,3932000,1.1467436943352223
1967,3934000,1.1464556244313717
1968,3936000,1.1425960047245025
1969,3938000,1.1457175142765046
1970,3940000,1.1500329897999764
1971,3942000,1.1491405085325241
1972,3944000,1.1395898484289646
1973,3946000,1.1394924622774125
1974,3948000,1.140187777787447
1975,3950000,1.1387796709537505
1976,3952000,1.132785018712282
1977,3954000,1.1481801531910896
1978,3956000,1.1363843639194966
1979,3958000,1.1361528072059155
1980,3960000,1.1481186624765396
1981,3962000,1.1419418793022633
1982,3964000,1.1564171992242336
1983,3966000,1.1452822148501873
1984,3968000,1.1357936031222344
1985,3970000,1.1335028367042541
1986,3972000,1.1406257333755494
1987,3974000,1.1516921304166317
1988,3976000,1.1570589573681354
1989,3978000,1.1479111749529838
1990,3980000,1.1385737414360046
1991,3982000,1.1416326193511486
1992,3984000,1.1464991441369057
1993,3986000,1.1457910580337047
1994,3988000,1.1326693004667758
1995,3990000,1.140332351654768
1996,3992000,1.1413194419443606
1997,3994000,1.1401209243834018
1998,3996000,1.1319686691761017
1999,3998000,1.1514931090772151
2000,4000000,1.1521223313510418
2001,4002000,1.1478087511062622
2002,4004000,1.1539442960619926
2003,4006000,1.151752932369709
2004,4008000,1.149285634636879
2005,4010000,1.1434467596709728
2006,4012000,1.1365890537798404
2007,4014000,1.1422802852392198
2008,4016000,1.1440843868255615
2009,4018000,1.1407570301890373
2010,4020000,1.14824739125371
2011,4022000,1.1659397430717946
2012,4024000,1.143503229111433
2013,4026000,1.1389534879326821
2014,4028000,1.1522599025964737
2015,4030000,1.1409804302453994
2016,4032000,1.1541384648680686
2017,4034000,1.1310281801521778
2018,4036000,1.1655855042040348
2019,4038000,1.1432800257503986
2020,4040000,1.1531525552272797
2021,4042000,1.1418785194158554
2022,4044000,1.1450115749537946
2023,4046000,1.1411304868459702
2024,4048000,1.1551110087931156
2025,4050000,1.1547310063242913
2026,4052000,1.1492182814478875
2027,4054000,1.1655292126834393
2028,4056000,1.146378837198019
2029,4058000,1.1527160741090774
2030,4060000,1.1449711376428604
2031,4062000,1.1476877571642399
2032,4064000,1.15795415148139
2033,4066000,1.1373653899431229
2034,4068000,1.1321294838786125
2035,4070000,1.1496046305000782
2036,4072000,1.1405755074620247
2037,4074000,1.1422381639778614
2038,4076000,1.1451444675326348
2039,4078000,1.162494187116623
2040,4080000,1.1539909693300725
2041,4082000,1.1492192894518376
2042,4084000,1.1512520438432694
2043,4086000,1.1532583737373352
2044,4088000,1.155638696193695
2045,4090000,1.143585578173399
2046,4092000,1.1559794235527516
2047,4094000,1.1513011400699615
2048,4096000,1.151003808706999
2049,4098000,1.1443499781787396
2050,4100000,1.1515535057485105
2051,4102000,1.1495016635656357
2052,4104000,1.1565037188529967
2053,4106000,1.150079628676176
2054,4108000,1.156056295901537
2055,4110000,1.1429308585822582
2056,4112000,1.1595740275979043
2057,4114000,1.1600885260999203
2058,4116000,1.1540611996650696
2059,4118000,1.1562137868702411
2060,4120000,1.1615108295977115
2061,4122000,1.1543166541159153
2062,4124000,1.1474986633658408
2063,4126000,1.1531217875778674
2064,4128000,1.1480795122981071
2065,4130000,1.1493426141142846
2066,4132000,1.1412020505666733
2067,4134000,1.1506760847866535
2068,4136000,1.152218549668789
2069,4138000,1.1526218982636929
2070,4140000,1.160334862470627
2071,4142000,1.1479589604735374
2072,4144000,1.1493821064829826
2073,4146000,1.1473258369266988
2074,4148000,1.1574893030822277
2075,4150000,1.1524949440956116
2076,4152000,1.1619149143993854
2077,4154000,1.1450024045705796
2078,4156000,1.161200794607401
2079,4158000,1.157103913873434
2080,4160000,1.1448164514303207
2081,4162000,1.1396905571222304
2082,4164000,1.1566828884184361
2083,4166000,1.166996613919735
2084,4168000,1.1485433417856694
2085,4170000,1.1538877120018005
2086,4172000,1.155936137199402
2087,4174000,1.1405255927145481
2088,4176000,1.1532992038428784
2089,4178000,1.1506614950895309
2090,4180000,1.1417454535961151
2091,4182000,1.155329008489847
2092,4184000,1.1461967518031597
2093,4186000,1.151387199640274
2094,4188000,1.1598506295084954
2095,4190000,1.1523209612071514
2096,4192000,1.1629476889669894
2097,4194000,1.1522860783040523
2098,4196000,1.1590661277472973
2099,4198000,1.1416610617935659
2100,4200000,1.1569600764513015
2101,4202000,1.1669617017507554
2102,4204000,1.1626017124056816
2103,4206000,1.158276523143053
2104,4208000,1.1446591580808163
2105,4210000,1.1562026475965976
2106,4212000,1.1425830978155136
2107,4214000,1.1488658135831356
2108,4216000,1.1703308326303958
2109,4218000,1.1425008899867535
2110,4220000,1.1543312236368657
2111,4222000,1.165310333520174
2112,4224000,1.1553134262561797
2113,4226000,1.155401570022106
2114,4228000,1.1604343219995499
2115,4230000,1.1632039992809295
2116,4232000,1.161510206848383
2117,4234000,1.1654477780461312
2118,4236000,1.1555719926357269
2119,4238000,1.1645682204663754
2120,4240000,1.1552902543246746
2121,4242000,1.1564648271799087
2122,4244000,1.1516669067442418
2123,4246000,1.1641347208023072
2124,4248000,1.1528349239230156
2125,4250000,1.165713667035103
2126,4252000,1.163281243354082
2127,4254000,1.1715645300149917
2128,4256000,1.1727755773365498
2129,4258000,1.1629033592939377
2130,4260000,1.1683283176720143
2131,4262000,1.1573920891582965
2132,4264000,1.1655625138282777
2133,4266000,1.157206830739975
2134,4268000,1.1495979292094707
2135,4270000,1.1601671875715256
2136,4272000,1.1612076925337314
2137,4274000,1.1593291388750075
2138,4276000,1.1483588809669019
2139,4278000,1.1594795182943345
2140,4280000,1.158543852508068
2141,4282000,1.1629674787521362
2142,4284000,1.1581664518713952
2143,4286000,1.1598068209290504
2144,4288000,1.1720850734710693
2145,4290000,1.1526035867929458
2146,4292000,1.1643787311911582
2147,4294000,1.1673234951198102
2148,4296000,1.1590390310883523
2149,4298000,1.1549724236428738
2150,4300000,1.1491579967439174
2151,4302000,1.1569185257256032
2152,4304000,1.1511486234366894
2153,4306000,1.1613526118397712
2154,4308000,1.161264760106802
2155,4310000,1.1586602855026722
2156,4312000,1.1433195483088494
2157,4314000,1.154967672944069
2158,4316000,1.1637264585494995
2159,4318000,1.1717663614153861
2160,4320000,1.1662984428405763
2161,4322000,1.1702223142385484
2162,4324000,1.1613469397723675
2163,4326000,1.1557106745541095
2164,4328000,1.1675082486867905
2165,4330000,1.1723929325342177
2166,4332000,1.1564914573431015
2167,4334000,1.1551693582236766
2168,4336000,1.1548786295354367
2169,4338000,1.1584505715966225
2170,4340000,1.1531537880003453
2171,4342000,1.1631426984667779
2172,4344000,1.1665532547831536
2173,4346000,1.1650412589609622
2174,4348000,1.169713077992201
2175,4350000,1.166285661906004
2176,4352000,1.1630676137506961
2177,4354000,1.1641921871900558
2178,4356000,1.1509994255006313
2179,4358000,1.171809169113636
2180,4360000,1.1602921388447285
2181,4362000,1.1575619684755802
2182,4364000,1.1623709283471106
2183,4366000,1.1608724175691605
2184,4368000,1.1573548036813737
2185,4370000,1.1680562936365604
2186,4372000,1.15408174264431
2187,4374000,1.1778936734199523
2188,4376000,1.1762342754006385
2189,4378000,1.1748891512155533
2190,4380000,1.1723619985580445
2191,4382000,1.1560084095299243
2192,4384000,1.1504315900206565
2193,4386000,1.1573163987696171
2194,4388000,1.1530162675976754
2195,4390000,1.161320774793625
2196,4392000,1.1747140313982964
2197,4394000,1.167324831455946
2198,4396000,1.162434023618698
2199,4398000,1.1580636543333531
2200,4400000,1.165465573012829
2201,4402000,1.1613240107595921
2202,4404000,1.1574221421182156
2203,4406000,1.1687602900266647
2204,4408000,1.1588008070588112
2205,4410000,1.1503838686347008
2206,4412000,1.1628891272842885
2207,4414000,1.168330118328333
2208,4416000,1.1663602867424487
2209,4418000,1.157883470028639
2210,4420000,1.1649772242605687
2211,4422000,1.1672926532030106
2212,4424000,1.1718222947120667
2213,4426000,1.1618081613183022
2214,4428000,1.1673090614378452
2215,4430000,1.1597456693053245
2216,4432000,1.1736886241734028
2217,4434000,1.1590317648649215
2218,4436000,1.1610547259151935
2219,4438000,1.1727902448177339
2220,4440000,1.1569223084151745
2221,4442000,1.168646411895752
2222,4444000,1.1515095055401325
2223,4446000,1.1653954783082008
2224,4448000,1.1684218215346336
2225,4450000,1.1692567712962627
2226,4452000,1.168150395065546
2227,4454000,1.1849347402751447
2228,4456000,1.1772497757971288
2229,4458000,1.1735220770835877
2230,4460000,1.1659923105239869
2231,4462000,1.1668187497258187
2232,4464000,1.177157134950161
2233,4466000,1.1716524546146392
2234,4468000,1.1799716492891312
2235,4470000,1.172946598738432
2236,4472000,1.1680493043661118
2237,4474000,1.1731118261814117
2238,4476000,1.164438595354557
2239,4478000,1.1706631172001363
2240,4480000,1.1747132251262664
2241,4482000,1.1662318133413792
2242,4484000,1.1704752148985862
2243,4486000,1.1707488724887372
2244,4488000,1.1685894459187984
2245,4490000,1.1727182985544204
2246,4492000,1.1719704440236092
2247,4494000,1.1648994991779327
2248,4496000,1.168994561970234
2249,4498000,1.1735298832952976
2250,4500000,1.1760905836820603
2251,4502000,1.1639778472781181
2252,4504000,1.1675482822060586
2253,4506000,1.1827638127207756
2254,4508000,1.1680794929862022
2255,4510000,1.164820466220379
2256,4512000,1.1743135200440884
2257,4514000,1.1748702613711357
2258,4516000,1.1721441017389298
2259,4518000,1.1747589006721972
2260,4520000,1.1651593216359615
2261,4522000,1.1702947685718537
2262,4524000,1.172451995819807
2263,4526000,1.1766704162061215
2264,4528000,1.173407344341278
2265,4530000,1.1793872854113578
2266,4532000,1.1692846024632453
2267,4534000,1.1696961976587772
2268,4536000,1.1682562987506389
2269,4538000,1.1804487692415715
2270,4540000,1.1626006110310554
2271,4542000,1.1723515742719173
2272,4544000,1.1777757580578327
2273,4546000,1.16546936494112
2274,4548000,1.1698888267874719
2275,4550000,1.1739338171482085
2276,4552000,1.1730943414568902
2277,4554000,1.169492899298668
2278,4556000,1.1838267894983292
2279,4558000,1.1754455549418927
2280,4560000,1.1837311612665653
2281,4562000,1.1741295143961907
2282,4564000,1.177752528309822
2283,4566000,1.159433238595724
2284,4568000,1.1685935442745685
2285,4570000,1.1871992951333523
2286,4572000,1.1821131484210492
2287,4574000,1.1717704313397408
2288,4576000,1.1674494914710523
2289,4578000,1.1750427863001824
2290,4580000,1.1657756934165955
2291,4582000,1.1747070697844029
2292,4584000,1.168113005489111
2293,4586000,1.1666442903876304
2294,4588000,1.17884894323349
2295,4590000,1.1729306018948555
2296,4592000,1.1639288640618324
2297,4594000,1.1742760406136512
2298,4596000,1.1728870494663715
2299,4598000,1.1631923118531704
2300,4600000,1.1739917828738688
2301,4602000,1.1764111437499523
2302,4604000,1.1776270487606526
2303,4606000,1.1695008621513843
2304,4608000,1.1580797841846944
2305,4610000,1.180351103246212
2306,4612000,1.1843639189302921
2307,4614000,1.1690431322455406
2308,4616000,1.1762509315013885
2309,4618000,1.1710738413333892
2310,4620000,1.179734107941389
2311,4622000,1.165561688631773
2312,4624000,1.180379128664732
2313,4626000,1.17946705237031
2314,4628000,1.1807436216175555
2315,4630000,1.173943272560835
2316,4632000,1.1608894025087357
2317,4634000,1.1752633361816407
2318,4636000,1.1783173459470273
2319,4638000,1.1726374831795692
2320,4640000,1.1867548759579658
2321,4642000,1.166312007009983
2322,4644000,1.1760435841977597
2323,4646000,1.177106854468584
2324,4648000,1.1820939166843891
2325,4650000,1.1844218970537186
2326,4652000,1.1817176407575607
2327,4654000,1.1760218880176545
2328,4656000,1.1704209164977073
2329,4658000,1.1828524429500102
2330,4660000,1.1820998044610023
2331,4662000,1.179546224206686
2332,4664000,1.172293959081173
2333,4666000,1.165857695430517
2334,4668000,1.1765563005805015
2335,4670000,1.167228978216648
2336,4672000,1.1734154637157916
2337,4674000,1.180346698999405
2338,4676000,1.1749865358769893
2339,4678000,1.1773888899087905
2340,4680000,1.1718598254323005
2341,4682000,1.181991988182068
2342,4684000,1.1715131422877312
2343,4686000,1.1684265331327914
2344,4688000,1.1765280976891517
2345,4690000,1.1728969653844834
2346,4692000,1.1656207512021064
2347,4694000,1.1812417874634267
2348,4696000,1.182558152794838
2349,4698000,1.174826506525278
2350,4700000,1.1774387719333173
2351,4702000,1.1671189779639244
2352,4704000,1.179934922516346
2353,4706000,1.1767602687776089
2354,4708000,1.1800207706391812
2355,4710000,1.1764484212696553
2356,4712000,1.1810141738951205
2357,4714000,1.1917452625334264
2358,4716000,1.1814444639086723
2359,4718000,1.1784587000012399
2360,4720000,1.176253513634205
2361,4722000,1.1776627001464366
2362,4724000,1.176576303511858
2363,4726000,1.17459437251091
2364,4728000,1.175068988353014
2365,4730000,1.1697972535192966
2366,4732000,1.1749757270216943
2367,4734000,1.1736064410209657
2368,4736000,1.1914006106257438
2369,4738000,1.1806183116436004
2370,4740000,1.1713379736840726
2371,4742000,1.1711558238267898
2372,4744000,1.1793481021523475
2373,4746000,1.1634364280998706
2374,4748000,1.1734280878305434
2375,4750000,1.17198435652256
2376,4752000,1.1749141035079955
2377,4754000,1.1766612462699413
2378,4756000,1.183988208860159
2379,4758000,1.1706938712894916
2380,4760000,1.1577515883147718
2381,4762000,1.1857123839259147
2382,4764000,1.1753370832800865
2383,4766000,1.178838485121727
2384,4768000,1.1718830315172672
2385,4770000,1.1775423814952373
2386,4772000,1.1752315688431263
2387,4774000,1.1750600890517235
2388,4776000,1.1668594182133674
2389,4778000,1.1821591482162475
2390,4780000,1.1782967977821828
2391,4782000,1.1562137713134288
2392,4784000,1.1831926820874215
2393,4786000,1.1742462943196297
2394,4788000,1.175586523205042
2395,4790000,1.1709120761156082
2396,4792000,1.1754581395685673
2397,4794000,1.1740425477027894
2398,4796000,1.175384956896305
2399,4798000,1.1739234583377838
2400,4800000,1.1811033965349198
2401,4802000,1.1811085939109325
2402,4804000,1.1738286941349507
2403,4806000,1.183221156358719
2404,4808000,1.1863858013451098
2405,4810000,1.1779074346721172
2406,4812000,1.1834264717996121
2407,4814000,1.188131137907505
2408,4816000,1.1864674893021583
2409,4818000,1.18531263756752
2410,4820000,1.1825315743684768
2411,4822000,1.170248664945364
2412,4824000,1.1776099871098995
2413,4826000,1.1770729422867299
2414,4828000,1.179225480467081
2415,4830000,1.177400468081236
2416,4832000,1.1892334935069084
2417,4834000,1.1910607038438321
2418,4836000,1.1882827269136906
2419,4838000,1.1836434434354306
2420,4840000,1.1859663182497024
2421,4842000,1.1954784220457078
2422,4844000,1.1834140691459178
2423,4846000,1.1866635866463184
2424,4848000,1.1760220382511615
2425,4850000,1.1795091086924077
2426,4852000,1.1980169020593165
2427,4854000,1.1751805590093136
2428,4856000,1.1841223758161068
2429,4858000,1.1734191266000271
2430,4860000,1.1870357066094874
2431,4862000,1.185660206258297
2432,4864000,1.169369418233633
2433,4866000,1.1879302278459072
2434,4868000,1.1841134743690491
2435,4870000,1.1777083650529385
2436,4872000,1.164633290886879
2437,4874000,1.1975562423169612
2438,4876000,1.1839492428898812
2439,4878000,1.1952906697392465
2440,4880000,1.174705369859934
2441,4882000,1.1834244435429573
2442,4884000,1.1804129947423936
2443,4886000,1.1746172423660755
2444,4888000,1.174838309764862
2445,4890000,1.172180660992861
2446,4892000,1.192662696033716
2447,4894000,1.1748587945699691
2448,4896000,1.1892309815585613
2449,4898000,1.1865966667532921
2450,4900000,1.1818244816064836
2451,4902000,1.1681597745120524
2452,4904000,1.1790162642598152
2453,4906000,1.1820411104559898
2454,4908000,1.171506206870079
2455,4910000,1.1772954061031342
2456,4912000,1.1768850737810135
2457,4914000,1.1873633435070514
2458,4916000,1.189123908996582
2459,4918000,1.1911267657876015
2460,4920000,1.1853697685599327
2461,4922000,1.1788203179240226
2462,4924000,1.1822354148626328
2463,4926000,1.1837611988782883
2464,4928000,1.183744780510664
2465,4930000,1.182123502343893
2466,4932000,1.1831958186626435
2467,4934000,1.1893325833380222
2468,4936000,1.183250040769577
2469,4938000,1.1779340347349643
2470,4940000,1.1972878662347795
2471,4942000,1.1820339152216912
2472,4944000,1.1751418721079827
2473,4946000,1.1847255463302135
2474,4948000,1.1902939693629742
2475,4950000,1.181959977030754
2476,4952000,1.174500576376915
2477,4954000,1.1908034849762916
2478,4956000,1.1910709561109543
2479,4958000,1.1769196861684323
2480,4960000,1.1825499214828015
2481,4962000,1.200185667514801
2482,4964000,1.1806116868257523
2483,4966000,1.1881515566706657
2484,4968000,1.1857319123744965
2485,4970000,1.1834886263906956
2486,4972000,1.1867979949116707
2487,4974000,1.185864119887352
2488,4976000,1.1821839912831784
2489,4978000,1.177108279645443
2490,4980000,1.192263894200325
2491,4982000,1.1882826460897922
2492,4984000,1.1778700595200062
2493,4986000,1.1861102117300033
2494,4988000,1.1858352051973342
2495,4990000,1.1861106381714344
2496,4992000,1.1988501074612141
2497,4994000,1.1686545839607716
2498,4996000,1.1797357477843762
2499,4998000,1.1857954418659211
2500,5000000,1.1881007898747922
