1,2000,0.6103554781805723
2,4000,-0.5870529176592827
3,6000,-0.7159699256420136
4,8000,-0.8037241556346416
5,10000,-0.869819989413023
6,12000,-0.9168679551705718
7,14000,-0.9617416812218725
8,16000,-0.9788070051744581
9,18000,-1.0465153197348118
10,20000,-1.0884547886252403
11,22000,-1.1294738461375236
12,24000,-1.1692737009525298
13,26000,-1.1990049244761467
14,28000,-1.2292396343648433
15,30000,-0.8719009727481752
16,32000,-1.2202405095100404
17,34000,-1.2827874427735806
18,36000,-1.3076794401407241
19,38000,-1.3358921146690845
20,40000,-1.3661112140715121
21,42000,-1.3879467163980008
22,44000,-1.4092985828518867
23,46000,-0.691725429543294
24,48000,-1.3561054505184293
25,50000,-1.4394037107229232
26,52000,-1.4583295602798463
27,54000,-1.476492401689291
28,56000,-1.494572319686413
29,58000,-1.5121289689838886
30,60000,-1.532823014944792
31,62000,-1.550532219618559
32,64000,-1.561511083960533
33,66000,-1.5800204937458038
34,68000,-1.5947591964006425
35,70000,-1.609314567565918
36,72000,-1.6185967071652412
37,74000,-1.623862920254469
38,76000,-1.6427210419774056
39,78000,0.2504017134536989
40,80000,-1.0610270349383355
41,82000,-1.0210946715045721
42,84000,-1.4806285979375242
43,86000,-1.632501714706421
44,88000,-1.6588137656152249
45,90000,-1.6614838552773
46,92000,-1.6868845647275448
47,94000,-1.6964629459679126
48,96000,-1.715653560578823
49,98000,-1.7230590472817422
50,100000,-1.7393974335789681
51,102000,-1.7455251660346984
52,104000,-1.7585320432186127
53,106000,-1.7649842464327812
54,108000,-1.779654735982418
55,110000,-1.7930868173837662
56,112000,-1.7954935704469681
57,114000,-1.8110188785791397
58,116000,-1.8173068661093712
59,118000,-1.8295407059192657
60,120000,-1.8320447914600373
61,122000,-1.8373675262928009
62,124000,-1.8483686763942242
63,126000,-1.8565634531378745
64,128000,-1.8600080935657024
65,130000,-1.8718615644574166
66,132000,-1.8756212272644044
67,134000,-1.8839377813339233
68,136000,-1.8914402368664742
69,138000,-1.8954226201176643
70,140000,0.10103158846497536
71,142000,-0.5497819684557617
72,144000,-1.8490443821549416
73,146000,-1.9008151291310786
74,148000,-1.9120719371438026
75,150000,-1.9204189764857291
76,152000,-1.9182757831811905
77,154000,-1.9296264930963516
78,156000,-1.936076474905014
79,158000,-1.9428462162613869
80,160000,-1.9419586139321328
81,162000,-1.954479654967785
82,164000,-1.9603463443517686
83,166000,-1.9622708359360694
84,168000,-1.9681591790914537
85,170000,-1.971686886548996
86,172000,-1.9750976359248162
87,174000,-1.975384293437004
88,176000,-1.9775040181279182
89,178000,-1.9891976610422135
90,180000,-1.9931630244255065
91,182000,-1.9956641705036164
92,184000,-2.003584914922714
93,186000,-2.0041032999753954
94,188000,-2.0070058587789537
95,190000,-2.010557740777731
96,192000,-2.017309269309044
97,194000,-2.0191019881367684
98,196000,-2.0255809903144835
99,198000,-2.0251599092185497
100,200000,-1.3479175750939176
101,202000,-1.3144361523911356
102,204000,-2.040314856529236
103,206000,-2.0103124561607837
104,208000,-2.0400550382733345
105,210000,-2.0389851781725885
106,212000,-2.0403114271759986
107,214000,-2.0436403933167457
108,216000,-2.052497939944267
109,218000,-2.0545270400047304
110,220000,-2.061360854446888
111,222000,-2.0561773208677767
112,224000,-2.0633237894773484
113,226000,-2.0642822080850602
114,228000,-2.0667885770201684
115,230000,-2.0769100784659384
116,232000,-2.0773330732584
117,234000,-2.080614797770977
118,236000,-2.0820115482211112
119,238000,-2.0826390516161917
120,240000,-2.090473194479942
121,242000,-2.0853882641494272
122,244000,-2.0960279355049134
123,246000,-2.0941073288321497
124,248000,-2.1021112894415857
125,250000,-2.095712820112705
126,252000,-2.104582400560379
127,254000,-2.1014549187868834
128,256000,-2.108370850563049
129,258000,-2.107910820901394
130,260000,-2.1165683144927026
131,262000,-2.1208654574155807
132,264000,-0.3189621144896373
133,266000,-1.1864304810445756
134,268000,-2.0176729509439317
135,270000,0.9613313588732854
136,272000,-1.7390863234400749
137,274000,-2.1011600014567375
138,276000,-2.113923459768295
139,278000,-2.1221477644443514
140,280000,-2.1219334825873375
141,282000,-2.1338353230953215
142,284000,-2.138557714223862
143,286000,-0.14948583144694566
144,288000,-0.8419324099537916
145,290000,-2.1037563990354538
146,292000,-2.138246319770813
147,294000,-2.1467162824869157
148,296000,-0.9353163967374712
149,298000,-0.4532287384825759
150,300000,-1.9744872903171926
151,302000,-1.6673944173976778
152,304000,-1.7330949663594366
153,306000,-2.1533580095767975
154,308000,-2.141585270524025
155,310000,-2.1594419930577278
156,312000,-2.1621773238182067
157,314000,-2.1600578207373617
158,316000,-2.165408386170864
159,318000,-2.1764261144399644
160,320000,-2.174938373684883
161,322000,-2.1735492752194405
162,324000,-2.177667088150978
163,326000,-2.186344888329506
164,328000,-2.1935875887274743
165,330000,-2.190722168803215
166,332000,-2.2021394309401514
167,334000,-2.1879182013869287
168,336000,-2.203508347213268
169,338000,-2.2094315738677976
170,340000,-0.11767333185626194
171,342000,-1.868093226917088
172,344000,-2.002722400987521
173,346000,-2.2140709511637686
174,348000,-2.206759622037411
175,350000,-2.206787291109562
176,352000,-2.2076786308586596
177,354000,-0.6996855878029019
178,356000,-1.7947064644526691
179,358000,-1.854426666795276
180,360000,-2.2250508165359495
181,362000,-2.2122272280454633
182,364000,-2.215099487066269
183,366000,0.2228588425088674
184,368000,-2.116057548046112
185,370000,-2.223126295387745
186,372000,-2.2146552785634994
187,374000,-2.2121969728171824
188,376000,-2.22694193482399
189,378000,-2.2307485544085504
190,380000,-2.233357775270939
191,382000,-2.236264991402626
192,384000,-2.2350481296181677
193,386000,-2.2453796140551567
194,388000,-2.24302336782217
195,390000,-2.2433807217478754
196,392000,-2.2399676964581015
197,394000,-2.2426138615608213
198,396000,-2.2615070117115974
199,398000,-2.2503826656937598
200,400000,-2.2638018104434012
201,402000,-2.261116744995117
202,404000,-2.259634953260422
203,406000,-2.2607464834824205
204,408000,-2.2555715266652405
205,410000,-2.2722563958764077
206,412000,-2.2671560378670694
207,414000,-2.2679147875905037
208,416000,-2.2773410052657126
209,418000,-2.270474810246378
210,420000,-2.270350136183202
211,422000,-2.277597695231438
212,424000,-2.2841828713417054
213,426000,-2.287254447102547
214,428000,-2.2908260848522186
215,430000,-2.288716946065426
216,432000,-2.2920601363182067
217,434000,-2.2908685885071756
218,436000,-2.3000673076510427
219,438000,-2.2961945197880267
220,440000,-2.29895443880558
221,442000,-2.302690722346306
222,444000,-2.2998101966381075
223,446000,-2.3031735960841178
224,448000,-2.3042909445762634
225,450000,-2.307101942360401
226,452000,-2.3018703782577066
227,454000,-1.6366824399316684
228,456000,-1.1281956935878843
229,458000,-2.2978220903873443
230,460000,-2.3130923856496812
231,462000,-2.3161679345965385
232,464000,-2.3092136480808256
233,466000,-2.324900285601616
234,468000,-2.3194985830187798
235,470000,-2.316952700547874
236,472000,0.17843489505257457
237,474000,-1.648835265448317
238,476000,-2.115852625751868
239,478000,-2.3279485463500023
240,480000,-2.30880312281847
241,482000,-2.308234428822994
242,484000,2.647630260304548
243,486000,-2.0248589071631433
244,488000,-2.326434594273567
245,490000,-2.3198041397333147
246,492000,-2.320416271030903
247,494000,-2.316039504811168
248,496000,-2.3287482135891913
249,498000,-2.330197656452656
250,500000,-2.3360054782629014
251,502000,-2.3323695356845855
252,504000,-2.338239259123802
253,506000,-2.3410946551561356
254,508000,-2.33702058506012
255,510000,-2.3406716962456704
256,512000,-2.3515456026792525
257,514000,-2.3464415109753607
258,516000,-2.3470130335092545
259,518000,2.9123574087917805
260,520000,-0.9386420963001437
261,522000,-2.2602415680289267
262,524000,-2.3322854678034783
263,526000,-2.344767031788826
264,528000,-2.3461328645348547
265,530000,-2.3450582447052004
266,532000,-2.3559609097242356
267,534000,-2.3469222970604897
268,536000,-2.353911476649344
269,538000,-2.349117543399334
270,540000,-2.363171673536301
271,542000,-2.3667355946302413
272,544000,-2.3638060947060584
273,546000,-2.369116335272789
274,548000,4.360716408292763
275,550000,-1.4528347737081349
276,552000,-2.3460450775027275
277,554000,-2.3715211436748507
278,556000,-2.3573407333791256
279,558000,-2.365325567532331
280,560000,-0.4260658577680588
281,562000,-1.4428357300204224
282,564000,-2.368032800614834
283,566000,-2.3756226811408996
284,568000,-0.3639503848189488
285,570000,-2.3953410353660582
286,572000,-2.3849051929712295
287,574000,-2.3730311225652696
288,576000,-2.3747087127566338
289,578000,-2.376440131366253
290,580000,-2.3794872902035715
291,582000,-2.3824443494677543
292,584000,1.5543547715740278
293,586000,-1.9347320236563683
294,588000,-2.380806031823158
295,590000,-2.382176561832428
296,592000,-2.3762196589931848
297,594000,-0.3302748512923718
298,596000,-1.3286867924490944
299,598000,-1.6393240724140778
300,600000,-2.08712584766373
301,602000,-0.06644896234199404
302,604000,-2.0756559834163637
303,606000,-1.6165997333675624
304,608000,-2.3723036790937186
305,610000,-2.3735729657411575
306,612000,-0.5312035556514747
307,614000,-1.8460731500256806
308,616000,-2.2569829748682677
309,618000,-2.3868914859890937
310,620000,0.04471650435216725
311,622000,-2.0830861791335047
312,624000,-0.7268231326425448
313,626000,-2.2798076557004823
314,628000,-1.352190624182578
315,630000,-1.9027893177811057
316,632000,-1.863264746710658
317,634000,-0.5797547140317038
318,636000,-1.9518092369148508
319,638000,-2.3672035945653915
320,640000,-2.369838760733604
321,642000,-2.380394894182682
322,644000,-2.379955246269703
323,646000,-2.379061011213809
324,648000,-2.3945295815467835
325,650000,-0.3047855804199353
326,652000,-2.314205719023943
327,654000,-2.410505814880133
328,656000,-2.394251762568951
329,658000,-2.40822691899538
330,660000,-2.4069380348324776
331,662000,-2.4050046865940096
332,664000,-2.418768689930439
333,666000,-1.3664114857967944
334,668000,-1.7409645964566152
335,670000,-2.097610419370234
336,672000,-2.1262312412876634
337,674000,-2.4214186484217644
338,676000,-2.400159400045872
339,678000,-2.423187635540962
340,680000,-2.4204171968698502
341,682000,0.23075763802602886
342,684000,-0.11606203481182456
343,686000,-2.2679191613569856
344,688000,-2.423083297133446
345,690000,-2.4208496136069297
346,692000,-2.4150169419646264
347,694000,-2.4268514080047607
348,696000,-2.433257553815842
349,698000,-2.4341915598511696
350,700000,-2.4307923756837844
351,702000,-2.440030971467495
352,704000,-2.4327662381008266
353,706000,-2.4460568412542343
354,708000,-2.4312385932803156
355,710000,1.0226542219053953
356,712000,-2.305407879829407
357,714000,-2.458072121500969
358,716000,-2.4396306148171423
359,718000,-2.4338511899933217
360,720000,1.0555155080752447
361,722000,-1.1963018046543001
362,724000,-2.2300416604261843
363,726000,-2.2068138241516424
364,728000,-2.4176644358709454
365,730000,-2.4413463547229766
366,732000,-2.4381634900569917
367,734000,-2.442827611029148
368,736000,-2.44962015157938
369,738000,-2.4599853266477583
370,740000,-2.4561250871419906
371,742000,-1.5446870923060925
372,744000,-2.2641050746496765
373,746000,-2.4840940808057783
374,748000,2.249002695776522
375,750000,-2.4484504430294036
376,752000,-2.483926864147186
377,754000,-2.456350179731846
378,756000,-2.4568178072571754
379,758000,4.720192503809929
380,760000,-0.1561322220703587
381,762000,-1.358895126003772
382,764000,-2.3418006452918054
383,766000,-2.420893765926361
384,768000,-2.4463981020450594
385,770000,0.034120250165462496
386,772000,-0.9495700605695602
387,774000,-2.2798101447243244
388,776000,-1.6151858447706327
389,778000,-2.4446813155412674
390,780000,2.973586082294583
391,782000,-1.4885328043997288
392,784000,-2.018062417143956
393,786000,-1.8391272141961381
394,788000,-1.5039857797883451
395,790000,-1.9357480013477617
396,792000,-2.350671763326973
397,794000,-1.4643399821808563
398,796000,-2.260057866996154
399,798000,-1.7738069711709394
400,800000,-1.94448006710317
401,802000,-2.4399177359342574
402,804000,-2.4283578916192057
403,806000,-2.4363982207775114
404,808000,-2.4460062419474125
405,810000,1.4710996035598218
406,812000,-2.2196768707484007
407,814000,-2.305076893675141
408,816000,1.2010304622971453
409,818000,-2.3730011559724806
410,820000,-2.446722847878933
411,822000,-2.4431918585896493
412,824000,-2.450796284854412
413,826000,-2.458135141968727
414,828000,-1.0818249593302607
415,830000,-1.785852143334225
416,832000,-2.4609960909485817
417,834000,-2.4650029568076133
418,836000,-2.475811909139156
419,838000,-2.4762803700566294
420,840000,0.72310793574946
421,842000,-2.375789306461811
422,844000,-2.4616721224822102
423,846000,-2.4842549583911895
424,848000,-2.4745559062957763
425,850000,-2.477631296634674
426,852000,0.031005950570106508
427,854000,-1.5592549766888841
428,856000,-2.5011745423078535
429,858000,-2.5011463093161583
430,860000,-2.4954452273249625
431,862000,-2.484362118422985
432,864000,-2.499240802049637
433,866000,-2.497715689122677
434,868000,-2.4935273488163947
435,870000,-2.49566211104393
436,872000,-2.502558952987194
437,874000,-2.494726420044899
438,876000,-1.3458285850640386
439,878000,-2.1550930858403445
440,880000,-1.4168626133259385
441,882000,-2.4735269406437874
442,884000,-0.4592793825534172
443,886000,-2.210051891680807
444,888000,-1.1293108805865049
445,890000,-0.806323901290074
446,892000,-2.078158426596783
447,894000,-1.4870183842983098
448,896000,-2.2230135871383827
449,898000,-1.8319691621577368
450,900000,-2.242331036621705
451,902000,-2.3489061248209326
452,904000,-2.487088115870953
453,906000,-2.47999967199564
454,908000,-2.4869884090423584
455,910000,-2.4958230578303335
456,912000,-2.4968907347917555
457,914000,-2.504203619480133
458,916000,-0.7605012899423018
459,918000,-0.16509314889973029
460,920000,-0.41226348515832795
461,922000,-2.3336808928847312
462,924000,-2.4942637358903883
463,926000,-2.4935753543972967
464,928000,-2.492701272547245
465,930000,-2.501874999821186
466,932000,-2.508334193050861
467,934000,-2.5109367424845694
468,936000,-2.5139524213075637
469,938000,-2.51895728379488
470,940000,-2.520040997028351
471,942000,-2.5223538595438004
472,944000,-2.526177739262581
473,946000,2.427314045579173
474,948000,-2.177662757784128
475,950000,0.1463538622786291
476,952000,-2.3894615420307965
477,954000,-2.527456874191761
478,956000,0.27103028759360315
479,958000,-0.9225617063618266
480,960000,-2.4417522071301936
481,962000,-2.045127231711522
482,964000,-1.2995698706712573
483,966000,-1.0198340871045366
484,968000,-2.354634195886552
485,970000,-0.3769014979973435
486,972000,-1.29743479214143
487,974000,-2.284107349149883
488,976000,-2.5057747851610186
489,978000,-2.5038808106184005
490,980000,-2.513023040354252
491,982000,-2.5132915724515916
492,984000,-2.519150688827038
493,986000,2.605800239707809
494,988000,-2.2934372215270997
495,990000,-2.5294076067209246
496,992000,-2.525374718308449
497,994000,-0.453422177169472
498,996000,-1.7467654680488631
499,998000,-2.3504824315290898
500,1000000,-1.9999967409726231
501,1002000,-1.6894827499408276
502,1004000,-2.5228390741348266
503,1006000,-2.5152207030057907
504,1008000,-2.522643196582794
505,1010000,-2.5226881942749024
506,1012000,-2.525550617516041
507,1014000,-2.526272319167852
508,1016000,2.3326967811910437
509,1018000,-2.1223709744066
510,1020000,-2.384928596019745
511,1022000,-2.5604072641730307
512,1024000,-2.542147724509239
513,1026000,-2.531487358927727
514,1028000,-2.546701674580574
515,1030000,-2.5477733785510064
516,1032000,-1.2025750527684578
517,1034000,-2.315972649745643
518,1036000,-2.2281937868725508
519,1038000,-2.293908278701827
520,1040000,0.016164534199051558
521,1042000,-2.348928297141567
522,1044000,-2.4819609856903555
523,1046000,-2.540404682636261
524,1048000,-2.5452464740872385
525,1050000,-2.543020433306694
526,1052000,-2.5416920354366304
527,1054000,-2.5527135300040245
528,1056000,-1.209857501202263
529,1058000,-1.7322709663920104
530,1060000,-2.254833805322647
531,1062000,-2.130729534331709
532,1064000,-2.135368162095547
533,1066000,-2.0744969697333873
534,1068000,-1.6142094626808539
535,1070000,-2.42382290125452
536,1072000,-1.6864168060407974
537,1074000,-1.749491373034194
538,1076000,-2.387173868167214
539,1078000,-1.175820022854954
540,1080000,-2.5445342780947686
541,1082000,0.8319363113502041
542,1084000,-1.753691760628484
543,1086000,-1.7293412038758398
544,1088000,-2.0532884122161197
545,1090000,-2.123164661858231
546,1092000,-2.0654088688548655
547,1094000,-2.2026657296027987
548,1096000,-2.5174903205037116
549,1098000,-2.5454005939364435
550,1100000,-1.2956055824393407
551,1102000,-2.283655154660344
552,1104000,-2.5640966833233834
553,1106000,-2.547718851685524
554,1108000,0.14866655333293602
555,1110000,-2.173079905822873
556,1112000,-2.3035635733231903
557,1114000,-0.9756271293964237
558,1116000,-1.826830355756916
559,1118000,-2.330145263366401
560,1120000,-2.3419108718642967
561,1122000,-2.5499918531477452
562,1124000,-1.183086150106974
563,1126000,-2.364302343316376
564,1128000,-2.134417431972921
565,1130000,-2.031940523603931
566,1132000,-2.3849059899374843
567,1134000,-1.21471272096131
568,1136000,-2.567040310382843
569,1138000,-2.563014837384224
570,1140000,-2.550364760220051
571,1142000,-2.5610046328902243
572,1144000,-2.5636246807575227
573,1146000,-2.569642938911915
574,1148000,-0.021242250105366112
575,1150000,-2.1793949749940076
576,1152000,-2.2578275298429653
577,1154000,-1.7906211948934943
578,1156000,-2.4475030800513924
579,1158000,-2.581068938076496
580,1160000,-2.5743826757073403
581,1162000,-2.5667412068843842
582,1164000,-2.5728800604343416
583,1166000,-2.5788068304657936
584,1168000,-2.5838150551319123
585,1170000,-2.587592931330204
586,1172000,-2.584981467962265
587,1174000,-0.06169734209682792
588,1176000,-2.3105129027403892
589,1178000,-2.4395807615499945
590,1180000,-2.6050351103544234
591,1182000,-0.6371262245150283
592,1184000,-2.44292004096508
593,1186000,-2.6116772428154946
594,1188000,-0.5610970717500895
595,1190000,-2.253185164982453
596,1192000,-2.519434462606907
597,1194000,-2.599937874853611
598,1196000,1.8962979097105563
599,1198000,-2.1470463544428346
600,1200000,-1.9846440176144242
601,1202000,-2.144878046730533
602,1204000,-0.5998630326762795
603,1206000,-2.329895853973925
604,1208000,-2.3433053984548895
605,1210000,-2.4649696502536536
606,1212000,-1.3619181857602671
607,1214000,-1.9177101468741893
608,1216000,-2.1355005645668133
609,1218000,-2.601112144947052
610,1220000,-2.584656349182129
611,1222000,-2.5835012169480325
612,1224000,-2.5887734894156456
613,1226000,-0.9453696178663522
614,1228000,-2.6152879769206048
615,1230000,-1.1619090826520697
616,1232000,-2.6147614448070526
617,1234000,-2.602239384949207
618,1236000,-2.5907466955780984
619,1238000,-1.7693974181655794
620,1240000,-2.6167309060692787
621,1242000,-2.604522178053856
622,1244000,-2.60210357517004
623,1246000,-2.6029946262836456
624,1248000,-2.6074411002397535
625,1250000,-2.60561559599638
626,1252000,-2.6104201818108557
627,1254000,-2.6072699662446976
628,1256000,-2.612416714847088
629,1258000,-2.6146216205358503
630,1260000,-1.1632361445622519
631,1262000,-2.161593785590492
632,1264000,-2.460805825278163
633,1266000,-2.638304708659649
634,1268000,-2.6118652463555336
635,1270000,-2.6144889151453974
636,1272000,-0.9516248912718147
637,1274000,-2.6328961676955225
638,1276000,-2.6420503219366074
639,1278000,-2.617712876260281
640,1280000,-2.6187677301168444
641,1282000,-2.618083673655987
642,1284000,-2.6243120258450507
643,1286000,-2.628079752266407
644,1288000,-0.25885379638848827
645,1290000,-2.288457877377048
646,1292000,-1.1571521797967144
647,1294000,-2.556247525513172
648,1296000,-2.629452524781227
649,1298000,-0.7022132715536281
650,1300000,-2.582673545509577
651,1302000,-2.6496170469522475
652,1304000,-2.6274302482008935
653,1306000,-2.6235490471124647
654,1308000,-2.6319429222941397
655,1310000,-1.0955081124885473
656,1312000,-2.644243052840233
657,1314000,-2.619048088133335
658,1316000,1.3710834614150227
659,1318000,-2.4565001357989384
660,1320000,-2.2684540059193967
661,1322000,-2.197701874614693
662,1324000,-2.639307095348835
663,1326000,-2.6287553233504295
664,1328000,-2.6352847062945366
665,1330000,-1.3107894860962406
666,1332000,-1.672208423482254
667,1334000,-2.502610130716115
668,1336000,-2.337819659769535
669,1338000,-2.3677419992787763
670,1340000,-1.9036587083544583
671,1342000,-2.4078972101137044
672,1344000,-1.5531946561913936
673,1346000,-2.01368342455104
674,1348000,-2.6328340605497362
675,1350000,-2.618152212500572
676,1352000,-2.627696407735348
677,1354000,-1.0572293744133785
678,1356000,-2.3911670453995466
679,1358000,-1.7332366406749935
680,1360000,-2.531283736457117
681,1362000,-0.6117397311171516
682,1364000,-2.402487649075687
683,1366000,-2.180537877505645
684,1368000,-1.9704262671628967
685,1370000,-2.145070357343182
686,1372000,-1.834081883797422
687,1374000,-2.4517574722561983
688,1376000,-1.0629819446615876
689,1378000,-2.5759610464368015
690,1380000,-1.455081022103317
691,1382000,-2.4764126349277795
692,1384000,-1.8388071758439763
693,1386000,-2.1611269336487164
694,1388000,-2.6192725809812547
695,1390000,-2.0292187893707303
696,1392000,-2.2960641061533242
697,1394000,-2.2564667455311866
698,1396000,-2.630198536992073
699,1398000,-2.6119230714142323
700,1400000,-2.6172264793515208
701,1402000,-2.617359498742968
702,1404000,-1.0498142040688545
703,1406000,-2.0296877986770125
704,1408000,-2.4958215629514306
705,1410000,-0.8002126372242346
706,1412000,-2.3542899668021127
707,1414000,-2.0038952949903903
708,1416000,-2.1330987039040776
709,1418000,0.48585110775753854
710,1420000,-2.5643896450027825
711,1422000,-2.6384083406329153
712,1424000,-2.619774521410465
713,1426000,-1.0873220034316182
714,1428000,-1.6682034523990006
715,1430000,-2.5021543414220213
716,1432000,-1.7892074801120907
717,1434000,-2.282053249798715
718,1436000,-2.5373376211021097
719,1438000,-2.331915190445259
720,1440000,-2.4294994941093027
721,1442000,-2.631827936351299
722,1444000,-2.6303175474405287
723,1446000,-0.4450609220927581
724,1448000,-2.3102918336726725
725,1450000,-2.4891325823040678
726,1452000,-2.4370434641893954
727,1454000,-2.6538353066444396
728,1456000,-0.34317825587652623
729,1458000,-2.1820115455109628
730,1460000,-2.415881006978452
731,1462000,-2.6436596789956095
732,1464000,-1.0486087518995628
733,1466000,-1.534563512854278
734,1468000,-1.3501642583692446
735,1470000,-2.412996464908123
736,1472000,-1.9119069357998668
737,1474000,-1.9251078212196007
738,1476000,-1.478416280142963
739,1478000,-2.24421642781049
740,1480000,-2.6271006868481637
741,1482000,-0.40427773869689554
742,1484000,-2.60041102463007
743,1486000,-2.656806753873825
744,1488000,-2.63588564401865
745,1490000,-0.2211972838882357
746,1492000,-1.3126548640006221
747,1494000,-2.383627565663308
748,1496000,-2.2837653476446866
749,1498000,-1.5922200559796766
750,1500000,-0.8397946511674672
751,1502000,-2.535651294793934
752,1504000,-2.1719882022300734
753,1506000,-2.6019362236075105
754,1508000,-2.6408613077402117
755,1510000,-2.6338169791698456
756,1512000,0.17452948497235776
757,1514000,-2.197359741850756
758,1516000,-2.6053338111341
759,1518000,-2.6537030255198477
760,1520000,-2.641378508090973
761,1522000,-2.648561028301716
762,1524000,-2.6479512819051743
763,1526000,-0.7787844711840153
764,1528000,-2.54483332272619
765,1530000,-2.2209015395026652
766,1532000,-2.591958801563829
767,1534000,-0.908559472406283
768,1536000,-1.9711366215124726
769,1538000,-2.573758167123422
770,1540000,-2.6567709333896636
771,1542000,-2.655586924672127
772,1544000,-2.6488046854138374
773,1546000,-2.651575564622879
774,1548000,-2.6600716280937196
775,1550000,-2.6628486919403076
776,1552000,-2.0018233322910963
777,1554000,-1.0525513032088056
778,1556000,-2.683926500618458
779,1558000,-1.6371215659622103
780,1560000,-2.4145432498306034
781,1562000,-2.673331037461758
782,1564000,-2.6524383799433706
783,1566000,-2.6663428210616114
784,1568000,-2.6674660019278527
785,1570000,-1.4070923789786174
786,1572000,-2.546397462051362
787,1574000,-1.3693080188808964
788,1576000,-2.1845637695230544
789,1578000,-2.4286241978183387
790,1580000,0.9297376637794077
791,1582000,-1.7887720264913514
792,1584000,-2.6900907150506974
793,1586000,-2.685652741551399
794,1588000,0.8368810561466962
795,1590000,-2.442072613030672
796,1592000,-2.4640403292775153
797,1594000,-2.683439933359623
798,1596000,-2.648619463391602
799,1598000,-2.675998361647129
800,1600000,-2.6697093230485915
801,1602000,-2.6803786653876305
802,1604000,-2.6685059008002283
803,1606000,-2.671047953605652
804,1608000,-2.681376225054264
805,1610000,-2.6781328938007354
806,1612000,-0.7783245488842949
807,1614000,-2.1840076485257596
808,1616000,-2.6932988523244856
809,1618000,-0.218954515744932
810,1620000,-2.6730816173106433
811,1622000,-2.7017006712555887
812,1624000,-0.8455512141266373
813,1626000,-2.6960713928341864
814,1628000,-0.507019292037934
815,1630000,-2.474639839769807
816,1632000,-1.7596493526455015
817,1634000,-1.2601393911475316
818,1636000,-2.309629923169501
819,1638000,-2.2902811910407617
820,1640000,-2.290372304998338
821,1642000,-2.4974528435729444
822,1644000,-2.683526885032654
823,1646000,-2.675015666604042
824,1648000,-0.9042081811903044
825,1650000,-0.430335585616529
826,1652000,-2.471241185542196
827,1654000,-2.393638184659183
828,1656000,-1.6794468620717526
829,1658000,-2.300747293065302
830,1660000,0.9353598450757563
831,1662000,-2.3580283803641797
832,1664000,-2.14083880029805
833,1666000,-2.5568640349693594
834,1668000,-2.6747480139136313
835,1670000,-2.663729374229908
836,1672000,-2.671001131772995
837,1674000,-2.6762145149707792
838,1676000,-2.674299059510231
839,1678000,-1.7107699060477317
840,1680000,-2.6328799622356893
841,1682000,-2.6956702370643617
842,1684000,-2.6875476912260057
843,1686000,-2.691627537071705
844,1688000,-2.690796447098255
845,1690000,-2.7010934258699417
846,1692000,2.6205451894127765
847,1694000,-2.5891015918254854
848,1696000,0.05504814082849771
849,1698000,-1.4277999450429342
850,1700000,-2.6460931780934334
851,1702000,-2.688916431367397
852,1704000,-2.165632411852479
853,1706000,-1.3666377037987112
854,1708000,-1.9791671812795102
855,1710000,-1.1680617022803053
856,1712000,-2.4926157502233983
857,1714000,-2.4077473863940684
858,1716000,-2.2208313291892408
859,1718000,-2.280229223517701
860,1720000,-2.148163469796069
861,1722000,-2.2630332073047756
862,1724000,-2.4443232935070993
863,1726000,-1.9436589214932174
864,1728000,-2.49710423360765
865,1730000,-2.29953868147498
866,1732000,-2.444114419527352
867,1734000,-2.0737105569299312
868,1736000,-2.02233103185799
869,1738000,-2.102122765037231
870,1740000,-2.4110003379979172
871,1742000,-1.6589258003719152
872,1744000,-2.3667708517257124
873,1746000,-1.4877171902190893
874,1748000,-2.4063923307210207
875,1750000,-2.485451834656298
876,1752000,-2.678626654624939
877,1754000,-2.6780448954105376
878,1756000,-0.622711555457674
879,1758000,-2.071518603737466
880,1760000,1.0489810996716842
881,1762000,-1.9340458646072074
882,1764000,-2.3767785059176387
883,1766000,-2.3625890544205905
884,1768000,-2.07235713978298
885,1770000,-2.179830040089786
886,1772000,-2.6787333479560913
887,1774000,-2.6806736246347427
888,1776000,-2.6777284477353094
889,1778000,-0.6752719688788056
890,1780000,-2.2636501430328937
891,1782000,-2.020717019977048
892,1784000,-2.328653042592108
893,1786000,-2.6985039589405058
894,1788000,-0.8943530222512781
895,1790000,-2.5875892044398934
896,1792000,-2.7106873636841775
897,1794000,1.7884171226024628
898,1796000,-1.0953069900288246
899,1798000,-2.520174577595666
900,1800000,-2.2911610743291675
901,1802000,-2.340798808321357
902,1804000,-2.105543549099937
903,1806000,-2.4779904674780555
904,1808000,-2.2984205152262
905,1810000,-1.6499413812160493
906,1812000,-2.422989187773317
907,1814000,-2.591525916173123
908,1816000,-2.69268681371212
909,1818000,-2.6921971518993377
910,1820000,-2.6908247151970865
911,1822000,-0.9674538868935779
912,1824000,-2.398238745253533
913,1826000,-1.5251379560008644
914,1828000,-2.6347549230232836
915,1830000,-2.1633193443585186
916,1832000,-2.2914102084571497
917,1834000,-2.706648700773716
918,1836000,-2.6904653763175013
919,1838000,-2.6956960137486456
920,1840000,-2.693408307276666
921,1842000,-2.705725656270981
922,1844000,-1.4121750646852889
923,1846000,-2.5091323507390917
924,1848000,-2.601964089252055
925,1850000,-2.7281432539224624
926,1852000,-2.701717028737068
927,1854000,-1.754292564596981
928,1856000,-2.4147512747468425
929,1858000,-2.530973241582513
930,1860000,-2.1226660263985395
931,1862000,-2.378765206299722
932,1864000,-2.716669130921364
933,1866000,-2.710490725338459
934,1868000,-2.7047208080887795
935,1870000,-1.1162994988933206
936,1872000,-2.405751158343628
937,1874000,-1.352541873476468
938,1876000,-2.398194094752893
939,1878000,-2.5766743793971836
940,1880000,-2.721833191514015
941,1882000,1.303375323554501
942,1884000,-2.2722994600348176
943,1886000,-2.5918031769823284
944,1888000,-1.3359372484991328
945,1890000,-2.429394689312205
946,1892000,-2.712496506214142
947,1894000,-2.7132043618559836
948,1896000,-2.710500164270401
949,1898000,-2.7198419460654257
950,1900000,-2.7205836503505707
951,1902000,-1.6253618899378925
952,1904000,-2.4454859314598143
953,1906000,-2.340422950385371
954,1908000,-1.2819419807773083
955,1910000,-2.664916151082143
956,1912000,-2.1895893908143043
957,1914000,-2.000214794793166
958,1916000,-2.1496655186228453
959,1918000,-2.727586996257305
960,1920000,0.26200956560112537
961,1922000,-2.5296537027675656
962,1924000,-2.363642270870507
963,1926000,-2.71012382632494
964,1928000,-2.717572880923748
965,1930000,-2.7088705441951753
966,1932000,-1.762654059894383
967,1934000,-2.3319015038418582
968,1936000,-2.7038915980234743
969,1938000,-2.7254753680229187
970,1940000,-0.3723825280936435
971,1942000,-2.6174145355839284
972,1944000,-2.439749788859859
973,1946000,-2.362879899650812
974,1948000,-2.650067246776074
975,1950000,-2.0359098254316486
976,1952000,-2.72754294359684
977,1954000,-0.8419753806106747
978,1956000,-2.393602886028588
979,1958000,-2.4860170241282322
980,1960000,-2.3015263410694895
981,1962000,-2.3670331778237594
982,1964000,-2.6255195106137545
983,1966000,-2.7267137325406074
984,1968000,-2.7059418106079103
985,1970000,-1.478830805183854
986,1972000,-2.5369824500456453
987,1974000,-2.2358888484942727
988,1976000,-2.61598048017174
989,1978000,-2.390286787108518
990,1980000,-2.7436350838541985
991,1982000,-2.718622517287731
992,1984000,-2.7304521771073342
993,1986000,-2.726371832728386
994,1988000,-2.7287450724840165
995,1990000,-2.181502875281498
996,1992000,-2.593300927635282
997,1994000,-2.7460149731040002
998,1996000,-2.7377697134017946
999,1998000,-1.032317252584733
1000,2000000,-2.671685748770833
1001,2002000,-2.3490193026056514
1002,2004000,-2.7474785972833633
1003,2006000,-2.730264701068401
1004,2008000,-2.7399933636784555
1005,2010000,-0.858300580654759
1006,2012000,-2.7615713450312613
1007,2014000,-2.747365923643112
1008,2016000,-2.102971102075651
1009,2018000,-1.8043839376554824
1010,2020000,-2.032641933944076
1011,2022000,-2.638621529005468
1012,2024000,-2.5310892222095283
1013,2026000,-0.986294802938588
1014,2028000,-1.2417046879082918
1015,2030000,-2.744069655478001
1016,2032000,-2.737980813086033
1017,2034000,-1.9124507860522717
1018,2036000,-1.5919211100991815
1019,2038000,-2.62058137698099
1020,2040000,-2.7552682414650915
1021,2042000,-2.736956423640251
1022,2044000,-1.724756491355598
1023,2046000,-2.2221161445667965
1024,2048000,-2.760783042371273
1025,2050000,-2.735894825041294
1026,2052000,-0.9398194314334541
1027,2054000,-2.4773704556934537
1028,2056000,-2.7658990362882614
1029,2058000,-2.7427883090376852
1030,2060000,0.7150071295183152
1031,2062000,-2.6432754916250705
1032,2064000,-2.7511680725216867
1033,2066000,-2.742202662050724
1034,2068000,-2.7378712220788004
1035,2070000,-2.7353922688961028
1036,2072000,-2.7411306177973747
1037,2074000,-2.7430309695601465
1038,2076000,-2.73970835852623
1039,2078000,-2.7493048712015153
1040,2080000,-2.7390892159938813
1041,2082000,-2.7590834032297136
1042,2084000,-2.743635219037533
1043,2086000,-2.7546383905410767
1044,2088000,-2.7544384852051733
1045,2090000,-2.755748223721981
1046,2092000,-2.7530458763837813
1047,2094000,-2.753828718185425
1048,2096000,4.316843052676879
1049,2098000,-2.370830718776211
1050,2100000,-1.1686622498854995
1051,2102000,-2.648733325898647
1052,2104000,-2.7669795657396317
1053,2106000,-1.145631949659437
1054,2108000,-2.547293913476169
1055,2110000,-2.565179311029613
1056,2112000,-1.9815749425329268
1057,2114000,-2.6246303497627377
1058,2116000,-2.7350393360517917
1059,2118000,-2.752177045285702
1060,2120000,-2.751680063724518
1061,2122000,-2.7557915177941323
1062,2124000,-2.7590337673425673
1063,2126000,-2.7584528409838676
1064,2128000,-2.7593340312242507
1065,2130000,-0.31317419646680356
1066,2132000,-2.09424833461456
1067,2134000,-2.199307582821697
1068,2136000,-2.6015589868836106
1069,2138000,-1.8318632211629302
1070,2140000,-2.3181114794015882
1071,2142000,-2.7741242789030074
1072,2144000,-2.7577490386366845
1073,2146000,-2.755469030559063
1074,2148000,-1.971767741560936
1075,2150000,-1.8252068428676576
1076,2152000,-2.6764972540438174
1077,2154000,-2.7691100953817367
1078,2156000,-2.7498433352708815
1079,2158000,-2.765372699737549
1080,2160000,-2.762729837656021
1081,2162000,-1.7894824985768647
1082,2164000,-2.2767900327965616
1083,2166000,-2.750450733989477
1084,2168000,-2.772440408706665
1085,2170000,-0.6750041957502253
1086,2172000,-2.4710884215887634
1087,2174000,-1.199916581824422
1088,2176000,-2.1035787389455365
1089,2178000,0.8039603329356759
1090,2180000,-2.568808344244957
1091,2182000,-2.4574768349565566
1092,2184000,-2.761620236992836
1093,2186000,-2.7600057010054586
1094,2188000,-0.899098678028211
1095,2190000,-2.754463933110237
1096,2192000,-2.7785623010993006
1097,2194000,-2.749036431312561
1098,2196000,-1.2775408838940785
1099,2198000,-2.681715595766902
1100,2200000,-2.7850378823280333
1101,2202000,-1.6747692823093385
1102,2204000,-1.2360955352643506
1103,2206000,-1.8542885573022068
1104,2208000,-2.4226226581595838
1105,2210000,-2.4395495132626968
1106,2212000,-2.236717279965058
1107,2214000,-2.3833647770043465
1108,2216000,-2.49293952735886
1109,2218000,-2.3713195998966694
1110,2220000,-1.639643988979049
1111,2222000,-2.5667830514460803
1112,2224000,-1.5850689722131939
1113,2226000,-2.736562904506922
1114,2228000,-0.9480814651269466
1115,2230000,-2.3809428958212955
1116,2232000,-1.9033591887336225
1117,2234000,-2.1459825936099515
1118,2236000,-2.245751608379185
1119,2238000,-1.1576251205392183
1120,2240000,-2.568954739684239
1121,2242000,-1.1071133771622554
1122,2244000,-2.518920327205211
1123,2246000,-2.558214481309056
1124,2248000,-1.4089904404724949
1125,2250000,-0.7665612227907405
1126,2252000,-2.631587362356484
1127,2254000,-2.753721134305
1128,2256000,-1.1281654162686319
1129,2258000,-2.7448786682486532
1130,2260000,-0.9099473762093112
1131,2262000,-2.636551043495536
1132,2264000,-1.8626551578771322
1133,2266000,-2.7233614181531594
1134,2268000,-2.7471184387207033
1135,2270000,-2.746804952502251
1136,2272000,-1.927042293170467
1137,2274000,-2.1807577723525466
1138,2276000,-2.42535953184776
1139,2278000,-2.668630809985101
1140,2280000,-2.7693852365016935
1141,2282000,-2.7467896099090576
1142,2284000,-1.8695802865047009
1143,2286000,-2.4535681312438102
1144,2288000,-2.7866731747388838
1145,2290000,-2.7534263756275177
1146,2292000,-2.7629290078282356
1147,2294000,-2.7625785602927206
1148,2296000,0.3241410268810578
1149,2298000,-2.7866318951249123
1150,2300000,-2.78986477124691
1151,2302000,-2.7658765671253205
1152,2304000,-2.762299744129181
1153,2306000,0.01206930484296754
1154,2308000,-2.569607446052134
1155,2310000,-2.4664392192848026
1156,2312000,-2.7751831167936327
1157,2314000,-2.37331878259778
1158,2316000,-2.371484463968314
1159,2318000,-2.366297852732241
1160,2320000,-2.7947468432188036
1161,2322000,-2.7676150472164154
1162,2324000,-2.7699725360274314
1163,2326000,-2.76031140345335
1164,2328000,-2.7732612023949623
1165,2330000,-2.7748624489307403
1166,2332000,-2.7813394634127615
1167,2334000,-2.7734573274850844
1168,2336000,-2.776864370048046
1169,2338000,-2.7787185518145563
1170,2340000,-2.7826754793524744
1171,2342000,-1.7400397656243294
1172,2344000,-2.494151599502191
1173,2346000,-2.785679666221142
1174,2348000,-1.0040849463818595
1175,2350000,-2.74187347432971
1176,2352000,-1.5879325272059068
1177,2354000,-2.5955244850181045
1178,2356000,-1.5303395708091556
1179,2358000,-2.6509365400914104
1180,2360000,-1.9340641962680967
1181,2362000,-2.741232772603631
1182,2364000,-2.7773639025688173
1183,2366000,-1.3512740458883346
1184,2368000,-2.7945230128467085
1185,2370000,-1.3813648705221713
1186,2372000,-2.78275514370203
1187,2374000,-2.797013002693653
1188,2376000,-0.9090548069709912
1189,2378000,-1.4284504749458282
1190,2380000,-2.7876989569664
1191,2382000,-2.793926663815975
1192,2384000,-2.7782136041522025
1193,2386000,-2.7825774750113488
1194,2388000,-2.2080193430930377
1195,2390000,-2.4250439236089587
1196,2392000,-2.8051265092492104
1197,2394000,-2.7835325129032134
1198,2396000,-2.7811675382852554
1199,2398000,-2.781203889608383
1200,2400000,-2.783775030195713
1201,2402000,-2.79102831363678
1202,2404000,-2.7785100678801538
1203,2406000,-2.785345413148403
1204,2408000,-2.7816055456399917
1205,2410000,-2.784864713907242
1206,2412000,-1.4010542157702148
1207,2414000,-2.5463740559946744
1208,2416000,-2.819274219751358
1209,2418000,-2.783684841811657
1210,2420000,-2.7866020712852477
1211,2422000,-2.7983920608162878
1212,2424000,-0.7504541683355346
1213,2426000,-2.5983673883378504
1214,2428000,-2.8221563183069227
1215,2430000,-0.9540906734000891
1216,2432000,-2.6701629710942507
1217,2434000,1.234831932764966
1218,2436000,-2.729792369350791
1219,2438000,-2.805647539317608
1220,2440000,-2.7867121933102608
1221,2442000,-2.786610044360161
1222,2444000,-2.7840666699409486
1223,2446000,-2.799293582379818
1224,2448000,-2.782118434108794
1225,2450000,-1.3083486102572641
1226,2452000,-2.5632764474600553
1227,2454000,-2.5768092103693636
1228,2456000,-2.0507385081127287
1229,2458000,-2.7841737780570983
1230,2460000,-2.792929813563824
1231,2462000,-2.792643006622791
1232,2464000,-0.9599210159387439
1233,2466000,-2.5317685785517097
1234,2468000,-1.9260172836733982
1235,2470000,-2.514288618745282
1236,2472000,-2.6829540312960742
1237,2474000,-2.8021591796875
1238,2476000,-1.8716424508555791
1239,2478000,-2.60826410927251
1240,2480000,-2.811093633234501
1241,2482000,-2.7826164925694465
1242,2484000,-2.777943597793579
1243,2486000,-2.7979446784853934
1244,2488000,-2.796923596441746
1245,2490000,-1.4776030806289056
1246,2492000,-2.833994727730751
1247,2494000,-2.80324595952034
1248,2496000,-2.7958510600328443
1249,2498000,0.06844469694932923
1250,2500000,-2.7900546463131906
1251,2502000,-2.251370923630893
1252,2504000,-2.386960773024708
1253,2506000,-2.3962959363274274
1254,2508000,-2.1373876582873055
1255,2510000,-2.6126308449544013
1256,2512000,-2.2675567227974534
1257,2514000,-2.541506348391529
1258,2516000,-2.1371116233821956
1259,2518000,-2.812227028608322
1260,2520000,-2.792305189907551
1261,2522000,-2.7779784898757933
1262,2524000,-2.8002495343089104
1263,2526000,-1.2953874406348913
1264,2528000,-2.258995672363788
1265,2530000,-2.4934938692618163
1266,2532000,-1.3679181301658974
1267,2534000,-2.664025721773505
1268,2536000,-2.6574680667715147
1269,2538000,-2.253657645072788
1270,2540000,-2.2749176772441717
1271,2542000,-2.1198748279325663
1272,2544000,-2.557987000532448
1273,2546000,-1.720112184168771
1274,2548000,-1.5220106949917973
1275,2550000,-2.5079844970554115
1276,2552000,-2.306189203392714
1277,2554000,-2.675020872436464
1278,2556000,-2.5707052303436213
1279,2558000,-2.600000177334994
1280,2560000,-2.116864955190569
1281,2562000,-2.800970354437828
1282,2564000,-2.7718273366093635
1283,2566000,-2.780750271141529
1284,2568000,-2.788010167002678
1285,2570000,-2.800510921239853
1286,2572000,-2.7981035464406014
1287,2574000,-2.79048106610775
1288,2576000,-2.804545254945755
1289,2578000,-2.785128640130162
1290,2580000,-2.805320664346218
1291,2582000,-2.8054951558709145
1292,2584000,-2.8046619912981985
1293,2586000,-2.8073632132411004
1294,2588000,-2.8042048313617705
1295,2590000,-1.8262534311749041
1296,2592000,-2.6010953684560953
1297,2594000,-2.3341474572345615
1298,2596000,-1.7802140250997618
1299,2598000,-2.6317245488222687
1300,2600000,-2.6045048639634625
1301,2602000,-1.2449990317914634
1302,2604000,-2.590473237555474
1303,2606000,-1.4901341613223775
1304,2608000,-2.3794532763846217
1305,2610000,-2.5657502340711655
1306,2612000,-2.3042398309623824
1307,2614000,-2.372739628066309
1308,2616000,-2.660318930041045
1309,2618000,-2.5063487215805798
1310,2620000,-2.35039644170925
1311,2622000,-2.380945457801223
1312,2624000,-2.3026464388053864
1313,2626000,-2.031905603682622
1314,2628000,-2.0748819689881057
1315,2630000,-2.8083321118354796
1316,2632000,-2.7893092144727705
1317,2634000,-1.5481129666883497
1318,2636000,-2.6616192463077604
1319,2638000,-1.9361234638821334
1320,2640000,-2.6874239577502013
1321,2642000,-2.222861279175617
1322,2644000,-2.5466506219189613
1323,2646000,-1.9446352818813175
1324,2648000,-2.8004701671004297
1325,2650000,-2.797976607859135
1326,2652000,-2.800288807809353
1327,2654000,-2.7964806327819822
1328,2656000,-2.8054518151283263
1329,2658000,-2.807676134824753
1330,2660000,-2.798868644833565
1331,2662000,-2.80680770868063
1332,2664000,-2.8079287406206133
1333,2666000,-2.7989241574406623
1334,2668000,-0.773244352365844
1335,2670000,-1.169001983568538
1336,2672000,-2.8331342582702637
1337,2674000,-2.8246896095871925
1338,2676000,-2.811647980928421
1339,2678000,-2.8131005482673643
1340,2680000,-1.5385949759744109
1341,2682000,-2.8404314361810683
1342,2684000,-2.8175504595041274
1343,2686000,-2.8084553704857824
1344,2688000,-2.8066229513287544
1345,2690000,-2.8096897609233857
1346,2692000,-0.6789383309660479
1347,2694000,-2.6256156748756765
1348,2696000,-2.7212895869389175
1349,2698000,-2.8240689226984976
1350,2700000,-2.8150084099769592
1351,2702000,-2.8150686959028244
1352,2704000,-2.8215478179454805
1353,2706000,-1.570727121366188
1354,2708000,-2.480399789184332
1355,2710000,-2.7605906572565435
1356,2712000,-1.1797990967473015
1357,2714000,-2.6738029014542697
1358,2716000,-1.01936143518053
1359,2718000,-2.574492570832372
1360,2720000,-2.4547117203306406
1361,2722000,-2.3100664686337113
1362,2724000,-2.552199658963829
1363,2726000,-2.653934725565836
1364,2728000,-2.617029993198812
1365,2730000,-2.819384588897228
1366,2732000,-2.8137266916036605
1367,2734000,-2.8151656630039215
1368,2736000,-1.4200070680305361
1369,2738000,-2.5607120429314674
1370,2740000,-1.853864662651904
1371,2742000,-2.560204757709056
1372,2744000,-2.331380632917397
1373,2746000,-2.2431852607298643
1374,2748000,-2.527326529772952
1375,2750000,-1.8158176851458847
1376,2752000,-2.5580266314353794
1377,2754000,-2.4215259183235465
1378,2756000,-2.8173393741846087
1379,2758000,-2.8108800181150437
1380,2760000,-2.8044266101717947
1381,2762000,-2.8192428672909737
1382,2764000,-1.161060924001038
1383,2766000,-2.841008540928364
1384,2768000,-1.6824645492881536
1385,2770000,-2.4402959207296373
1386,2772000,-2.4770950554916635
1387,2774000,-2.589640173783526
1388,2776000,-2.8142229484021666
1389,2778000,-1.4965947939595208
1390,2780000,-1.3821005074866115
1391,2782000,-2.2687006138730794
1392,2784000,0.6425878183748573
1393,2786000,-2.513427270144224
1394,2788000,-1.913994387057144
1395,2790000,-2.6405929447002707
1396,2792000,-1.536522432331927
1397,2794000,-2.478989703863859
1398,2796000,-2.1184707354735584
1399,2798000,-2.6220050754025577
1400,2800000,-2.266850565772038
1401,2802000,-2.501672468584031
1402,2804000,-2.49903220312763
1403,2806000,-2.672547786094248
1404,2808000,-2.4535303063206375
1405,2810000,-2.4911863077357412
1406,2812000,-2.772766793962568
1407,2814000,-2.800218486249447
1408,2816000,-2.811781853079796
1409,2818000,-2.8156256245970726
1410,2820000,1.2333581593856215
1411,2822000,-2.1921791761433704
1412,2824000,-2.706935479812324
1413,2826000,-2.1339356944691388
1414,2828000,-2.638987264368683
1415,2830000,-2.6508594063911586
1416,2832000,-2.4806555644869803
1417,2834000,-2.0638718798253683
1418,2836000,-2.772015117332339
1419,2838000,-2.6241800887472926
1420,2840000,-2.8075847445130346
1421,2842000,0.5644313422227278
1422,2844000,-2.7954222002364695
1423,2846000,-2.831911951482296
1424,2848000,-2.810830211699009
1425,2850000,-1.4033153823167086
1426,2852000,-2.3739738489342854
1427,2854000,-2.5435915262755007
1428,2856000,-2.0841431428045034
1429,2858000,-1.8708233623579145
1430,2860000,-2.6712845474723728
1431,2862000,-2.3291972528137266
1432,2864000,-2.263496473800391
1433,2866000,-2.81947240036726
1434,2868000,-2.809678984463215
1435,2870000,-1.9416509163756854
1436,2872000,-2.7041104672383516
1437,2874000,-2.425453682050109
1438,2876000,-2.326646206500009
1439,2878000,-2.6535039971098304
1440,2880000,-2.7241216514520348
1441,2882000,-2.8122255554795266
1442,2884000,-2.814771284520626
1443,2886000,-2.8153412945866583
1444,2888000,-2.812640802025795
1445,2890000,1.4487388574089854
1446,2892000,-2.6575332531630993
1447,2894000,-2.8345570492744447
1448,2896000,-0.782592594884336
1449,2898000,-2.833416013479233
1450,2900000,-1.5369399853935466
1451,2902000,-2.6694463258711623
1452,2904000,-2.476262449612841
1453,2906000,-2.3200200944282114
1454,2908000,-2.6425108452253045
1455,2910000,-2.6642973481193186
1456,2912000,-2.655688327936456
1457,2914000,-2.3512640043180437
1458,2916000,-2.51110245106183
1459,2918000,-2.3348504083268344
1460,2920000,-2.8231828393936156
1461,2922000,-2.829297725558281
1462,2924000,-2.8142994424104693
1463,2926000,-2.807578434854746
1464,2928000,-2.8187579092383386
1465,2930000,-2.8229200273156168
1466,2932000,-1.242075525270775
1467,2934000,-2.733033314950764
1468,2936000,-2.6617825323604047
1469,2938000,-2.6819910354595633
1470,2940000,-2.825528907418251
1471,2942000,-2.8257898663282393
1472,2944000,-1.2578115730881692
1473,2946000,-2.0141712201545015
1474,2948000,-2.1732861484289168
1475,2950000,-2.539779417904094
1476,2952000,-2.1994565947633236
1477,2954000,-2.67753828237392
1478,2956000,-2.6735461833141745
1479,2958000,-0.8979207098871702
1480,2960000,-2.776680087146349
1481,2962000,-2.70778608776629
1482,2964000,-2.8313898248076437
1483,2966000,-2.8206760213375093
1484,2968000,-2.2066192225255072
1485,2970000,-2.8445539601445198
1486,2972000,-2.8359536076784133
1487,2974000,-2.821380410850048
1488,2976000,-2.8253252832889557
1489,2978000,-2.832004870414734
1490,2980000,-2.8276414760947226
1491,2982000,-2.8335611075758935
1492,2984000,-1.2610572204822674
1493,2986000,-1.8499156952360645
1494,2988000,-2.31622841508314
1495,2990000,-2.212615966519341
1496,2992000,-2.8413075355291366
1497,2994000,-2.8341007590293885
1498,2996000,-2.8327225098609925
1499,2998000,-2.8265806494951247
1500,3000000,-1.2977303620893508
1501,3002000,-2.7430871745981276
1502,3004000,-2.272099466852844
1503,3006000,-1.5388230484239758
1504,3008000,-2.3831698571546003
1505,3010000,-2.5535294786170124
1506,3012000,-1.9598458599979058
1507,3014000,-2.2650550628527997
1508,3016000,-2.6760440722890197
1509,3018000,-2.7188630711529402
1510,3020000,-2.836011064231396
1511,3022000,-2.8313901838064193
1512,3024000,1.7821893497267738
1513,3026000,-2.7327730330526827
1514,3028000,-1.431216847048141
1515,3030000,-2.824504286646843
1516,3032000,-2.8311324424743654
1517,3034000,-2.8301027997136115
1518,3036000,-1.5040440121144056
1519,3038000,-2.8536578885912895
1520,3040000,-1.143104026858229
1521,3042000,-2.448567108450923
1522,3044000,-2.535576632326469
1523,3046000,-2.3984765877611935
1524,3048000,-2.1999360055662693
1525,3050000,-1.3779984344816767
1526,3052000,-2.820621146053076
1527,3054000,-2.832342565655708
1528,3056000,-2.8230078219771384
1529,3058000,-2.830565650701523
1530,3060000,-2.8338812351226808
1531,3062000,-2.8312286282777785
1532,3064000,-2.8411794477701187
1533,3066000,-2.82927127045393
1534,3068000,-2.8344958893060683
1535,3070000,-2.837500332891941
1536,3072000,-1.9738237139116972
1537,3074000,-2.4583950219340625
1538,3076000,-1.3261716588567942
1539,3078000,-2.7897000509332868
1540,3080000,-2.4336356983305887
1541,3082000,-2.8631493316292764
1542,3084000,-2.840680417895317
1543,3086000,-0.435591632517986
1544,3088000,-1.3099423566050827
1545,3090000,-2.71820070297271
1546,3092000,-2.1342130003422497
1547,3094000,-1.9274076805263758
1548,3096000,-2.5443107451843097
1549,3098000,-0.7171194321503863
1550,3100000,-2.8433436340689657
1551,3102000,-2.3633460173550995
1552,3104000,-2.732925063915551
1553,3106000,-2.4337999392151834
1554,3108000,-1.4124121828619391
1555,3110000,-2.6802189705371857
1556,3112000,-1.655659710800741
1557,3114000,-2.769137034699321
1558,3116000,-2.3451375449337064
1559,3118000,-2.5828576690834018
1560,3120000,-2.5307018943727018
1561,3122000,-2.693244240175001
1562,3124000,-2.8411590708494185
1563,3126000,-2.829203421831131
1564,3128000,-0.8285984797831625
1565,3130000,-2.057127722566016
1566,3132000,-2.858311442673206
1567,3134000,-1.2874053213503212
1568,3136000,-1.8410440100375562
1569,3138000,-2.587628836920485
1570,3140000,-2.86145357722044
1571,3142000,-2.841562620818615
1572,3144000,-2.009650253755972
1573,3146000,-2.8561070756316185
1574,3148000,-2.8474352663755416
1575,3150000,-2.82990577095747
1576,3152000,-1.9475642152708024
1577,3154000,-2.0750176657876
1578,3156000,-2.49024849316664
1579,3158000,-1.75478386256285
1580,3160000,-2.8020527749750763
1581,3162000,-2.4361122683454304
1582,3164000,-2.83884482383728
1583,3166000,-2.8377505369782448
1584,3168000,-2.8439409860372544
1585,3170000,-2.8328193314671517
1586,3172000,1.8325068472852
1587,3174000,-2.854383077323437
1588,3176000,0.9418840011842549
1589,3178000,-2.7930737030357125
1590,3180000,-2.5278243166189642
1591,3182000,-2.855969969987869
1592,3184000,-2.8376195673942566
1593,3186000,-2.835236793279648
1594,3188000,-2.8505021378397943
1595,3190000,-2.8494858377575873
1596,3192000,-1.6324155672434717
1597,3194000,-2.629170207243413
1598,3196000,-2.335120866115205
1599,3198000,-2.413742866963148
1600,3200000,-2.857041007012129
1601,3202000,-2.8474170200228692
1602,3204000,-2.8455133163928985
1603,3206000,-2.8481468835473063
1604,3208000,-2.8433929895758627
1605,3210000,-1.8990454453285783
1606,3212000,-2.6940421873815357
1607,3214000,-2.0148714906545355
1608,3216000,-2.6368005055338144
1609,3218000,-2.554212905714288
1610,3220000,-2.453183846991509
1611,3222000,-1.017429996496765
1612,3224000,-2.8651915243268014
1613,3226000,-2.8726082976460456
1614,3228000,-2.8526615943908693
1615,3230000,-1.1325771306194365
1616,3232000,-2.183524128710851
1617,3234000,-2.6733030931428075
1618,3236000,-1.930766889798455
1619,3238000,-2.4752004113597796
1620,3240000,-2.8564725704789162
1621,3242000,-0.7817621871074661
1622,3244000,-2.1712583059868775
1623,3246000,-2.552605529140681
1624,3248000,-2.462602625139058
1625,3250000,-1.1278100746702402
1626,3252000,-2.527393139451742
1627,3254000,-2.701619079478085
1628,3256000,-2.836406974554062
1629,3258000,-2.842180704116821
1630,3260000,-2.8451758222579957
1631,3262000,-2.8372247725725175
1632,3264000,-1.6553152053777593
1633,3266000,-2.3177894481066614
1634,3268000,-2.769244951877743
1635,3270000,-2.3991112766861917
1636,3272000,-2.2902384408107026
1637,3274000,-2.2117823019581846
1638,3276000,-2.8555995091199873
1639,3278000,-2.848520307600498
1640,3280000,-2.845955058634281
1641,3282000,-1.5001197228543461
1642,3284000,-2.791391088884324
1643,3286000,-2.854946491241455
1644,3288000,-2.8515495438575744
1645,3290000,-0.22167141458392142
1646,3292000,-2.863374376486987
1647,3294000,-2.2561903925891964
1648,3296000,-2.6855276882993055
1649,3298000,-1.9662319254707545
1650,3300000,-2.8195575849357994
1651,3302000,-2.5696852928306906
1652,3304000,-1.88506082606595
1653,3306000,-2.6863517418950797
1654,3308000,-2.8603538889288904
1655,3310000,-2.848759856045246
1656,3312000,-2.846236603319645
1657,3314000,-2.856289175152779
1658,3316000,-2.8522404136657715
1659,3318000,-2.8528617860078813
1660,3320000,-2.8585720897316933
1661,3322000,-2.861456333577633
1662,3324000,-2.851001820385456
1663,3326000,-2.8556215351223946
1664,3328000,-1.792343572255224
1665,3330000,-2.1661653631562365
1666,3332000,-2.4825166125260294
1667,3334000,-2.8857387840151785
1668,3336000,-2.859403267979622
1669,3338000,-2.171399922527373
1670,3340000,-1.9120582934459671
1671,3342000,-2.476802335597575
1672,3344000,-2.6966115065142513
1673,3346000,-2.278804213568568
1674,3348000,-2.612812584005296
1675,3350000,-2.8699155186414718
1676,3352000,-2.8533579767346384
1677,3354000,-1.2128579026684165
1678,3356000,-2.661205196980387
1679,3358000,-1.7058505663275718
1680,3360000,-2.4604166268445553
1681,3362000,-2.642519463393837
1682,3364000,-2.432299418469891
1683,3366000,-1.5703178342580795
1684,3368000,-2.4365223851799964
1685,3370000,-2.69378853129223
1686,3372000,-2.5618365101367235
1687,3374000,-2.2633392369206993
1688,3376000,-2.764181916784495
1689,3378000,-1.0208026289660483
1690,3380000,-2.544684627553448
1691,3382000,-2.196857652988285
1692,3384000,-2.804302471932024
1693,3386000,-2.8407988182902337
1694,3388000,-2.168037869578227
1695,3390000,-2.8660228114128112
1696,3392000,-2.853195370018482
1697,3394000,-2.854049404501915
1698,3396000,-2.86218049287796
1699,3398000,0.30506507229059937
1700,3400000,-2.859005078174174
1701,3402000,-2.8700088476538657
1702,3404000,-0.7251957658249885
1703,3406000,-2.8806366433501243
1704,3408000,-0.3083681601760909
1705,3410000,-2.8535022109746935
1706,3412000,-2.8669891275167467
1707,3414000,-2.8662205299139023
1708,3416000,-2.0503736382271165
1709,3418000,-2.0533014700114727
1710,3420000,-2.327580438878387
1711,3422000,-2.8674427943229674
1712,3424000,-2.8645565301775933
1713,3426000,-2.862680152416229
1714,3428000,-2.853207151770592
1715,3430000,-2.859786583006382
1716,3432000,-0.06585443503269926
1717,3434000,-2.8617994652017953
1718,3436000,-1.4419823151696474
1719,3438000,-2.5905387584753337
1720,3440000,-2.2958809926435353
1721,3442000,-2.4951672148890793
1722,3444000,-2.867766290962696
1723,3446000,-2.8524598257541656
1724,3448000,-2.859775839447975
1725,3450000,-2.8572445488572122
1726,3452000,-2.864469826936722
1727,3454000,-2.8692212470769882
1728,3456000,-2.8601979374289512
1729,3458000,-2.8672005193829535
1730,3460000,-2.8696225317716597
1731,3462000,-2.088059420059435
1732,3464000,-2.4035901391766967
1733,3466000,-2.738224309373647
1734,3468000,-1.7146042303666473
1735,3470000,-2.56345580589585
1736,3472000,-2.4953292923886328
1737,3474000,-2.3101881584841757
1738,3476000,-2.076549899846315
1739,3478000,-2.5102674795538187
1740,3480000,-2.1291156663000583
1741,3482000,-2.8456970037519933
1742,3484000,-2.5536373488698154
1743,3486000,-2.6233384029977023
1744,3488000,-2.341750665850006
1745,3490000,-2.0430214199125767
1746,3492000,-2.54864311263524
1747,3494000,-2.4789612710811197
1748,3496000,-2.6759434139430525
1749,3498000,-2.6448429205771538
1750,3500000,-2.592081883691251
1751,3502000,-2.880570650219917
1752,3504000,-0.9006496716891416
1753,3506000,-2.83860082384944
1754,3508000,-2.7571248132642356
1755,3510000,-2.051348664741963
1756,3512000,-1.2951736474409699
1757,3514000,-1.702831707975827
1758,3516000,-2.5117909266296774
1759,3518000,-2.566277904169634
1760,3520000,-2.6881750738406556
1761,3522000,-2.4499970958946506
1762,3524000,-2.435481010468677
1763,3526000,-2.877875888109207
1764,3528000,-2.832164451301098
1765,3530000,-2.866102312386036
1766,3532000,-2.8555246126651763
1767,3534000,-2.864370771467686
1768,3536000,-2.8648050572276116
1769,3538000,-2.8626886584460736
1770,3540000,-2.8666940090060233
1771,3542000,-2.8593278571367264
1772,3544000,-0.7222691434314474
1773,3546000,-2.7433495022654535
1774,3548000,-1.5889482513247057
1775,3550000,-2.814043818531558
1776,3552000,-2.8833329336047173
1777,3554000,-2.861381216108799
1778,3556000,-2.8715451120734214
1779,3558000,-2.870474274635315
1780,3560000,-0.9102859912002459
1781,3562000,-2.7343637192584573
1782,3564000,-2.8907051576972007
1783,3566000,-1.32716658799164
1784,3568000,-2.8975247624516487
1785,3570000,-1.330186169533059
1786,3572000,-2.824861833467148
1787,3574000,-2.8863886255025863
1788,3576000,-2.8792657346129418
1789,3578000,-1.144520074216649
1790,3580000,-2.868460417382419
1791,3582000,-2.8793080517053604
1792,3584000,-2.882453277051449
1793,3586000,-2.872363190770149
1794,3588000,-2.88599426227808
1795,3590000,-2.885560574531555
1796,3592000,-2.8781974526643754
1797,3594000,-2.8838449741601946
1798,3596000,-2.88254604780674
1799,3598000,-2.8908871242403986
1800,3600000,-2.876389277279377
1801,3602000,-2.8750143644213675
1802,3604000,-0.9293658998240717
1803,3606000,-2.7943066132329406
1804,3608000,-2.568273060936481
1805,3610000,-2.7549824748784304
1806,3612000,-1.519091959245503
1807,3614000,-2.9196420758366584
1808,3616000,-2.8867327968478205
1809,3618000,-2.8884205370545386
1810,3620000,-2.8800622042417525
1811,3622000,-1.8736828000377863
1812,3624000,-2.7036771865263582
1813,3626000,-2.502214057974517
1814,3628000,-2.1945207913857883
1815,3630000,-2.6854700645692646
1816,3632000,-2.4667992294952272
1817,3634000,-2.495357742285356
1818,3636000,-2.9072850578427314
1819,3638000,-1.4537649793848395
1820,3640000,-2.9116176462769507
1821,3642000,-2.8919717562794687
1822,3644000,-2.881944784760475
1823,3646000,-1.4944584367773495
1824,3648000,-2.6399619937054815
1825,3650000,-2.531946713029407
1826,3652000,-2.468522156414576
1827,3654000,-2.374918432857841
1828,3656000,-2.9107714828252793
1829,3658000,0.3289389208853245
1830,3660000,-2.2238668997306377
1831,3662000,-2.9080367714762687
1832,3664000,-2.901995897889137
1833,3666000,-1.4144283344168216
1834,3668000,-2.7606480724271387
1835,3670000,-2.7164376271925867
1836,3672000,-2.640917304320261
1837,3674000,-2.034439176512882
1838,3676000,-2.220503634256311
1839,3678000,-2.7396377335824074
1840,3680000,-0.9235987971266731
1841,3682000,-2.90884764033556
1842,3684000,-1.525702191063203
1843,3686000,-2.8954514036178587
1844,3688000,-2.8924097347855566
1845,3690000,-1.7238689301190897
1846,3692000,-2.7600946674672886
1847,3694000,-2.895082166314125
1848,3696000,-2.8781661666631697
1849,3698000,-0.8311318412665277
1850,3700000,-2.9122749881744383
1851,3702000,-2.9010775269269944
1852,3704000,-2.881074379146099
1853,3706000,-2.8847457777261734
1854,3708000,-2.8837765524387358
1855,3710000,-2.8856283544898034
1856,3712000,-2.8851922479867933
1857,3714000,-2.898229605734348
1858,3716000,-2.8868385127186773
1859,3718000,-1.975492377024144
1860,3720000,-2.739533770889044
1861,3722000,-2.684608561269939
1862,3724000,-1.6938941740440205
1863,3726000,-2.7629771869853137
1864,3728000,-2.837349292308092
1865,3730000,-2.883208477914333
1866,3732000,-2.8883170351982117
1867,3734000,-2.8889661214351654
1868,3736000,-2.8998179137706757
1869,3738000,-2.8985783970355987
1870,3740000,-2.900064936101437
1871,3742000,-1.8362145775305108
1872,3744000,-2.847858270779252
1873,3746000,-2.5971904509663584
1874,3748000,-2.3219670133553447
1875,3750000,-2.6129498569909484
1876,3752000,-2.238754383355379
1877,3754000,-2.6205876666642727
1878,3756000,-2.580622250640765
1879,3758000,-1.0487306289803238
1880,3760000,-2.8613775832653046
1881,3762000,-2.9027390786409377
1882,3764000,-2.8884728885293005
1883,3766000,-2.8928352385759353
1884,3768000,-2.887778347313404
1885,3770000,-2.9084357798099516
1886,3772000,-2.8948907737731933
1887,3774000,-2.894722070932388
1888,3776000,-2.894870396792889
1889,3778000,-2.8905356830358504
1890,3780000,-0.2190139570403844
1891,3782000,-2.6511822435706853
1892,3784000,-2.7165941562913356
1893,3786000,-2.052730549486354
1894,3788000,-1.9118311331234872
1895,3790000,-2.6014988803192973
1896,3792000,-2.6877327008098364
1897,3794000,-2.2229890601653604
1898,3796000,-2.18307844004035
1899,3798000,-2.430930484816432
1900,3800000,-2.8130813161954284
1901,3802000,-2.6340853397175668
1902,3804000,-2.895679199397564
1903,3806000,-2.8847981528639792
1904,3808000,-2.8962255143523215
1905,3810000,-2.8989029185175896
1906,3812000,-0.9495460465215146
1907,3814000,-2.8862658838033677
1908,3816000,-2.8979275186657905
1909,3818000,-2.8855398633480074
1910,3820000,-2.896746665120125
1911,3822000,-2.8951847643256188
1912,3824000,-2.905055626630783
1913,3826000,-2.071276738340035
1914,3828000,-2.6391555488388985
1915,3830000,-2.8381144747883083
1916,3832000,-2.9078988543748854
1917,3834000,-2.90290802103281
1918,3836000,-2.9039306221604346
1919,3838000,-2.885911206126213
1920,3840000,-2.899312578499317
1921,3842000,-2.205894207819365
1922,3844000,-2.9110393003225328
1923,3846000,-2.900630228720605
1924,3848000,-1.33268839905411
1925,3850000,-2.6944472041279077
1926,3852000,-2.1725220519304274
1927,3854000,-2.660673515452072
1928,3856000,0.07646478314325214
1929,3858000,-2.657153735771775
1930,3860000,-2.1393238694984467
1931,3862000,-2.6455702906809746
1932,3864000,-2.5123975455332546
1933,3866000,-1.3298557212674058
1934,3868000,-2.7605654187388717
1935,3870000,-2.811075754230842
1936,3872000,-2.088179111527279
1937,3874000,-2.732526612497866
1938,3876000,-2.4129896434070544
1939,3878000,-2.910311604976654
1940,3880000,-2.890706688940525
1941,3882000,-2.9004631959199907
1942,3884000,-0.542372305941768
1943,3886000,-2.7530033342689277
1944,3888000,-2.0342473706267774
1945,3890000,-2.921446713745594
1946,3892000,-2.904997336447239
1947,3894000,-0.8738646474955604
1948,3896000,-2.860668250910938
1949,3898000,-2.5940563811752946
1950,3900000,-2.908988697886467
1951,3902000,-2.890773797035217
1952,3904000,-2.905825151503086
1953,3906000,-2.8988286970257757
1954,3908000,-1.2694667474273593
1955,3910000,-2.710262230087072
1956,3912000,-2.7722498317118736
1957,3914000,-2.917005005955696
1958,3916000,-1.0012134181205183
1959,3918000,-2.8932559135966005
1960,3920000,-2.552550097078085
1961,3922000,-2.9154508885741235
1962,3924000,-2.901608376801014
1963,3926000,-2.8991930272579194
1964,3928000,-2.9084373962283134
1965,3930000,-2.905483836948872
1966,3932000,-2.897629908144474
1967,3934000,-2.909847189605236
1968,3936000,-2.91005198687315
1969,3938000,-2.9073810688853263
1970,3940000,-2.904889277994633
1971,3942000,-2.9068469764590263
1972,3944000,-2.9061098715662954
1973,3946000,-2.9135539616942405
1974,3948000,-2.9080447785854338
1975,3950000,-2.9098913469314573
1976,3952000,-2.904292136609554
1977,3954000,-2.91050670260191
1978,3956000,-2.9105065890550614
1979,3958000,-2.9205643467903135
1980,3960000,-1.7540118259061128
1981,3962000,-2.7502878727950155
1982,3964000,-2.9394206202626227
1983,3966000,-0.579373340645805
1984,3968000,-2.8634696575067937
1985,3970000,-2.830764595039189
1986,3972000,-2.6380481362035497
1987,3974000,-2.7585999386962503
1988,3976000,-2.9290340658426284
1989,3978000,-2.915453872859478
1990,3980000,-2.911894841015339
1991,3982000,-2.900110884398222
1992,3984000,-2.921250026166439
1993,3986000,-1.1623972481237725
1994,3988000,-2.549741722509265
1995,3990000,-2.6656923597045243
1996,3992000,-2.68578306626901
1997,3994000,-2.920424397826195
1998,3996000,-2.913037644267082
1999,3998000,-2.9172047865390778
2000,4000000,-2.905911019206047
2001,4002000,-2.917829476416111
2002,4004000,-2.917313600063324
2003,4006000,-2.9163357776999472
2004,4008000,-2.926639432609081
2005,4010000,-2.915091469526291
2006,4012000,-2.9108436920642853
2007,4014000,-2.9248602325320245
2008,4016000,-2.9191632633805273
2009,4018000,-2.919391873598099
2010,4020000,-2.929912501811981
2011,4022000,-2.9232987610697747
2012,4024000,-2.9166788591742514
2013,4026000,-2.9205763255357744
2014,4028000,-0.4180233506951481
2015,4030000,-2.8089918513447047
2016,4032000,-2.5767706153318284
2017,4034000,-2.93080508223176
2018,4036000,-2.925298860013485
2019,4038000,1.7801057139635086
2020,4040000,-1.9638966798763722
2021,4042000,-2.726894952157512
2022,4044000,-2.6363649219796064
2023,4046000,-2.613838811906986
2024,4048000,-1.8165752748083324
2025,4050000,-2.785139937629923
2026,4052000,-2.9328322547674177
2027,4054000,-2.9028909332156183
2028,4056000,-2.9006268300637603
2029,4058000,-2.919805593073368
2030,4060000,-2.925239873290062
2031,4062000,0.5740825948789716
2032,4064000,-2.281003110565245
2033,4066000,-2.4633123409301043
2034,4068000,-2.647342239001766
2035,4070000,-2.247929298773408
2036,4072000,-2.270237547347322
2037,4074000,-2.9439346336722374
2038,4076000,-2.922371045291424
2039,4078000,-2.9178495364785193
2040,4080000,-0.3248801464056596
2041,4082000,-2.8309681036015975
2042,4084000,-2.7399794610007664
2043,4086000,-2.7727928200177847
2044,4088000,-2.501218306784518
2045,4090000,-2.2029997493065894
2046,4092000,-2.93645087403059
2047,4094000,-2.9180652495622637
2048,4096000,-2.9097952147722244
2049,4098000,-2.1027597202314063
2050,4100000,-2.8079833690039813
2051,4102000,-2.147810938496143
2052,4104000,-0.9527258440069855
2053,4106000,-2.915459707438946
2054,4108000,-2.9259087171554565
2055,4110000,-2.9166266221404076
2056,4112000,-0.8149519584896043
2057,4114000,-2.955333947151899
2058,4116000,-1.6528452744213864
2059,4118000,-2.93273054599762
2060,4120000,-2.913605129599571
2061,4122000,-2.9269487761855126
2062,4124000,-2.92142452275753
2063,4126000,-2.929427967131138
2064,4128000,-2.9249368730187415
2065,4130000,-2.9274142889380457
2066,4132000,-0.5274110439280048
2067,4134000,-2.6942311185225845
2068,4136000,-2.6831139861233533
2069,4138000,-1.6276617925986647
2070,4140000,-2.2690271604657175
2071,4142000,-2.5777799118915574
2072,4144000,-2.6405500173196197
2073,4146000,-2.5331945687793196
2074,4148000,-2.9476346423029898
2075,4150000,-1.100550947342068
2076,4152000,-2.755328229997307
2077,4154000,-2.5865102600641547
2078,4156000,-2.202136311698705
2079,4158000,-2.8883715407513084
2080,4160000,-2.9303622753024103
2081,4162000,-2.9207942787408827
2082,4164000,-2.918566036581993
2083,4166000,-2.914846986889839
2084,4168000,-0.13534442626591772
2085,4170000,-2.771923740684986
2086,4172000,-2.8868729538805784
2087,4174000,-2.939349551856518
2088,4176000,-0.26933765784092245
2089,4178000,-1.7113384699374437
2090,4180000,-2.8875616924762726
2091,4182000,-2.924560079753399
2092,4184000,-2.933055900812149
2093,4186000,-2.9261283139586447
2094,4188000,-2.9281676431298256
2095,4190000,-2.9136730907931923
2096,4192000,-2.9300630503296854
2097,4194000,-2.9320705069303514
2098,4196000,-2.9336703213453292
2099,4198000,-2.9314289044737816
2100,4200000,-2.8998682835102083
2101,4202000,-2.9456470007300375
2102,4204000,-2.9280520780086516
2103,4206000,-2.9360861341953277
2104,4208000,-2.9277956662178037
2105,4210000,-2.934146252632141
2106,4212000,-2.9349580706954
2107,4214000,-2.9357710151076315
2108,4216000,-2.9346872230172156
2109,4218000,-2.1878108838647603
2110,4220000,0.7324347880259157
2111,4222000,-2.643342031136155
2112,4224000,-2.9505224920511246
2113,4226000,-2.9371449769735336
2114,4228000,-2.9352316576242448
2115,4230000,-2.926383060336113
2116,4232000,-2.933038795530796
2117,4234000,-2.9319109470248224
2118,4236000,-1.472313959337771
2119,4238000,-2.8733594448715447
2120,4240000,-2.453374852484092
2121,4242000,-2.4990099154580383
2122,4244000,-2.647910668335855
2123,4246000,-1.8465785012785345
2124,4248000,-2.8387369456924496
2125,4250000,-2.9532023461461065
2126,4252000,-2.9316094911694526
2127,4254000,-2.9467964451909063
2128,4256000,-2.932256243944168
2129,4258000,-2.924316377192736
2130,4260000,-2.944322677195072
2131,4262000,-0.7237164250016213
2132,4264000,-2.5388841674923897
2133,4266000,-2.785395827844739
2134,4268000,-2.526045464411378
2135,4270000,-2.938828116431832
2136,4272000,-2.9488915296792984
2137,4274000,-2.9363351278305054
2138,4276000,-1.071329311227426
2139,4278000,-1.3890628823232838
2140,4280000,-2.9639098018407823
2141,4282000,-2.9386353468447926
2142,4284000,-1.1663786452715286
2143,4286000,-2.6485661070607605
2144,4288000,-2.929596127793193
2145,4290000,-2.9483644355535508
2146,4292000,-2.937588717997074
2147,4294000,-2.9369452014565467
2148,4296000,-2.945270553588867
2149,4298000,-2.947180387020111
2150,4300000,-1.0069026127811522
2151,4302000,-2.5167941545806825
2152,4304000,-1.187576440224424
2153,4306000,-2.8153724378459155
2154,4308000,-2.336944995075464
2155,4310000,-2.8317542415186763
2156,4312000,-2.940964624762535
2157,4314000,-2.9339911822676656
2158,4316000,-2.9377488945126533
2159,4318000,0.04028265239298344
2160,4320000,-2.0931380599299447
2161,4322000,-2.9694541369080545
2162,4324000,-2.9339883221164347
2163,4326000,-2.9201792574822902
2164,4328000,-2.9516344341635703
2165,4330000,-2.944761943101883
2166,4332000,-2.9408651900291445
2167,4334000,-1.4908079257011413
2168,4336000,-2.4850303944023326
2169,4338000,-2.5451316074691714
2170,4340000,-2.773221821082756
2171,4342000,-2.5856125624319537
2172,4344000,-2.2527486052345482
2173,4346000,-2.3805861657210627
2174,4348000,-2.8504526406005026
2175,4350000,-2.417551509456709
2176,4352000,-2.9686973813176154
2177,4354000,-2.9294606943726538
2178,4356000,-2.9397612555027006
2179,4358000,-2.9315280430316926
2180,4360000,-1.7965758487051353
2181,4362000,-2.5797008988820016
2182,4364000,-2.7713109171949326
2183,4366000,-2.9505402964949607
2184,4368000,-2.9356881943941118
2185,4370000,-2.937822678685188
2186,4372000,-2.9427668486237524
2187,4374000,-2.9467824269533156
2188,4376000,-2.9381860656440257
2189,4378000,-1.97238317255117
2190,4380000,-2.6971127761676907
2191,4382000,-2.9727015981674194
2192,4384000,-2.9432411560416223
2193,4386000,-2.943887236356735
2194,4388000,1.8921587341455743
2195,4390000,-2.8253273502513765
2196,4392000,-2.77978709987551
2197,4394000,-2.975281795859337
2198,4396000,-2.9447937280535696
2199,4398000,-2.9424656725525855
2200,4400000,-2.944809004843235
2201,4402000,-0.8524708888130262
2202,4404000,-2.8582753860019148
2203,4406000,-2.969726316869259
2204,4408000,-2.946090916156769
2205,4410000,-2.9416074705123902
2206,4412000,-2.265564489687793
2207,4414000,-2.7189142279438676
2208,4416000,-1.9705987766124309
2209,4418000,-2.7057439217548818
2210,4420000,-2.971845319837332
2211,4422000,-2.9465292419195177
2212,4424000,-2.937512207865715
2213,4426000,-1.5803096416629852
2214,4428000,-2.0291715991282837
2215,4430000,-2.3990338857024907
2216,4432000,-2.9583517186045647
2217,4434000,-2.9486579025983812
2218,4436000,-2.942238794028759
2219,4438000,-2.936935389637947
2220,4440000,-2.9426336382627487
2221,4442000,-2.9390830067396165
2222,4444000,-2.9425580614209177
2223,4446000,-2.9430616937875747
2224,4448000,-2.9533746762275697
2225,4450000,-2.9405325504243374
2226,4452000,-2.9566181249022483
2227,4454000,-2.9510671055316924
2228,4456000,-2.9452692917585375
2229,4458000,-2.952388529598713
2230,4460000,-2.9558967089653017
2231,4462000,-2.9559598835110665
2232,4464000,-1.7834015448875726
2233,4466000,-2.7230924932416527
2234,4468000,-2.933364647351205
2235,4470000,-2.9609526843428613
2236,4472000,-2.955723300695419
2237,4474000,-1.4079302074369042
2238,4476000,-2.7335564024522903
2239,4478000,-2.942422948180698
2240,4480000,-0.9831163765331731
2241,4482000,-2.7197508031874893
2242,4484000,-2.65836476354301
2243,4486000,-1.5725843785163016
2244,4488000,-2.919677935736254
2245,4490000,-1.8021151177007706
2246,4492000,-2.976157075703144
2247,4494000,-2.9578589097857475
2248,4496000,-2.941458279788494
2249,4498000,-2.940229621231556
2250,4500000,0.3401673037819564
2251,4502000,-2.3137833597362043
2252,4504000,-2.5782035982310774
2253,4506000,-2.288404436483979
2254,4508000,-2.591973254363984
2255,4510000,-2.4946895095854997
2256,4512000,-2.963079898774624
2257,4514000,-2.9452966932058335
2258,4516000,-2.9371803131103515
2259,4518000,-2.9458979793787003
2260,4520000,-2.951573551595211
2261,4522000,-2.9417838807702066
2262,4524000,-2.951134789466858
2263,4526000,-2.951849727392197
2264,4528000,-1.6194020709209145
2265,4530000,-2.6864816143363712
2266,4532000,-2.6286910862624646
2267,4534000,-2.8545136946514247
2268,4536000,-1.4139808349777012
2269,4538000,-2.5609287765733897
2270,4540000,-2.976579679250717
2271,4542000,-1.2843033852130175
2272,4544000,-2.345852157488465
2273,4546000,-2.7560605942942202
2274,4548000,-2.8519250326324252
2275,4550000,-2.4251474774330855
2276,4552000,-2.4770968930236994
2277,4554000,-2.566960247863084
2278,4556000,-2.1479912410601973
2279,4558000,-2.304681976813823
2280,4560000,-2.7948211562857033
2281,4562000,-0.5460788582777605
2282,4564000,-2.9146098127365114
2283,4566000,-2.9373716955184936
2284,4568000,-0.4592554464209825
2285,4570000,-2.7392855465542527
2286,4572000,-2.1698611505422742
2287,4574000,-1.6867681203121319
2288,4576000,-2.8464460494127124
2289,4578000,-2.139599297822453
2290,4580000,-2.9123482163511216
2291,4582000,-1.7023987117037178
2292,4584000,-2.8780128592271357
2293,4586000,-2.5481577899400145
2294,4588000,-2.392160736652091
2295,4590000,-2.80494664971903
2296,4592000,-2.330782989639323
2297,4594000,-1.9120513598117976
2298,4596000,-2.911278163269162
2299,4598000,-2.952335418522358
2300,4600000,-2.9404822914600373
2301,4602000,-2.943635026395321
2302,4604000,-2.954513850748539
2303,4606000,-2.945456294596195
2304,4608000,-2.951184505701065
2305,4610000,-2.9523673667907713
2306,4612000,-0.834205882485956
2307,4614000,-2.7229598098564893
2308,4616000,-2.7873948994427917
2309,4618000,-2.2344101992845533
2310,4620000,-2.950747421696782
2311,4622000,-2.954448801517487
2312,4624000,-2.9397295933961867
2313,4626000,-1.157504510242492
2314,4628000,-2.7031484579509124
2315,4630000,-2.7738045647516847
2316,4632000,-2.968321591436863
2317,4634000,-1.9356585738849825
2318,4636000,-2.9905450406074525
2319,4638000,-2.969524129152298
2320,4640000,-1.7541042237449438
2321,4642000,-2.722174545215443
2322,4644000,-2.9492739981412885
2323,4646000,-1.7053339112065733
2324,4648000,-2.1491641019331293
2325,4650000,-2.9547146936655047
2326,4652000,-2.621394373403862
2327,4654000,-2.498279474940151
2328,4656000,-2.6671504737623035
2329,4658000,-2.821845368638635
2330,4660000,-2.6900047601796686
2331,4662000,-2.9602648798823354
2332,4664000,-2.2388941297437994
2333,4666000,-2.69008663861081
2334,4668000,-2.795271907132119
2335,4670000,-2.5934940465055405
2336,4672000,-2.7044927996098993
2337,4674000,-2.7154198999479413
2338,4676000,-2.4825769341699777
2339,4678000,-2.407869867855683
2340,4680000,-2.598061926040798
2341,4682000,-2.931794389665127
2342,4684000,-2.944367749273777
2343,4686000,-2.9459564986228943
2344,4688000,-2.955610900104046
2345,4690000,-2.955092916607857
2346,4692000,-2.948640845298767
2347,4694000,-2.9613503007888795
2348,4696000,-2.9461970582008363
2349,4698000,-2.960193189561367
2350,4700000,-2.946280179709196
2351,4702000,-1.708663222959265
2352,4704000,-2.7348890161439776
2353,4706000,-2.9504215722084046
2354,4708000,-2.9603640993237494
2355,4710000,-2.9546144803166388
2356,4712000,-2.963156953036785
2357,4714000,-2.9525813533067704
2358,4716000,-0.9039997000200674
2359,4718000,-2.690132534023374
2360,4720000,-2.9841306511759758
2361,4722000,-2.9699671235084533
2362,4724000,-2.9584512349367142
2363,4726000,-1.0972607047026977
2364,4728000,-2.3177363176867365
2365,4730000,-2.97048440001905
2366,4732000,-1.920627881458029
2367,4734000,-2.536183962004259
2368,4736000,-2.4143722148388624
2369,4738000,-2.711506038773339
2370,4740000,-2.5070606412887573
2371,4742000,-1.900707664561458
2372,4744000,-2.7564601347027344
2373,4746000,-2.509285055493936
2374,4748000,-2.711590480473824
2375,4750000,-2.9750036396980284
2376,4752000,-2.9555713301301
2377,4754000,-1.071097447537817
2378,4756000,-2.8396754231476224
2379,4758000,-1.334899639312178
2380,4760000,-2.5359393939599393
2381,4762000,-2.908267421618104
2382,4764000,-2.9743675055503846
2383,4766000,-2.9505675646066667
2384,4768000,-1.8313850702298806
2385,4770000,-2.3446283659553155
2386,4772000,-2.855201803188771
2387,4774000,-2.6314068747088313
2388,4776000,-2.9686422574520113
2389,4778000,-2.9508552386164664
2390,4780000,-2.953905270755291
2391,4782000,-2.9637317562699317
2392,4784000,-2.9645501819849014
2393,4786000,-1.7063466768069193
2394,4788000,-1.9107583344727754
2395,4790000,-2.19379299236089
2396,4792000,-2.894140094205737
2397,4794000,-2.9358612400367856
2398,4796000,-2.9618115000724794
2399,4798000,-0.5165500711202622
2400,4800000,-1.99446802874282
2401,4802000,-2.905573491342366
2402,4804000,-2.9786432396173477
2403,4806000,-2.9647073399424553
2404,4808000,-2.9633682775497436
2405,4810000,-2.966403140604496
2406,4812000,-2.954929973959923
2407,4814000,-1.3466059440141545
2408,4816000,-2.9875086205005648
2409,4818000,-2.975825936496258
2410,4820000,-2.954990940988064
2411,4822000,-2.9640601775050164
2412,4824000,-2.964875071644783
2413,4826000,-2.965895331144333
2414,4828000,-2.965546812534332
2415,4830000,-2.969973567903042
2416,4832000,-2.9665404370427133
2417,4834000,0.3980835069376044
2418,4836000,-3.002777371108532
2419,4838000,-2.994335286259651
2420,4840000,-2.9611073429584502
2421,4842000,-2.973235159277916
2422,4844000,-2.972035241663456
2423,4846000,-2.9670030078291894
2424,4848000,-2.96219485771656
2425,4850000,-2.9686639098525047
2426,4852000,1.3423353760568426
2427,4854000,-2.809985349651426
2428,4856000,-2.9407820868585257
2429,4858000,-2.431368390273303
2430,4860000,-2.8933394434303046
2431,4862000,-2.9641378905177116
2432,4864000,-2.9599349545687437
2433,4866000,-2.9697165540456774
2434,4868000,-2.965176890194416
2435,4870000,-2.964436091184616
2436,4872000,-2.9682359897494317
2437,4874000,-2.9701214312911035
2438,4876000,-2.0521784067861737
2439,4878000,-2.652407652532682
2440,4880000,-2.981455986022949
2441,4882000,-2.9705776131153105
2442,4884000,-2.978861840605736
2443,4886000,-2.2126193165644072
2444,4888000,-2.9838244814276695
2445,4890000,-2.9813964534401896
2446,4892000,-2.975040176153183
2447,4894000,-2.9748215187788007
2448,4896000,-2.9755350095629693
2449,4898000,-2.9610151097774504
2450,4900000,-2.9670784866809843
2451,4902000,-2.9731159153580666
2452,4904000,-2.96754239910841
2453,4906000,-2.9705899111032488
2454,4908000,-1.2347287254324182
2455,4910000,-2.769551703002304
2456,4912000,-2.134229448311031
2457,4914000,-2.073921814247966
2458,4916000,-2.766370739329606
2459,4918000,-3.007234200656414
2460,4920000,-2.9889163491725923
2461,4922000,-1.5926324507445098
2462,4924000,-2.9722741392850875
2463,4926000,-0.013149170879274606
2464,4928000,-2.986579559445381
2465,4930000,-2.9915294048190115
2466,4932000,-2.9725042557120323
2467,4934000,-1.823616336831823
2468,4936000,-2.0434093696195634
2469,4938000,-2.844048623044044
2470,4940000,-2.500316326752305
2471,4942000,-1.5077495024371892
2472,4944000,-2.9282837453633546
2473,4946000,-2.459292047393974
2474,4948000,-1.6442544229999185
2475,4950000,-1.0452374117765575
2476,4952000,-2.740545281395316
2477,4954000,-2.1422071965849026
2478,4956000,-2.53944311459735
2479,4958000,-2.6512649634014815
2480,4960000,-2.3986780689116567
2481,4962000,-2.878242837816477
2482,4964000,-2.5676729507111014
2483,4966000,-2.304907044213265
2484,4968000,-2.972389119744301
2485,4970000,-2.9585001185536384
2486,4972000,0.18164319243468344
2487,4974000,-2.8561562660187483
2488,4976000,-2.5630758926458657
2489,4978000,-2.7099253169689326
2490,4980000,-2.9797625071406366
2491,4982000,-2.9686382521390913
2492,4984000,-2.9697136411070826
2493,4986000,-2.964128048300743
2494,4988000,-2.9787701061964036
2495,4990000,-2.963973789572716
2496,4992000,-2.9764851771593093
2497,4994000,-2.9629711891412733
2498,4996000,-1.242920606378466
2499,4998000,-2.9623838189840317
2500,5000000,-2.9876588661670684
