1,2000,0.0
2,4000,0.0
3,6000,0.0
4,8000,0.0
5,10000,0.0
6,12000,0.0
7,14000,0.0
8,16000,0.0
9,18000,0.0
10,20000,0.0
11,22000,0.0
12,24000,0.0
13,26000,0.0
14,28000,0.0
15,30000,0.0
16,32000,0.0
17,34000,48.8
18,36000,22.6
19,38000,0.0
20,40000,0.0
21,42000,0.0
22,44000,31.5
23,46000,0.0
24,48000,0.5
25,50000,6.5
26,52000,0.0
27,54000,200.9
28,56000,35.5
29,58000,0.0
30,60000,40.9
31,62000,0.0
32,64000,0.0
33,66000,0.0
34,68000,0.0
35,70000,0.0
36,72000,0.0
37,74000,26.1
38,76000,0.0
39,78000,0.0
40,80000,111.5
41,82000,0.0
42,84000,173.1
43,86000,101.7
44,88000,66.2
45,90000,193.4
46,92000,0.0
47,94000,10.0
48,96000,76.3
49,98000,0.0
50,100000,2.9
51,102000,177.9
52,104000,0.0
53,106000,9.3
54,108000,242.2
55,110000,100.0
56,112000,0.0
57,114000,0.0
58,116000,0.0
59,118000,43.5
60,120000,114.4
61,122000,207.1
62,124000,288.9
63,126000,71.6
64,128000,0.0
65,130000,198.4
66,132000,0.0
67,134000,0.0
68,136000,57.6
69,138000,24.5
70,140000,0.0
71,142000,0.0
72,144000,0.0
73,146000,0.0
74,148000,0.0
75,150000,0.0
76,152000,0.0
77,154000,65.3
78,156000,0.0
79,158000,0.0
80,160000,0.0
81,162000,0.0
82,164000,40.8
83,166000,0.0
84,168000,0.0
85,170000,104.9
86,172000,0.0
87,174000,0.0
88,176000,131.4
89,178000,229.4
90,180000,150.1
91,182000,0.0
92,184000,86.5
93,186000,260.5
94,188000,0.0
95,190000,57.7
96,192000,140.5
97,194000,102.8
98,196000,0.0
99,198000,72.7
100,200000,182.1
101,202000,52.0
102,204000,0.0
103,206000,253.7
104,208000,74.2
105,210000,66.5
106,212000,159.7
107,214000,0.0
108,216000,69.7
109,218000,0.0
110,220000,253.1
111,222000,31.1
112,224000,40.6
113,226000,72.5
114,228000,3.0
115,230000,0.0
116,232000,167.8
117,234000,4.4
118,236000,0.0
119,238000,35.5
120,240000,31.3
121,242000,160.6
122,244000,0.0
123,246000,70.4
124,248000,0.0
125,250000,0.0
126,252000,133.0
127,254000,40.0
128,256000,0.0
129,258000,0.0
130,260000,0.0
131,262000,0.0
132,264000,0.0
133,266000,143.6
134,268000,59.1
135,270000,0.0
136,272000,48.1
137,274000,0.0
138,276000,0.0
139,278000,0.0
140,280000,34.8
141,282000,69.5
142,284000,0.0
143,286000,0.0
144,288000,0.0
145,290000,0.0
146,292000,0.0
147,294000,0.0
148,296000,0.0
149,298000,0.0
150,300000,0.0
151,302000,0.0
152,304000,0.0
153,306000,69.3
154,308000,0.0
155,310000,0.0
156,312000,0.0
157,314000,0.0
158,316000,0.1
159,318000,0.0
160,320000,0.0
161,322000,0.0
162,324000,0.3
163,326000,0.0
164,328000,0.0
165,330000,0.0
166,332000,34.9
167,334000,0.0
168,336000,0.0
169,338000,0.0
170,340000,0.0
171,342000,0.0
172,344000,0.0
173,346000,0.0
174,348000,0.0
175,350000,0.0
176,352000,0.0
177,354000,0.0
178,356000,0.0
179,358000,36.3
180,360000,0.0
181,362000,0.0
182,364000,0.0
183,366000,0.0
184,368000,26.7
185,370000,1.0
186,372000,0.0
187,374000,0.0
188,376000,0.0
189,378000,72.0
190,380000,21.2
191,382000,0.0
192,384000,0.0
193,386000,0.0
194,388000,0.0
195,390000,0.0
196,392000,0.0
197,394000,0.0
198,396000,0.0
199,398000,0.0
200,400000,0.0
201,402000,0.0
202,404000,0.0
203,406000,0.0
204,408000,0.0
205,410000,0.0
206,412000,0.0
207,414000,0.0
208,416000,36.4
209,418000,0.0
210,420000,18.8
211,422000,22.6
212,424000,0.0
213,426000,0.0
214,428000,34.7
215,430000,0.0
216,432000,0.0
217,434000,0.0
218,436000,0.0
219,438000,0.0
220,440000,0.0
221,442000,0.0
222,444000,0.0
223,446000,0.0
224,448000,71.6
225,450000,0.0
226,452000,0.0
227,454000,0.0
228,456000,0.0
229,458000,0.0
230,460000,0.0
231,462000,19.4
232,464000,0.0
233,466000,0.0
234,468000,0.0
235,470000,0.0
236,472000,0.0
237,474000,0.0
238,476000,0.0
239,478000,0.0
240,480000,0.0
241,482000,0.0
242,484000,0.0
243,486000,0.0
244,488000,0.0
245,490000,0.0
246,492000,0.0
247,494000,0.0
248,496000,0.0
249,498000,2.0
250,500000,0.0
251,502000,0.0
252,504000,0.0
253,506000,0.0
254,508000,0.0
255,510000,0.0
256,512000,0.0
257,514000,0.0
258,516000,0.0
259,518000,0.0
260,520000,0.0
261,522000,0.0
262,524000,0.0
263,526000,0.0
264,528000,38.1
265,530000,0.0
266,532000,0.0
267,534000,0.0
268,536000,0.0
269,538000,0.0
270,540000,0.0
271,542000,0.0
272,544000,0.0
273,546000,0.0
274,548000,0.0
275,550000,0.0
276,552000,0.0
277,554000,0.0
278,556000,0.0
279,558000,0.0
280,560000,0.0
281,562000,0.0
282,564000,0.0
283,566000,0.0
284,568000,0.0
285,570000,0.0
286,572000,0.0
287,574000,228.5
288,576000,0.0
289,578000,0.0
290,580000,0.0
291,582000,0.0
292,584000,0.0
293,586000,0.0
294,588000,0.0
295,590000,0.0
296,592000,91.4
297,594000,0.0
298,596000,0.0
299,598000,0.0
300,600000,0.0
301,602000,0.6
302,604000,0.0
303,606000,0.0
304,608000,0.0
305,610000,0.0
306,612000,0.0
307,614000,0.0
308,616000,60.4
309,618000,0.0
310,620000,95.4
311,622000,0.0
312,624000,0.0
313,626000,0.0
314,628000,0.0
315,630000,19.1
316,632000,0.0
317,634000,0.0
318,636000,0.0
319,638000,0.0
320,640000,0.0
321,642000,0.0
322,644000,0.4
323,646000,0.1
324,648000,80.9
325,650000,34.1
326,652000,0.0
327,654000,28.1
328,656000,73.8
329,658000,56.5
330,660000,27.6
331,662000,25.7
332,664000,79.2
333,666000,0.0
334,668000,0.0
335,670000,0.0
336,672000,0.0
337,674000,0.0
338,676000,55.6
339,678000,0.0
340,680000,29.0
341,682000,0.0
342,684000,0.0
343,686000,0.0
344,688000,0.0
345,690000,88.9
346,692000,55.7
347,694000,0.0
348,696000,75.6
349,698000,115.6
350,700000,0.0
351,702000,0.0
352,704000,0.0
353,706000,20.4
354,708000,60.8
355,710000,0.0
356,712000,238.1
357,714000,61.7
358,716000,0.0
359,718000,186.5
360,720000,0.0
361,722000,0.0
362,724000,0.0
363,726000,31.2
364,728000,30.2
365,730000,59.8
366,732000,68.0
367,734000,0.0
368,736000,0.0
369,738000,31.4
370,740000,0.0
371,742000,0.0
372,744000,0.0
373,746000,31.0
374,748000,0.0
375,750000,0.0
376,752000,0.0
377,754000,0.0
378,756000,0.0
379,758000,0.0
380,760000,0.0
381,762000,90.0
382,764000,0.0
383,766000,0.0
384,768000,258.9
385,770000,0.0
386,772000,0.0
387,774000,30.4
388,776000,0.0
389,778000,14.1
390,780000,0.0
391,782000,20.8
392,784000,4.9
393,786000,0.0
394,788000,0.0
395,790000,0.0
396,792000,5.9
397,794000,0.0
398,796000,0.0
399,798000,0.0
400,800000,5.2
401,802000,0.0
402,804000,0.0
403,806000,0.0
404,808000,5.2
405,810000,0.2
406,812000,0.0
407,814000,0.0
408,816000,48.3
409,818000,0.0
410,820000,0.0
411,822000,0.0
412,824000,0.0
413,826000,124.6
414,828000,0.0
415,830000,0.0
416,832000,0.0
417,834000,0.0
418,836000,0.0
419,838000,0.0
420,840000,0.0
421,842000,0.0
422,844000,0.0
423,846000,0.0
424,848000,0.0
425,850000,0.0
426,852000,0.0
427,854000,0.0
428,856000,0.0
429,858000,0.0
430,860000,0.0
431,862000,0.0
432,864000,0.0
433,866000,0.0
434,868000,0.0
435,870000,0.0
436,872000,0.0
437,874000,0.0
438,876000,0.0
439,878000,0.0
440,880000,0.0
441,882000,0.0
442,884000,0.0
443,886000,0.0
444,888000,0.0
445,890000,0.0
446,892000,0.0
447,894000,0.0
448,896000,0.0
449,898000,0.0
450,900000,0.0
451,902000,0.0
452,904000,0.0
453,906000,0.0
454,908000,0.0
455,910000,0.0
456,912000,0.0
457,914000,0.0
458,916000,0.0
459,918000,0.0
460,920000,0.0
461,922000,0.0
462,924000,0.0
463,926000,11.8
464,928000,0.0
465,930000,0.0
466,932000,0.0
467,934000,0.0
468,936000,0.0
469,938000,0.0
470,940000,0.0
471,942000,0.0
472,944000,0.0
473,946000,0.0
474,948000,0.0
475,950000,0.0
476,952000,0.0
477,954000,0.0
478,956000,29.5
479,958000,0.0
480,960000,0.0
481,962000,0.0
482,964000,0.0
483,966000,0.0
484,968000,0.0
485,970000,0.0
486,972000,0.0
487,974000,0.0
488,976000,0.0
489,978000,0.0
490,980000,0.0
491,982000,0.0
492,984000,0.0
493,986000,0.1
494,988000,0.0
495,990000,0.0
496,992000,0.0
497,994000,0.0
498,996000,0.0
499,998000,0.0
500,1000000,0.0
501,1002000,0.0
502,1004000,0.0
503,1006000,0.0
504,1008000,0.0
505,1010000,0.0
506,1012000,0.0
507,1014000,0.0
508,1016000,0.0
509,1018000,0.0
510,1020000,0.0
511,1022000,0.0
512,1024000,0.0
513,1026000,0.0
514,1028000,0.0
515,1030000,0.0
516,1032000,0.0
517,1034000,0.0
518,1036000,0.0
519,1038000,0.0
520,1040000,0.0
521,1042000,0.0
522,1044000,0.0
523,1046000,0.0
524,1048000,0.0
525,1050000,0.0
526,1052000,0.0
527,1054000,0.0
528,1056000,14.5
529,1058000,0.0
530,1060000,0.0
531,1062000,0.0
532,1064000,0.0
533,1066000,0.0
534,1068000,0.0
535,1070000,0.0
536,1072000,0.0
537,1074000,0.0
538,1076000,0.0
539,1078000,0.0
540,1080000,0.0
541,1082000,0.0
542,1084000,0.0
543,1086000,73.0
544,1088000,0.8
545,1090000,0.0
546,1092000,0.6
547,1094000,0.0
548,1096000,0.0
549,1098000,0.0
550,1100000,0.0
551,1102000,0.0
552,1104000,8.3
553,1106000,4.0
554,1108000,0.0
555,1110000,6.7
556,1112000,0.0
557,1114000,0.0
558,1116000,16.2
559,1118000,0.0
560,1120000,0.0
561,1122000,0.0
562,1124000,0.0
563,1126000,0.0
564,1128000,0.0
565,1130000,0.0
566,1132000,0.0
567,1134000,0.0
568,1136000,0.0
569,1138000,0.0
570,1140000,0.0
571,1142000,0.0
572,1144000,0.0
573,1146000,0.0
574,1148000,0.0
575,1150000,0.0
576,1152000,0.0
577,1154000,0.0
578,1156000,0.0
579,1158000,0.0
580,1160000,0.0
581,1162000,0.0
582,1164000,0.0
583,1166000,0.0
584,1168000,0.0
585,1170000,0.0
586,1172000,0.0
587,1174000,0.0
588,1176000,0.0
589,1178000,0.3
590,1180000,6.6
591,1182000,0.0
592,1184000,0.0
593,1186000,0.0
594,1188000,0.0
595,1190000,0.0
596,1192000,16.4
597,1194000,0.0
598,1196000,0.0
599,1198000,4.0
600,1200000,0.0
601,1202000,0.0
602,1204000,0.0
603,1206000,34.0
604,1208000,0.0
605,1210000,0.0
606,1212000,0.0
607,1214000,0.0
608,1216000,0.0
609,1218000,69.1
610,1220000,0.0
611,1222000,6.5
612,1224000,0.7
613,1226000,0.0
614,1228000,68.1
615,1230000,0.0
616,1232000,0.0
617,1234000,70.2
618,1236000,0.0
619,1238000,0.0
620,1240000,0.0
621,1242000,0.0
622,1244000,0.0
623,1246000,37.6
624,1248000,0.0
625,1250000,0.0
626,1252000,0.4
627,1254000,0.0
628,1256000,0.0
629,1258000,0.0
630,1260000,0.0
631,1262000,0.0
632,1264000,0.0
633,1266000,0.0
634,1268000,0.0
635,1270000,0.0
636,1272000,0.0
637,1274000,0.0
638,1276000,0.0
639,1278000,0.0
640,1280000,0.0
641,1282000,0.0
642,1284000,0.0
643,1286000,1.1
644,1288000,3.7
645,1290000,0.6
646,1292000,9.0
647,1294000,0.0
648,1296000,0.0
649,1298000,34.3
650,1300000,0.0
651,1302000,0.0
652,1304000,0.0
653,1306000,0.0
654,1308000,0.0
655,1310000,13.3
656,1312000,5.8
657,1314000,0.0
658,1316000,53.8
659,1318000,0.0
660,1320000,15.5
661,1322000,0.0
662,1324000,0.0
663,1326000,0.0
664,1328000,11.3
665,1330000,0.0
666,1332000,9.3
667,1334000,0.0
668,1336000,0.0
669,1338000,0.0
670,1340000,32.8
671,1342000,0.0
672,1344000,0.0
673,1346000,10.9
674,1348000,0.0
675,1350000,0.0
676,1352000,0.0
677,1354000,0.0
678,1356000,0.0
679,1358000,0.0
680,1360000,0.0
681,1362000,0.0
682,1364000,3.4
683,1366000,0.0
684,1368000,0.0
685,1370000,0.0
686,1372000,36.3
687,1374000,0.0
688,1376000,6.0
689,1378000,0.0
690,1380000,0.0
691,1382000,0.0
692,1384000,0.0
693,1386000,0.0
694,1388000,0.0
695,1390000,0.0
696,1392000,10.6
697,1394000,5.6
698,1396000,9.1
699,1398000,0.0
700,1400000,3.1
701,1402000,0.0
702,1404000,0.0
703,1406000,2.8
704,1408000,0.0
705,1410000,0.0
706,1412000,0.0
707,1414000,0.0
708,1416000,0.0
709,1418000,0.0
710,1420000,0.0
711,1422000,0.0
712,1424000,0.0
713,1426000,0.0
714,1428000,2.1
715,1430000,0.0
716,1432000,0.0
717,1434000,59.1
718,1436000,0.0
719,1438000,0.0
720,1440000,0.0
721,1442000,0.0
722,1444000,0.0
723,1446000,0.0
724,1448000,31.3
725,1450000,14.5
726,1452000,31.0
727,1454000,0.0
728,1456000,0.0
729,1458000,0.0
730,1460000,14.7
731,1462000,0.0
732,1464000,0.0
733,1466000,0.0
734,1468000,0.0
735,1470000,0.0
736,1472000,0.0
737,1474000,0.0
738,1476000,0.0
739,1478000,16.3
740,1480000,15.0
741,1482000,0.0
742,1484000,0.1
743,1486000,14.1
744,1488000,0.0
745,1490000,0.0
746,1492000,16.2
747,1494000,15.1
748,1496000,0.0
749,1498000,0.4
750,1500000,12.5
751,1502000,0.0
752,1504000,0.0
753,1506000,0.0
754,1508000,0.0
755,1510000,0.0
756,1512000,0.0
757,1514000,0.0
758,1516000,0.0
759,1518000,0.0
760,1520000,0.0
761,1522000,0.0
762,1524000,0.0
763,1526000,0.0
764,1528000,0.0
765,1530000,0.0
766,1532000,0.0
767,1534000,0.0
768,1536000,0.0
769,1538000,0.0
770,1540000,0.0
771,1542000,0.0
772,1544000,0.0
773,1546000,0.0
774,1548000,0.0
775,1550000,0.0
776,1552000,0.0
777,1554000,7.8
778,1556000,0.0
779,1558000,0.0
780,1560000,0.0
781,1562000,0.0
782,1564000,0.0
783,1566000,0.0
784,1568000,0.0
785,1570000,17.8
786,1572000,3.5
787,1574000,0.0
788,1576000,0.0
789,1578000,0.0
790,1580000,4.7
791,1582000,0.0
792,1584000,31.9
793,1586000,0.0
794,1588000,0.0
795,1590000,0.0
796,1592000,0.0
797,1594000,31.0
798,1596000,0.0
799,1598000,0.0
800,1600000,0.0
801,1602000,0.0
802,1604000,0.0
803,1606000,0.0
804,1608000,0.0
805,1610000,0.0
806,1612000,0.0
807,1614000,0.0
808,1616000,0.0
809,1618000,0.0
810,1620000,0.0
811,1622000,0.0
812,1624000,0.0
813,1626000,0.0
814,1628000,0.0
815,1630000,1.6
816,1632000,0.0
817,1634000,0.0
818,1636000,0.0
819,1638000,0.0
820,1640000,0.0
821,1642000,0.0
822,1644000,0.0
823,1646000,0.0
824,1648000,0.0
825,1650000,0.0
826,1652000,0.0
827,1654000,0.0
828,1656000,0.0
829,1658000,0.0
830,1660000,1.2
831,1662000,0.0
832,1664000,0.0
833,1666000,0.0
834,1668000,0.8
835,1670000,0.0
836,1672000,0.0
837,1674000,0.0
838,1676000,0.0
839,1678000,0.0
840,1680000,0.0
841,1682000,0.0
842,1684000,0.0
843,1686000,0.0
844,1688000,0.0
845,1690000,0.0
846,1692000,0.7
847,1694000,0.0
848,1696000,0.0
849,1698000,0.0
850,1700000,0.0
851,1702000,0.0
852,1704000,0.0
853,1706000,7.0
854,1708000,0.0
855,1710000,0.0
856,1712000,0.0
857,1714000,0.0
858,1716000,0.0
859,1718000,3.3
860,1720000,0.0
861,1722000,0.0
862,1724000,0.0
863,1726000,0.0
864,1728000,0.0
865,1730000,0.0
866,1732000,0.0
867,1734000,0.2
868,1736000,0.0
869,1738000,0.0
870,1740000,0.0
871,1742000,0.0
872,1744000,0.0
873,1746000,0.0
874,1748000,0.0
875,1750000,0.0
876,1752000,0.0
877,1754000,0.0
878,1756000,0.0
879,1758000,0.0
880,1760000,16.0
881,1762000,26.3
882,1764000,0.0
883,1766000,0.0
884,1768000,0.0
885,1770000,0.1
886,1772000,4.4
887,1774000,35.1
888,1776000,0.0
889,1778000,0.0
890,1780000,0.0
891,1782000,0.0
892,1784000,0.0
893,1786000,0.0
894,1788000,0.0
895,1790000,0.0
896,1792000,15.3
897,1794000,0.0
898,1796000,0.0
899,1798000,22.7
900,1800000,0.0
901,1802000,0.0
902,1804000,0.0
903,1806000,0.0
904,1808000,0.0
905,1810000,0.0
906,1812000,0.0
907,1814000,0.0
908,1816000,35.6
909,1818000,0.0
910,1820000,0.0
911,1822000,0.0
912,1824000,0.0
913,1826000,0.0
914,1828000,0.0
915,1830000,0.0
916,1832000,0.0
917,1834000,35.6
918,1836000,0.0
919,1838000,35.7
920,1840000,0.0
921,1842000,178.6
922,1844000,0.0
923,1846000,178.4
924,1848000,36.0
925,1850000,35.8
926,1852000,0.0
927,1854000,0.0
928,1856000,0.0
929,1858000,69.4
930,1860000,0.0
931,1862000,0.0
932,1864000,36.1
933,1866000,70.5
934,1868000,0.0
935,1870000,0.0
936,1872000,0.0
937,1874000,0.0
938,1876000,14.5
939,1878000,35.2
940,1880000,0.0
941,1882000,0.0
942,1884000,0.0
943,1886000,0.0
944,1888000,41.7
945,1890000,33.3
946,1892000,34.1
947,1894000,0.7
948,1896000,0.0
949,1898000,35.0
950,1900000,0.0
951,1902000,13.2
952,1904000,104.7
953,1906000,0.3
954,1908000,0.0
955,1910000,0.0
956,1912000,70.2
957,1914000,0.0
958,1916000,0.0
959,1918000,68.7
960,1920000,98.3
961,1922000,0.0
962,1924000,4.5
963,1926000,67.6
964,1928000,0.0
965,1930000,0.0
966,1932000,43.1
967,1934000,28.5
968,1936000,0.0
969,1938000,134.6
970,1940000,0.0
971,1942000,69.0
972,1944000,68.3
973,1946000,34.5
974,1948000,0.0
975,1950000,110.0
976,1952000,106.2
977,1954000,0.0
978,1956000,0.0
979,1958000,0.0
980,1960000,0.0
981,1962000,0.0
982,1964000,50.2
983,1966000,63.1
984,1968000,34.2
985,1970000,201.6
986,1972000,35.4
987,1974000,187.0
988,1976000,67.3
989,1978000,70.7
990,1980000,48.6
991,1982000,104.5
992,1984000,13.2
993,1986000,135.9
994,1988000,242.2
995,1990000,48.7
996,1992000,77.6
997,1994000,35.0
998,1996000,33.8
999,1998000,174.3
1000,2000000,146.4
1001,2002000,152.6
1002,2004000,109.1
1003,2006000,127.3
1004,2008000,34.5
1005,2010000,96.0
1006,2012000,106.3
1007,2014000,0.0
1008,2016000,9.5
1009,2018000,67.1
1010,2020000,0.0
1011,2022000,0.0
1012,2024000,32.8
1013,2026000,27.3
1014,2028000,8.5
1015,2030000,14.3
1016,2032000,137.8
1017,2034000,93.7
1018,2036000,67.7
1019,2038000,67.1
1020,2040000,72.9
1021,2042000,0.0
1022,2044000,14.2
1023,2046000,7.9
1024,2048000,0.0
1025,2050000,0.0
1026,2052000,0.0
1027,2054000,45.4
1028,2056000,5.4
1029,2058000,1.5
1030,2060000,70.9
1031,2062000,33.1
1032,2064000,33.8
1033,2066000,0.0
1034,2068000,0.2
1035,2070000,35.0
1036,2072000,39.1
1037,2074000,67.2
1038,2076000,69.3
1039,2078000,11.9
1040,2080000,5.2
1041,2082000,0.0
1042,2084000,0.0
1043,2086000,10.1
1044,2088000,0.0
1045,2090000,0.0
1046,2092000,0.0
1047,2094000,0.0
1048,2096000,30.2
1049,2098000,0.9
1050,2100000,52.7
1051,2102000,67.0
1052,2104000,0.0
1053,2106000,0.0
1054,2108000,0.0
1055,2110000,28.3
1056,2112000,0.0
1057,2114000,0.0
1058,2116000,0.0
1059,2118000,0.0
1060,2120000,0.0
1061,2122000,0.0
1062,2124000,0.0
1063,2126000,0.0
1064,2128000,0.0
1065,2130000,0.0
1066,2132000,0.0
1067,2134000,0.0
1068,2136000,0.0
1069,2138000,0.0
1070,2140000,0.0
1071,2142000,0.0
1072,2144000,0.0
1073,2146000,0.0
1074,2148000,27.5
1075,2150000,0.0
1076,2152000,0.0
1077,2154000,36.1
1078,2156000,2.6
1079,2158000,0.0
1080,2160000,0.0
1081,2162000,0.0
1082,2164000,0.0
1083,2166000,0.0
1084,2168000,0.0
1085,2170000,36.2
1086,2172000,7.2
1087,2174000,0.0
1088,2176000,0.0
1089,2178000,0.0
1090,2180000,0.0
1091,2182000,0.0
1092,2184000,0.0
1093,2186000,0.0
1094,2188000,0.0
1095,2190000,0.0
1096,2192000,0.0
1097,2194000,0.0
1098,2196000,0.0
1099,2198000,0.0
1100,2200000,0.0
1101,2202000,0.0
1102,2204000,0.0
1103,2206000,0.0
1104,2208000,0.0
1105,2210000,0.0
1106,2212000,0.0
1107,2214000,0.0
1108,2216000,0.0
1109,2218000,385.5
1110,2220000,35.8
1111,2222000,0.0
1112,2224000,0.0
1113,2226000,0.0
1114,2228000,0.0
1115,2230000,0.0
1116,2232000,0.0
1117,2234000,0.0
1118,2236000,0.0
1119,2238000,0.0
1120,2240000,0.0
1121,2242000,0.0
1122,2244000,0.0
1123,2246000,0.0
1124,2248000,0.0
1125,2250000,0.0
1126,2252000,0.0
1127,2254000,0.0
1128,2256000,0.0
1129,2258000,2.1
1130,2260000,0.0
1131,2262000,0.0
1132,2264000,0.0
1133,2266000,0.6
1134,2268000,33.6
1135,2270000,0.0
1136,2272000,0.0
1137,2274000,0.0
1138,2276000,0.0
1139,2278000,0.0
1140,2280000,0.0
1141,2282000,0.0
1142,2284000,3.7
1143,2286000,0.0
1144,2288000,0.0
1145,2290000,0.0
1146,2292000,0.0
1147,2294000,0.0
1148,2296000,0.0
1149,2298000,0.0
1150,2300000,0.0
1151,2302000,0.0
1152,2304000,0.0
1153,2306000,0.0
1154,2308000,2.4
1155,2310000,0.0
1156,2312000,0.0
1157,2314000,8.7
1158,2316000,0.0
1159,2318000,0.0
1160,2320000,0.0
1161,2322000,0.0
1162,2324000,0.0
1163,2326000,0.0
1164,2328000,0.0
1165,2330000,0.6
1166,2332000,0.0
1167,2334000,0.0
1168,2336000,0.0
1169,2338000,9.7
1170,2340000,0.0
1171,2342000,0.0
1172,2344000,0.0
1173,2346000,0.0
1174,2348000,2.6
1175,2350000,57.2
1176,2352000,0.7
1177,2354000,0.0
1178,2356000,0.0
1179,2358000,0.0
1180,2360000,0.0
1181,2362000,0.0
1182,2364000,0.0
1183,2366000,0.0
1184,2368000,8.6
1185,2370000,0.0
1186,2372000,0.0
1187,2374000,0.0
1188,2376000,15.9
1189,2378000,0.0
1190,2380000,0.0
1191,2382000,0.0
1192,2384000,0.0
1193,2386000,0.0
1194,2388000,0.0
1195,2390000,0.0
1196,2392000,0.0
1197,2394000,0.0
1198,2396000,0.0
1199,2398000,13.0
1200,2400000,0.0
1201,2402000,0.0
1202,2404000,0.0
1203,2406000,0.0
1204,2408000,0.0
1205,2410000,0.0
1206,2412000,15.1
1207,2414000,16.2
1208,2416000,0.0
1209,2418000,16.7
1210,2420000,14.1
1211,2422000,0.0
1212,2424000,0.0
1213,2426000,0.0
1214,2428000,17.6
1215,2430000,0.0
1216,2432000,0.0
1217,2434000,0.0
1218,2436000,0.0
1219,2438000,36.7
1220,2440000,73.8
1221,2442000,0.0
1222,2444000,0.0
1223,2446000,0.0
1224,2448000,12.8
1225,2450000,0.2
1226,2452000,0.0
1227,2454000,0.0
1228,2456000,0.0
1229,2458000,0.0
1230,2460000,0.0
1231,2462000,34.2
1232,2464000,0.4
1233,2466000,0.0
1234,2468000,14.1
1235,2470000,0.0
1236,2472000,15.9
1237,2474000,0.0
1238,2476000,14.6
1239,2478000,0.0
1240,2480000,0.0
1241,2482000,32.8
1242,2484000,0.0
1243,2486000,45.7
1244,2488000,0.0
1245,2490000,0.2
1246,2492000,0.0
1247,2494000,42.3
1248,2496000,0.0
1249,2498000,0.0
1250,2500000,0.0
1251,2502000,0.0
1252,2504000,18.7
1253,2506000,7.1
1254,2508000,0.0
1255,2510000,0.4
1256,2512000,0.0
1257,2514000,0.0
1258,2516000,15.7
1259,2518000,0.0
1260,2520000,17.5
1261,2522000,21.3
1262,2524000,0.0
1263,2526000,0.0
1264,2528000,0.0
1265,2530000,0.0
1266,2532000,1.5
1267,2534000,0.0
1268,2536000,0.0
1269,2538000,0.0
1270,2540000,0.0
1271,2542000,0.0
1272,2544000,0.0
1273,2546000,0.0
1274,2548000,0.0
1275,2550000,0.0
1276,2552000,0.0
1277,2554000,0.0
1278,2556000,0.0
1279,2558000,0.0
1280,2560000,0.0
1281,2562000,0.0
1282,2564000,0.0
1283,2566000,0.0
1284,2568000,0.0
1285,2570000,2.3
1286,2572000,0.0
1287,2574000,14.9
1288,2576000,18.8
1289,2578000,11.5
1290,2580000,0.0
1291,2582000,94.1
1292,2584000,12.0
1293,2586000,0.0
1294,2588000,0.0
1295,2590000,0.0
1296,2592000,51.5
1297,2594000,34.2
1298,2596000,5.6
1299,2598000,0.0
1300,2600000,33.0
1301,2602000,0.0
1302,2604000,48.6
1303,2606000,0.0
1304,2608000,0.0
1305,2610000,0.0
1306,2612000,27.2
1307,2614000,18.6
1308,2616000,0.0
1309,2618000,0.0
1310,2620000,19.8
1311,2622000,0.0
1312,2624000,0.0
1313,2626000,18.4
1314,2628000,0.0
1315,2630000,0.0
1316,2632000,0.0
1317,2634000,0.0
1318,2636000,29.9
1319,2638000,1.3
1320,2640000,31.9
1321,2642000,0.0
1322,2644000,18.2
1323,2646000,16.9
1324,2648000,0.0
1325,2650000,70.8
1326,2652000,0.0
1327,2654000,0.0
1328,2656000,18.0
1329,2658000,0.0
1330,2660000,17.8
1331,2662000,0.0
1332,2664000,0.0
1333,2666000,0.0
1334,2668000,0.0
1335,2670000,0.0
1336,2672000,0.0
1337,2674000,0.0
1338,2676000,19.2
1339,2678000,0.0
1340,2680000,29.8
1341,2682000,0.0
1342,2684000,0.0
1343,2686000,0.0
1344,2688000,0.0
1345,2690000,0.0
1346,2692000,16.3
1347,2694000,0.0
1348,2696000,0.0
1349,2698000,0.0
1350,2700000,0.0
1351,2702000,0.0
1352,2704000,0.0
1353,2706000,0.0
1354,2708000,0.0
1355,2710000,0.0
1356,2712000,0.0
1357,2714000,0.0
1358,2716000,32.5
1359,2718000,0.0
1360,2720000,0.0
1361,2722000,0.0
1362,2724000,34.4
1363,2726000,0.0
1364,2728000,0.0
1365,2730000,33.1
1366,2732000,0.0
1367,2734000,0.0
1368,2736000,0.0
1369,2738000,0.0
1370,2740000,0.0
1371,2742000,0.0
1372,2744000,0.0
1373,2746000,0.0
1374,2748000,0.0
1375,2750000,0.0
1376,2752000,0.0
1377,2754000,34.4
1378,2756000,0.0
1379,2758000,0.0
1380,2760000,0.0
1381,2762000,0.0
1382,2764000,0.0
1383,2766000,0.0
1384,2768000,0.0
1385,2770000,0.0
1386,2772000,0.0
1387,2774000,0.0
1388,2776000,0.0
1389,2778000,0.0
1390,2780000,0.0
1391,2782000,0.0
1392,2784000,0.0
1393,2786000,0.0
1394,2788000,0.0
1395,2790000,0.0
1396,2792000,0.0
1397,2794000,0.0
1398,2796000,0.0
1399,2798000,33.3
1400,2800000,0.0
1401,2802000,0.0
1402,2804000,33.2
1403,2806000,0.0
1404,2808000,0.0
1405,2810000,34.1
1406,2812000,0.0
1407,2814000,0.0
1408,2816000,5.0
1409,2818000,33.2
1410,2820000,0.0
1411,2822000,0.0
1412,2824000,0.0
1413,2826000,57.8
1414,2828000,0.0
1415,2830000,69.8
1416,2832000,66.3
1417,2834000,31.3
1418,2836000,0.0
1419,2838000,0.0
1420,2840000,0.0
1421,2842000,0.0
1422,2844000,0.0
1423,2846000,0.0
1424,2848000,0.0
1425,2850000,0.0
1426,2852000,0.0
1427,2854000,0.0
1428,2856000,0.0
1429,2858000,0.0
1430,2860000,0.0
1431,2862000,0.0
1432,2864000,33.8
1433,2866000,0.0
1434,2868000,0.0
1435,2870000,0.0
1436,2872000,0.0
1437,2874000,0.0
1438,2876000,0.2
1439,2878000,0.0
1440,2880000,0.0
1441,2882000,35.1
1442,2884000,0.0
1443,2886000,0.0
1444,2888000,0.0
1445,2890000,24.0
1446,2892000,33.4
1447,2894000,0.0
1448,2896000,0.0
1449,2898000,0.0
1450,2900000,0.0
1451,2902000,0.0
1452,2904000,0.0
1453,2906000,0.0
1454,2908000,0.0
1455,2910000,0.0
1456,2912000,0.0
1457,2914000,0.0
1458,2916000,0.0
1459,2918000,34.2
1460,2920000,34.1
1461,2922000,0.0
1462,2924000,0.0
1463,2926000,34.8
1464,2928000,0.0
1465,2930000,0.0
1466,2932000,0.0
1467,2934000,0.0
1468,2936000,0.0
1469,2938000,0.0
1470,2940000,0.0
1471,2942000,0.0
1472,2944000,0.0
1473,2946000,0.0
1474,2948000,0.0
1475,2950000,0.0
1476,2952000,0.0
1477,2954000,0.0
1478,2956000,0.0
1479,2958000,0.0
1480,2960000,0.0
1481,2962000,0.0
1482,2964000,0.0
1483,2966000,0.0
1484,2968000,0.0
1485,2970000,0.0
1486,2972000,0.0
1487,2974000,1.7
1488,2976000,0.0
1489,2978000,34.7
1490,2980000,0.0
1491,2982000,0.0
1492,2984000,0.0
1493,2986000,0.0
1494,2988000,0.0
1495,2990000,0.0
1496,2992000,0.0
1497,2994000,0.0
1498,2996000,0.0
1499,2998000,0.0
1500,3000000,22.4
1501,3002000,1.0
1502,3004000,0.0
1503,3006000,0.0
1504,3008000,0.0
1505,3010000,0.0
1506,3012000,0.0
1507,3014000,32.8
1508,3016000,0.0
1509,3018000,0.0
1510,3020000,0.0
1511,3022000,0.0
1512,3024000,0.0
1513,3026000,0.0
1514,3028000,0.0
1515,3030000,0.0
1516,3032000,0.0
1517,3034000,0.0
1518,3036000,0.0
1519,3038000,0.1
1520,3040000,0.0
1521,3042000,0.0
1522,3044000,0.0
1523,3046000,0.0
1524,3048000,0.0
1525,3050000,0.0
1526,3052000,0.0
1527,3054000,0.0
1528,3056000,0.0
1529,3058000,0.0
1530,3060000,0.0
1531,3062000,0.0
1532,3064000,0.0
1533,3066000,0.0
1534,3068000,0.0
1535,3070000,0.0
1536,3072000,0.0
1537,3074000,0.0
1538,3076000,0.0
1539,3078000,0.0
1540,3080000,0.0
1541,3082000,0.0
1542,3084000,0.0
1543,3086000,0.0
1544,3088000,23.9
1545,3090000,0.0
1546,3092000,0.0
1547,3094000,0.0
1548,3096000,0.0
1549,3098000,0.0
1550,3100000,35.3
1551,3102000,0.0
1552,3104000,0.0
1553,3106000,0.0
1554,3108000,0.0
1555,3110000,35.2
1556,3112000,0.0
1557,3114000,0.0
1558,3116000,0.6
1559,3118000,35.1
1560,3120000,0.0
1561,3122000,0.0
1562,3124000,0.0
1563,3126000,0.0
1564,3128000,0.0
1565,3130000,0.0
1566,3132000,0.0
1567,3134000,0.0
1568,3136000,0.0
1569,3138000,0.0
1570,3140000,0.0
1571,3142000,33.2
1572,3144000,0.1
1573,3146000,0.0
1574,3148000,0.0
1575,3150000,0.0
1576,3152000,0.0
1577,3154000,35.2
1578,3156000,32.7
1579,3158000,33.6
1580,3160000,0.0
1581,3162000,32.9
1582,3164000,0.0
1583,3166000,31.6
1584,3168000,0.0
1585,3170000,0.0
1586,3172000,36.3
1587,3174000,0.0
1588,3176000,0.0
1589,3178000,0.0
1590,3180000,70.1
1591,3182000,0.0
1592,3184000,0.0
1593,3186000,0.0
1594,3188000,1.8
1595,3190000,0.0
1596,3192000,0.0
1597,3194000,1.4
1598,3196000,0.0
1599,3198000,0.0
1600,3200000,0.0
1601,3202000,0.0
1602,3204000,0.0
1603,3206000,33.0
1604,3208000,1.0
1605,3210000,30.7
1606,3212000,69.6
1607,3214000,0.0
1608,3216000,1.4
1609,3218000,0.0
1610,3220000,31.9
1611,3222000,32.9
1612,3224000,0.0
1613,3226000,0.0
1614,3228000,0.0
1615,3230000,0.0
1616,3232000,0.0
1617,3234000,0.0
1618,3236000,0.0
1619,3238000,0.0
1620,3240000,0.0
1621,3242000,5.0
1622,3244000,34.0
1623,3246000,0.0
1624,3248000,0.0
1625,3250000,0.0
1626,3252000,0.0
1627,3254000,0.0
1628,3256000,0.0
1629,3258000,52.2
1630,3260000,67.6
1631,3262000,67.4
1632,3264000,0.0
1633,3266000,0.0
1634,3268000,0.9
1635,3270000,0.0
1636,3272000,0.0
1637,3274000,0.0
1638,3276000,0.0
1639,3278000,0.0
1640,3280000,60.0
1641,3282000,0.0
1642,3284000,0.0
1643,3286000,0.0
1644,3288000,32.7
1645,3290000,0.0
1646,3292000,0.0
1647,3294000,0.0
1648,3296000,65.5
1649,3298000,64.6
1650,3300000,30.8
1651,3302000,0.2
1652,3304000,34.2
1653,3306000,94.7
1654,3308000,0.0
1655,3310000,0.0
1656,3312000,1.0
1657,3314000,29.9
1658,3316000,90.1
1659,3318000,33.2
1660,3320000,0.0
1661,3322000,0.0
1662,3324000,32.2
1663,3326000,0.0
1664,3328000,0.0
1665,3330000,0.0
1666,3332000,32.3
1667,3334000,0.0
1668,3336000,0.0
1669,3338000,63.8
1670,3340000,0.0
1671,3342000,0.5
1672,3344000,0.0
1673,3346000,0.0
1674,3348000,31.0
1675,3350000,0.0
1676,3352000,10.6
1677,3354000,31.0
1678,3356000,33.3
1679,3358000,0.0
1680,3360000,30.4
1681,3362000,0.0
1682,3364000,33.4
1683,3366000,31.3
1684,3368000,0.0
1685,3370000,31.2
1686,3372000,0.0
1687,3374000,45.0
1688,3376000,63.6
1689,3378000,0.0
1690,3380000,0.0
1691,3382000,61.0
1692,3384000,0.0
1693,3386000,33.3
1694,3388000,33.2
1695,3390000,26.8
1696,3392000,0.0
1697,3394000,0.0
1698,3396000,0.7
1699,3398000,0.0
1700,3400000,13.4
1701,3402000,0.0
1702,3404000,0.0
1703,3406000,0.0
1704,3408000,0.0
1705,3410000,0.0
1706,3412000,30.0
1707,3414000,0.0
1708,3416000,0.0
1709,3418000,5.2
1710,3420000,28.5
1711,3422000,60.9
1712,3424000,0.0
1713,3426000,0.0
1714,3428000,32.1
1715,3430000,0.0
1716,3432000,0.0
1717,3434000,0.0
1718,3436000,0.0
1719,3438000,0.2
1720,3440000,29.7
1721,3442000,0.0
1722,3444000,0.0
1723,3446000,0.0
1724,3448000,0.0
1725,3450000,0.0
1726,3452000,2.3
1727,3454000,0.0
1728,3456000,2.5
1729,3458000,0.0
1730,3460000,0.0
1731,3462000,27.3
1732,3464000,0.0
1733,3466000,0.0
1734,3468000,0.0
1735,3470000,0.0
1736,3472000,31.3
1737,3474000,0.0
1738,3476000,0.0
1739,3478000,0.0
1740,3480000,0.0
1741,3482000,0.0
1742,3484000,0.0
1743,3486000,60.2
1744,3488000,0.0
1745,3490000,1.1
1746,3492000,0.0
1747,3494000,28.2
1748,3496000,0.0
1749,3498000,0.0
1750,3500000,0.0
1751,3502000,4.1
1752,3504000,0.0
1753,3506000,0.0
1754,3508000,0.0
1755,3510000,0.0
1756,3512000,0.0
1757,3514000,0.0
1758,3516000,0.0
1759,3518000,0.0
1760,3520000,0.0
1761,3522000,0.0
1762,3524000,0.0
1763,3526000,0.0
1764,3528000,0.0
1765,3530000,4.6
1766,3532000,0.0
1767,3534000,0.0
1768,3536000,17.2
1769,3538000,0.0
1770,3540000,0.0
1771,3542000,27.7
1772,3544000,12.3
1773,3546000,4.0
1774,3548000,0.0
1775,3550000,29.1
1776,3552000,66.3
1777,3554000,0.0
1778,3556000,0.8
1779,3558000,0.0
1780,3560000,0.0
1781,3562000,4.5
1782,3564000,25.6
1783,3566000,26.5
1784,3568000,0.0
1785,3570000,0.0
1786,3572000,2.4
1787,3574000,0.0
1788,3576000,0.0
1789,3578000,0.0
1790,3580000,0.0
1791,3582000,0.0
1792,3584000,33.8
1793,3586000,0.0
1794,3588000,27.1
1795,3590000,0.0
1796,3592000,0.0
1797,3594000,0.0
1798,3596000,0.0
1799,3598000,0.0
1800,3600000,0.0
1801,3602000,0.0
1802,3604000,0.0
1803,3606000,0.0
1804,3608000,0.0
1805,3610000,0.0
1806,3612000,25.5
1807,3614000,0.0
1808,3616000,2.7
1809,3618000,0.0
1810,3620000,0.0
1811,3622000,0.0
1812,3624000,0.0
1813,3626000,0.0
1814,3628000,0.0
1815,3630000,78.9
1816,3632000,16.0
1817,3634000,0.0
1818,3636000,0.0
1819,3638000,0.0
1820,3640000,0.0
1821,3642000,0.0
1822,3644000,0.4
1823,3646000,0.0
1824,3648000,0.0
1825,3650000,0.0
1826,3652000,0.0
1827,3654000,0.0
1828,3656000,1.4
1829,3658000,0.0
1830,3660000,33.9
1831,3662000,0.0
1832,3664000,1.0
1833,3666000,0.0
1834,3668000,0.0
1835,3670000,0.0
1836,3672000,0.0
1837,3674000,23.0
1838,3676000,28.4
1839,3678000,0.0
1840,3680000,0.0
1841,3682000,0.0
1842,3684000,50.8
1843,3686000,0.0
1844,3688000,0.0
1845,3690000,43.5
1846,3692000,0.0
1847,3694000,0.0
1848,3696000,17.1
1849,3698000,0.0
1850,3700000,29.5
1851,3702000,0.0
1852,3704000,0.0
1853,3706000,7.6
1854,3708000,14.2
1855,3710000,3.6
1856,3712000,2.1
1857,3714000,3.2
1858,3716000,27.1
1859,3718000,0.0
1860,3720000,0.0
1861,3722000,0.0
1862,3724000,21.7
1863,3726000,0.0
1864,3728000,18.3
1865,3730000,0.0
1866,3732000,0.0
1867,3734000,0.0
1868,3736000,18.3
1869,3738000,0.0
1870,3740000,0.0
1871,3742000,0.0
1872,3744000,0.0
1873,3746000,18.6
1874,3748000,0.0
1875,3750000,0.0
1876,3752000,0.0
1877,3754000,0.0
1878,3756000,0.0
1879,3758000,0.0
1880,3760000,0.0
1881,3762000,0.0
1882,3764000,0.0
1883,3766000,0.0
1884,3768000,37.7
1885,3770000,0.0
1886,3772000,0.0
1887,3774000,0.0
1888,3776000,16.7
1889,3778000,0.0
1890,3780000,0.5
1891,3782000,0.0
1892,3784000,0.0
1893,3786000,0.0
1894,3788000,0.0
1895,3790000,0.0
1896,3792000,33.7
1897,3794000,8.0
1898,3796000,0.0
1899,3798000,51.7
1900,3800000,0.0
1901,3802000,23.2
1902,3804000,0.0
1903,3806000,0.0
1904,3808000,24.9
1905,3810000,0.0
1906,3812000,0.0
1907,3814000,0.0
1908,3816000,0.5
1909,3818000,0.9
1910,3820000,0.0
1911,3822000,0.0
1912,3824000,0.0
1913,3826000,0.0
1914,3828000,37.4
1915,3830000,0.0
1916,3832000,0.0
1917,3834000,0.0
1918,3836000,0.0
1919,3838000,0.0
1920,3840000,0.0
1921,3842000,0.0
1922,3844000,0.0
1923,3846000,0.0
1924,3848000,0.0
1925,3850000,33.1
1926,3852000,18.2
1927,3854000,54.0
1928,3856000,13.2
1929,3858000,0.0
1930,3860000,0.0
1931,3862000,33.2
1932,3864000,16.2
1933,3866000,4.7
1934,3868000,0.0
1935,3870000,0.6
1936,3872000,0.0
1937,3874000,0.0
1938,3876000,0.0
1939,3878000,0.0
1940,3880000,0.0
1941,3882000,0.0
1942,3884000,12.4
1943,3886000,0.0
1944,3888000,0.0
1945,3890000,0.0
1946,3892000,0.0
1947,3894000,45.0
1948,3896000,0.0
1949,3898000,0.0
1950,3900000,0.0
1951,3902000,0.0
1952,3904000,0.0
1953,3906000,0.0
1954,3908000,0.0
1955,3910000,0.0
1956,3912000,0.0
1957,3914000,33.0
1958,3916000,0.0
1959,3918000,0.0
1960,3920000,0.0
1961,3922000,5.9
1962,3924000,0.0
1963,3926000,25.2
1964,3928000,0.0
1965,3930000,13.8
1966,3932000,0.0
1967,3934000,0.0
1968,3936000,30.2
1969,3938000,0.0
1970,3940000,24.8
1971,3942000,2.9
1972,3944000,23.2
1973,3946000,15.9
1974,3948000,0.0
1975,3950000,28.9
1976,3952000,0.0
1977,3954000,0.0
1978,3956000,0.0
1979,3958000,0.6
1980,3960000,26.6
1981,3962000,0.0
1982,3964000,0.0
1983,3966000,0.0
1984,3968000,0.0
1985,3970000,0.0
1986,3972000,0.0
1987,3974000,0.0
1988,3976000,0.0
1989,3978000,0.4
1990,3980000,25.3
1991,3982000,0.0
1992,3984000,0.0
1993,3986000,0.0
1994,3988000,0.6
1995,3990000,0.0
1996,3992000,0.0
1997,3994000,0.0
1998,3996000,0.0
1999,3998000,23.7
2000,4000000,27.8
2001,4002000,0.0
2002,4004000,0.0
2003,4006000,0.0
2004,4008000,0.0
2005,4010000,28.1
2006,4012000,0.0
2007,4014000,0.0
2008,4016000,0.0
2009,4018000,0.0
2010,4020000,0.0
2011,4022000,0.0
2012,4024000,0.0
2013,4026000,0.0
2014,4028000,0.0
2015,4030000,0.0
2016,4032000,0.0
2017,4034000,10.6
2018,4036000,0.0
2019,4038000,0.0
2020,4040000,0.0
2021,4042000,0.0
2022,4044000,0.0
2023,4046000,14.9
2024,4048000,0.0
2025,4050000,6.0
2026,4052000,0.0
2027,4054000,29.2
2028,4056000,0.0
2029,4058000,31.3
2030,4060000,33.1
2031,4062000,0.0
2032,4064000,0.0
2033,4066000,0.0
2034,4068000,4.4
2035,4070000,0.0
2036,4072000,0.5
2037,4074000,0.7
2038,4076000,0.0
2039,4078000,0.0
2040,4080000,1.5
2041,4082000,0.0
2042,4084000,0.0
2043,4086000,0.0
2044,4088000,0.0
2045,4090000,0.0
2046,4092000,0.0
2047,4094000,31.6
2048,4096000,27.0
2049,4098000,0.0
2050,4100000,23.5
2051,4102000,0.0
2052,4104000,0.0
2053,4106000,0.0
2054,4108000,0.0
2055,4110000,0.0
2056,4112000,0.0
2057,4114000,0.0
2058,4116000,37.3
2059,4118000,0.0
2060,4120000,0.0
2061,4122000,23.2
2062,4124000,0.1
2063,4126000,0.0
2064,4128000,0.0
2065,4130000,0.0
2066,4132000,26.3
2067,4134000,0.0
2068,4136000,0.0
2069,4138000,0.0
2070,4140000,0.0
2071,4142000,31.1
2072,4144000,2.8
2073,4146000,0.2
2074,4148000,22.9
2075,4150000,0.0
2076,4152000,0.0
2077,4154000,0.0
2078,4156000,27.4
2079,4158000,0.0
2080,4160000,0.0
2081,4162000,0.0
2082,4164000,0.0
2083,4166000,0.0
2084,4168000,0.0
2085,4170000,0.0
2086,4172000,0.0
2087,4174000,0.0
2088,4176000,0.0
2089,4178000,0.0
2090,4180000,0.0
2091,4182000,25.8
2092,4184000,0.0
2093,4186000,0.0
2094,4188000,34.5
2095,4190000,0.0
2096,4192000,0.0
2097,4194000,0.0
2098,4196000,0.0
2099,4198000,85.6
2100,4200000,0.0
2101,4202000,27.2
2102,4204000,1.3
2103,4206000,28.3
2104,4208000,0.0
2105,4210000,0.0
2106,4212000,0.0
2107,4214000,33.9
2108,4216000,0.0
2109,4218000,0.0
2110,4220000,0.0
2111,4222000,0.0
2112,4224000,0.0
2113,4226000,50.4
2114,4228000,0.0
2115,4230000,0.0
2116,4232000,0.0
2117,4234000,0.0
2118,4236000,0.0
2119,4238000,0.0
2120,4240000,0.0
2121,4242000,0.3
2122,4244000,0.0
2123,4246000,0.0
2124,4248000,0.0
2125,4250000,0.0
2126,4252000,0.0
2127,4254000,21.8
2128,4256000,0.0
2129,4258000,33.2
2130,4260000,0.0
2131,4262000,0.0
2132,4264000,0.0
2133,4266000,22.9
2134,4268000,0.0
2135,4270000,0.0
2136,4272000,1.5
2137,4274000,0.0
2138,4276000,0.0
2139,4278000,0.0
2140,4280000,37.5
2141,4282000,0.0
2142,4284000,0.0
2143,4286000,0.0
2144,4288000,0.0
2145,4290000,0.0
2146,4292000,0.0
2147,4294000,1.5
2148,4296000,0.0
2149,4298000,0.0
2150,4300000,0.0
2151,4302000,0.0
2152,4304000,0.0
2153,4306000,5.0
2154,4308000,0.0
2155,4310000,0.0
2156,4312000,0.0
2157,4314000,0.0
2158,4316000,0.0
2159,4318000,0.0
2160,4320000,0.0
2161,4322000,0.0
2162,4324000,0.6
2163,4326000,0.0
2164,4328000,0.0
2165,4330000,0.0
2166,4332000,9.5
2167,4334000,0.0
2168,4336000,0.0
2169,4338000,0.0
2170,4340000,0.0
2171,4342000,0.0
2172,4344000,0.0
2173,4346000,27.4
2174,4348000,0.0
2175,4350000,0.0
2176,4352000,0.0
2177,4354000,0.0
2178,4356000,0.0
2179,4358000,28.8
2180,4360000,0.0
2181,4362000,0.0
2182,4364000,0.0
2183,4366000,0.0
2184,4368000,0.0
2185,4370000,0.0
2186,4372000,0.0
2187,4374000,0.0
2188,4376000,0.0
2189,4378000,0.0
2190,4380000,0.0
2191,4382000,19.2
2192,4384000,0.0
2193,4386000,8.1
2194,4388000,0.0
2195,4390000,0.0
2196,4392000,0.0
2197,4394000,2.1
2198,4396000,0.0
2199,4398000,0.0
2200,4400000,0.0
2201,4402000,0.0
2202,4404000,0.0
2203,4406000,0.0
2204,4408000,1.7
2205,4410000,0.0
2206,4412000,0.0
2207,4414000,0.0
2208,4416000,0.0
2209,4418000,0.0
2210,4420000,0.0
2211,4422000,0.0
2212,4424000,0.0
2213,4426000,35.3
2214,4428000,0.0
2215,4430000,0.0
2216,4432000,0.0
2217,4434000,0.0
2218,4436000,6.6
2219,4438000,0.0
2220,4440000,0.0
2221,4442000,0.0
2222,4444000,0.0
2223,4446000,33.2
2224,4448000,7.4
2225,4450000,0.0
2226,4452000,0.0
2227,4454000,0.0
2228,4456000,0.0
2229,4458000,0.0
2230,4460000,0.0
2231,4462000,0.0
2232,4464000,20.0
2233,4466000,0.0
2234,4468000,0.0
2235,4470000,32.8
2236,4472000,0.0
2237,4474000,0.0
2238,4476000,5.6
2239,4478000,0.0
2240,4480000,0.0
2241,4482000,0.0
2242,4484000,0.0
2243,4486000,0.0
2244,4488000,0.6
2245,4490000,0.0
2246,4492000,25.5
2247,4494000,0.0
2248,4496000,0.3
2249,4498000,0.0
2250,4500000,0.0
2251,4502000,0.0
2252,4504000,0.0
2253,4506000,0.0
2254,4508000,0.0
2255,4510000,0.0
2256,4512000,0.0
2257,4514000,0.0
2258,4516000,41.2
2259,4518000,0.0
2260,4520000,23.5
2261,4522000,0.0
2262,4524000,0.0
2263,4526000,30.5
2264,4528000,0.0
2265,4530000,0.0
2266,4532000,22.5
2267,4534000,0.0
2268,4536000,0.0
2269,4538000,0.0
2270,4540000,0.0
2271,4542000,0.0
2272,4544000,0.0
2273,4546000,0.0
2274,4548000,0.0
2275,4550000,0.0
2276,4552000,0.0
2277,4554000,0.0
2278,4556000,1.1
2279,4558000,41.0
2280,4560000,0.0
2281,4562000,0.0
2282,4564000,0.0
2283,4566000,28.7
2284,4568000,0.0
2285,4570000,0.0
2286,4572000,56.4
2287,4574000,0.0
2288,4576000,0.0
2289,4578000,0.0
2290,4580000,0.0
2291,4582000,0.0
2292,4584000,0.0
2293,4586000,0.0
2294,4588000,0.0
2295,4590000,0.0
2296,4592000,0.0
2297,4594000,26.3
2298,4596000,0.0
2299,4598000,0.0
2300,4600000,0.0
2301,4602000,19.9
2302,4604000,0.0
2303,4606000,0.0
2304,4608000,0.0
2305,4610000,0.0
2306,4612000,2.8
2307,4614000,0.0
2308,4616000,0.0
2309,4618000,0.0
2310,4620000,0.0
2311,4622000,0.0
2312,4624000,0.0
2313,4626000,36.0
2314,4628000,0.0
2315,4630000,0.0
2316,4632000,0.0
2317,4634000,0.0
2318,4636000,0.0
2319,4638000,0.0
2320,4640000,35.3
2321,4642000,0.0
2322,4644000,0.0
2323,4646000,0.0
2324,4648000,0.0
2325,4650000,0.0
2326,4652000,0.0
2327,4654000,0.0
2328,4656000,0.0
2329,4658000,0.0
2330,4660000,0.0
2331,4662000,0.0
2332,4664000,0.0
2333,4666000,0.0
2334,4668000,0.6
2335,4670000,1.0
2336,4672000,0.0
2337,4674000,33.3
2338,4676000,0.0
2339,4678000,0.0
2340,4680000,0.0
2341,4682000,39.5
2342,4684000,0.0
2343,4686000,0.0
2344,4688000,0.0
2345,4690000,0.0
2346,4692000,0.0
2347,4694000,0.0
2348,4696000,0.0
2349,4698000,27.5
2350,4700000,0.0
2351,4702000,0.0
2352,4704000,0.0
2353,4706000,0.0
2354,4708000,19.2
2355,4710000,0.0
2356,4712000,0.0
2357,4714000,33.0
2358,4716000,0.0
2359,4718000,0.0
2360,4720000,0.0
2361,4722000,0.0
2362,4724000,0.0
2363,4726000,2.1
2364,4728000,0.0
2365,4730000,0.0
2366,4732000,0.0
2367,4734000,0.0
2368,4736000,0.0
2369,4738000,30.0
2370,4740000,0.0
2371,4742000,0.0
2372,4744000,0.0
2373,4746000,0.0
2374,4748000,34.8
2375,4750000,0.0
2376,4752000,0.0
2377,4754000,0.0
2378,4756000,0.0
2379,4758000,0.0
2380,4760000,0.0
2381,4762000,0.0
2382,4764000,1.1
2383,4766000,0.0
2384,4768000,0.0
2385,4770000,0.0
2386,4772000,14.3
2387,4774000,7.0
2388,4776000,0.0
2389,4778000,12.3
2390,4780000,35.8
2391,4782000,63.3
2392,4784000,0.0
2393,4786000,6.4
2394,4788000,0.0
2395,4790000,51.5
2396,4792000,7.2
2397,4794000,0.0
2398,4796000,0.0
2399,4798000,0.0
2400,4800000,0.0
2401,4802000,0.0
2402,4804000,0.0
2403,4806000,0.0
2404,4808000,0.0
2405,4810000,0.0
2406,4812000,24.8
2407,4814000,0.0
2408,4816000,0.0
2409,4818000,0.0
2410,4820000,0.0
2411,4822000,0.0
2412,4824000,0.0
2413,4826000,0.0
2414,4828000,0.0
2415,4830000,0.0
2416,4832000,0.0
2417,4834000,1.5
2418,4836000,1.2
2419,4838000,0.0
2420,4840000,25.2
2421,4842000,0.0
2422,4844000,0.0
2423,4846000,0.0
2424,4848000,0.0
2425,4850000,0.0
2426,4852000,0.0
2427,4854000,38.3
2428,4856000,0.0
2429,4858000,0.0
2430,4860000,0.0
2431,4862000,31.5
2432,4864000,0.0
2433,4866000,0.0
2434,4868000,0.0
2435,4870000,1.2
2436,4872000,0.0
2437,4874000,0.0
2438,4876000,0.0
2439,4878000,0.0
2440,4880000,2.9
2441,4882000,0.0
2442,4884000,21.1
2443,4886000,0.0
2444,4888000,0.0
2445,4890000,17.5
2446,4892000,0.0
2447,4894000,0.0
2448,4896000,0.0
2449,4898000,20.7
2450,4900000,0.0
2451,4902000,0.0
2452,4904000,0.0
2453,4906000,0.0
2454,4908000,0.0
2455,4910000,0.0
2456,4912000,0.0
2457,4914000,0.0
2458,4916000,23.3
2459,4918000,0.0
2460,4920000,0.0
2461,4922000,0.0
2462,4924000,0.0
2463,4926000,0.0
2464,4928000,0.0
2465,4930000,0.0
2466,4932000,0.0
2467,4934000,0.0
2468,4936000,0.0
2469,4938000,0.0
2470,4940000,0.3
2471,4942000,0.0
2472,4944000,9.0
2473,4946000,0.0
2474,4948000,0.0
2475,4950000,0.0
2476,4952000,0.0
2477,4954000,0.0
2478,4956000,0.0
2479,4958000,0.0
2480,4960000,0.0
2481,4962000,0.0
2482,4964000,0.0
2483,4966000,0.0
2484,4968000,0.0
2485,4970000,64.7
2486,4972000,0.0
2487,4974000,0.0
2488,4976000,0.0
2489,4978000,0.0
2490,4980000,0.0
2491,4982000,0.0
2492,4984000,0.0
2493,4986000,0.0
2494,4988000,0.0
2495,4990000,25.3
2496,4992000,31.1
2497,4994000,0.0
2498,4996000,0.0
2499,4998000,0.9
2500,5000000,13.7
