1,2000,0.5723120114244521
2,4000,-3.8464957317337394
3,6000,-7.353706509932875
4,8000,-11.160204103171825
5,10000,-14.98289844942093
6,12000,-18.672260081410407
7,14000,-22.458218273162842
8,16000,-26.094488533735277
9,18000,-29.628552311420442
10,20000,-33.02439758968353
11,22000,-36.418433844089506
12,24000,-39.42334710025787
13,26000,-42.09148666620254
14,28000,-45.00639509487152
15,30000,-46.92299970126152
16,32000,-49.11905729341507
17,34000,-51.01977526283264
18,36000,-52.97865682983399
19,38000,-54.840923887729645
20,40000,-56.492511341571806
21,42000,-58.187928876399994
22,44000,-60.03775365781784
23,46000,-61.68446019887924
24,48000,-63.44948691177368
25,50000,-64.06008986997604
26,52000,-65.38735477209092
27,54000,-66.74460356140136
28,56000,-67.35176334238052
29,58000,-68.90216552734375
30,60000,-69.74643037438392
31,62000,-70.25681445837021
32,64000,-71.50940176773071
33,66000,-72.51197494506836
34,68000,-73.60155454158783
35,70000,-74.20852265632152
36,72000,-75.53231191444397
37,74000,-76.78371311283112
38,76000,-77.37273585224152
39,78000,-78.3946225643158
40,80000,-79.41723816871644
41,82000,-79.72413425779342
42,84000,-80.79617827177047
43,86000,-81.18441548919678
44,88000,-81.92676498270035
45,90000,-83.29357438087463
46,92000,-83.9056759288311
47,94000,-83.91868846654891
48,96000,-85.27528282976151
49,98000,-85.34677143096924
50,100000,-86.24235151290894
51,102000,-86.70744793653488
52,104000,-86.54007258462906
53,106000,-87.83603073835373
54,108000,-87.87273986816406
55,110000,-88.57466960525512
56,112000,-88.56335143613815
57,114000,-90.1341096496582
58,116000,-90.34739069461823
59,118000,-91.06525528621674
60,120000,-91.87329700183868
61,122000,-92.01040229511261
62,124000,-91.94061639022827
63,126000,-92.81286733722686
64,128000,-92.51064582824706
65,130000,-93.55121543359756
66,132000,-93.88877835559845
67,134000,-93.73009426689148
68,136000,-94.12347894573212
69,138000,-95.24043543720245
70,140000,-95.61852954101562
71,142000,-96.40428888320923
72,144000,-97.0687286901474
73,146000,-97.11136458444595
74,148000,-97.5733784160614
75,150000,-96.61009230136871
76,152000,-97.76886281442643
77,154000,-97.75715681266784
78,156000,-98.65440665912628
79,158000,-99.01389303398132
80,160000,-99.06480191993714
81,162000,-99.10159041547776
82,164000,-99.39616192245484
83,166000,-99.46756983947753
84,168000,-100.2236872215271
85,170000,-100.24974189043046
86,172000,-100.85425957584381
87,174000,-101.27827828025818
88,176000,-101.96901680850982
89,178000,-101.92718714237213
90,180000,-102.04567361211777
91,182000,-102.56818963336944
92,184000,-102.44837051820755
93,186000,-102.50810932636261
94,188000,-103.43138053703308
95,190000,-103.9102491092682
96,192000,-103.60773344898224
97,194000,-104.61599566936493
98,196000,-104.08761824989318
99,198000,-105.32009591484069
100,200000,-105.26625592517853
101,202000,-105.72050504016876
102,204000,-106.22696016597747
103,206000,-106.95619062423707
104,208000,-106.90029077339172
105,210000,-107.19891535186767
106,212000,-107.36285967636108
107,214000,-107.93425659942626
108,216000,-107.35563640594482
109,218000,-108.04556679058075
110,220000,-108.02579365730286
111,222000,-109.71038785648346
112,224000,-108.63731240272521
113,226000,-109.23306760406494
114,228000,-109.59081379508972
115,230000,-109.81681304264069
116,232000,-109.97521160125733
117,234000,-110.84364765167237
118,236000,-110.40012260627746
119,238000,-111.22540875911713
120,240000,-110.70679755592346
121,242000,-112.0903520526886
122,244000,-111.00306940460204
123,246000,-111.35712161636353
124,248000,-112.52836999034882
125,250000,-111.35743693256379
126,252000,-112.3996984205246
127,254000,-112.0674252371788
128,256000,-113.29046876335144
129,258000,-113.05693279743194
130,260000,-112.65310333538055
131,262000,-112.96472463321686
132,264000,-113.85346327590942
133,266000,-113.98179187488556
134,268000,-114.30685509872437
135,270000,-114.25592177772522
136,272000,-114.52769671821594
137,274000,-115.02415740871429
138,276000,-114.55520889091491
139,278000,-115.29796232891083
140,280000,-115.55993423748016
141,282000,-115.80374382257462
142,284000,-115.48526607990264
143,286000,-115.9910116558075
144,288000,-116.52639251804352
145,290000,-116.33354643630982
146,292000,-116.45747182750702
147,294000,-117.06327187919617
148,296000,-116.87905973625183
149,298000,-117.07069125938416
150,300000,-117.42364596652985
151,302000,-117.26199623966217
152,304000,-117.80795932674408
153,306000,-117.99989043045044
154,308000,-118.13375360870361
155,310000,-118.16648040771484
156,312000,-118.17235308265685
157,314000,-119.055588432312
158,316000,-118.65879605388642
159,318000,-119.53766458320618
160,320000,-119.36090543365478
161,322000,-119.94363061523437
162,324000,-119.79941422939301
163,326000,-120.34909816265106
164,328000,-119.05572392749787
165,330000,-120.30160586929321
166,332000,-120.74028121757507
167,334000,-121.01777194023133
168,336000,-120.56912766408921
169,338000,-120.38712708377838
170,340000,-121.13919598960877
171,342000,-121.25208407783508
172,344000,-120.80405612564087
173,346000,-120.72212458229065
174,348000,-121.37391739940644
175,350000,-121.44818770217896
176,352000,-121.70266332817077
177,354000,-122.07503814792634
178,356000,-121.77690494728088
179,358000,-121.9809472990036
180,360000,-122.09370126438141
181,362000,-122.54419751739502
182,364000,-121.74500006008148
183,366000,-123.45610175037385
184,368000,-122.78451786327362
185,370000,-123.4368458366394
186,372000,-122.89549038600921
187,374000,-123.57809123039246
188,376000,-123.92074374961852
189,378000,-123.5416365184784
190,380000,-124.34898163318634
191,382000,-123.91368811511994
192,384000,-124.53460270309448
193,386000,-124.17052126407623
194,388000,-124.93085375404358
195,390000,-125.13362884044648
196,392000,-124.99616226291657
197,394000,-125.39131274414062
198,396000,-125.37396230792999
199,398000,-126.01955294895173
200,400000,-125.57147772026062
201,402000,-126.00919185447692
202,404000,-125.88433196735382
203,406000,-125.87168959331512
204,408000,-126.65822321891784
205,410000,-126.24065841674805
206,412000,-126.82878300189972
207,414000,-126.25735498523713
208,416000,-127.06658471870422
209,418000,-127.55249838638305
210,420000,-127.32807315063476
211,422000,-127.30469152069092
212,424000,-127.63732690620422
213,426000,-127.62601164722443
214,428000,-127.91040402030944
215,430000,-127.86290678787232
216,432000,-127.60742426109314
217,434000,-128.37103075027466
218,436000,-127.78107564926148
219,438000,-128.2310136909485
220,440000,-128.69897466564177
221,442000,-128.58235841178893
222,444000,-128.9573929901123
223,446000,-129.46893946266175
224,448000,-129.19723456192017
225,450000,-128.84399358749388
226,452000,-129.77665101623535
227,454000,-129.3628212518692
228,456000,-129.04762113285065
229,458000,-130.17777618980406
230,460000,-129.88355044364928
231,462000,-130.554865023613
232,464000,-130.7569636955261
233,466000,-130.6414140853882
234,468000,-130.6418342704773
235,470000,-131.5399068450928
236,472000,-132.0350805416107
237,474000,-131.64968241119385
238,476000,-131.7232264060974
239,478000,-131.71675960350038
240,480000,-131.14109871292115
241,482000,-131.86592680168152
242,484000,-131.6128409729004
243,486000,-131.51886760234834
244,488000,-132.1565652694702
245,490000,-133.3586410179138
246,492000,-132.5174278278351
247,494000,-132.54696794223784
248,496000,-133.4027141895294
249,498000,-132.8925925579071
250,500000,-132.73416045188904
251,502000,-133.66706794166564
252,504000,-132.54574049186706
253,506000,-133.78354902076723
254,508000,-132.89611143302918
255,510000,-133.73949095916748
256,512000,-133.00777260875702
257,514000,-134.10730907440185
258,516000,-134.25356651115416
259,518000,-134.10735765838623
260,520000,-135.42705915641784
261,522000,-134.63286332321167
262,524000,-134.18344902515412
263,526000,-134.85839247226716
264,528000,-134.7944556903839
265,530000,-135.70889851379394
266,532000,-135.2039252872467
267,534000,-134.56198091506957
268,536000,-135.23871466445922
269,538000,-135.66836023139953
270,540000,-135.36657785606386
271,542000,-135.4273157339096
272,544000,-135.61831620311736
273,546000,-136.08981938934326
274,548000,-135.35213831520082
275,550000,-136.40508246803284
276,552000,-136.73008597946168
277,554000,-136.0902171239853
278,556000,-136.61950736808777
279,558000,-135.97017053127288
280,560000,-136.56824574565888
281,562000,-135.63397114086152
282,564000,-137.85438012695312
283,566000,-136.70675610160828
284,568000,-137.2039323577881
285,570000,-137.0653336277008
286,572000,-136.76173354148864
287,574000,-138.19868322753905
288,576000,-137.87707051086426
289,578000,-137.70512063217163
290,580000,-138.66226128578185
291,582000,-138.8332738761902
292,584000,-138.2025216331482
293,586000,-138.8244238510132
294,588000,-138.97307303619385
295,590000,-138.3291160068512
296,592000,-138.48934620857239
297,594000,-139.3628314743042
298,596000,-139.6687527446747
299,598000,-139.21908511924744
300,600000,-139.39551570892334
301,602000,-139.81637441444397
302,604000,-139.55840950012208
303,606000,-140.11976237487792
304,608000,-139.62441233634948
305,610000,-140.0289395427704
306,612000,-140.27988574981688
307,614000,-140.16899275016786
308,616000,-140.66254782867432
309,618000,-140.92760215568543
310,620000,-140.98531875801086
311,622000,-140.83258736610412
312,624000,-140.6755225753784
313,626000,-141.31816209697723
314,628000,-140.85862782478333
315,630000,-141.21773471927642
316,632000,-140.96531530952453
317,634000,-141.41175806617736
318,636000,-142.08828537750244
319,638000,-141.09871570587157
320,640000,-142.04157200431823
321,642000,-141.43733522891998
322,644000,-142.5287419719696
323,646000,-141.9896177043915
324,648000,-141.97165375041962
325,650000,-142.57703977012633
326,652000,-141.2956405787468
327,654000,-142.40763484191893
328,656000,-142.8076923570633
329,658000,-142.9303915748596
330,660000,-142.5892148780823
331,662000,-142.838736328125
332,664000,-142.17492652130127
333,666000,-143.24078458213805
334,668000,-143.35315264320374
335,670000,-143.66419469451904
336,672000,-143.00514029884337
337,674000,-143.76872245788573
338,676000,-143.7510676021576
339,678000,-144.52322484397888
340,680000,-144.44465254974367
341,682000,-144.07925188636779
342,684000,-143.7566925239563
343,686000,-144.44031477355958
344,688000,-144.30387902832032
345,690000,-144.85566761016847
346,692000,-144.04475391006468
347,694000,-144.14708814144134
348,696000,-145.02844374847413
349,698000,-144.754926612854
350,700000,-144.47400067710876
351,702000,-145.13878204727172
352,704000,-144.88243155097962
353,706000,-145.00209434890746
354,708000,-145.42072435951232
355,710000,-145.66311657333375
356,712000,-145.1157318496704
357,714000,-145.0265929737091
358,716000,-145.93599425125123
359,718000,-146.0219662513733
360,720000,-145.04574654579162
361,722000,-145.28109509658813
362,724000,-146.30133100891112
363,726000,-146.01648998451233
364,728000,-145.67927407455446
365,730000,-146.83553244972228
366,732000,-146.53230476760865
367,734000,-146.13283490753173
368,736000,-146.63854601860047
369,738000,-145.40450473499297
370,740000,-146.59569017219545
371,742000,-146.53568722343445
372,744000,-147.79000137519836
373,746000,-145.5845320186615
374,748000,-147.52520575714112
375,750000,-146.08454232025147
376,752000,-147.49911339187622
377,754000,-147.37799982643128
378,756000,-148.31627972984313
379,758000,-147.32377402210236
380,760000,-147.13552923202514
381,762000,-148.0576395301819
382,764000,-147.6971456642151
383,766000,-147.4305117225647
384,768000,-147.86548323631285
385,770000,-148.1899561367035
386,772000,-148.68892971992491
387,774000,-148.13214940071106
388,776000,-148.56355756759643
389,778000,-148.3369450263977
390,780000,-149.16429356002809
391,782000,-148.78018494415284
392,784000,-148.76219586753845
393,786000,-148.22449252414702
394,788000,-149.14130673789978
395,790000,-148.60429628562926
396,792000,-148.81925717163085
397,794000,-149.73898331260682
398,796000,-148.75193673896788
399,798000,-150.52704330444337
400,800000,-149.25444451999664
401,802000,-150.02947164916992
402,804000,-149.3309411945343
403,806000,-148.61236892700197
404,808000,-150.73624483299255
405,810000,-149.95128746414184
406,812000,-150.32036733436584
407,814000,-149.9513798351288
408,816000,-149.53829602241515
409,818000,-150.5026871585846
410,820000,-149.4780761938095
411,822000,-150.82215839958192
412,824000,-150.20259872245788
413,826000,-150.6102684803009
414,828000,-151.19346522903442
415,830000,-151.5079523887634
416,832000,-150.60135786819458
417,834000,-151.34389229393005
418,836000,-151.54780339622496
419,838000,-150.47476469421386
420,840000,-151.02679642295837
421,842000,-150.9255819416046
422,844000,-151.6267664756775
423,846000,-151.32366173934938
424,848000,-151.928682220459
425,850000,-151.60299073791504
426,852000,-151.13801115322113
427,854000,-151.82002793502807
428,856000,-152.02571560668946
429,858000,-151.33836511039735
430,860000,-152.24121424865723
431,862000,-151.87328081321715
432,864000,-152.82524893379212
433,866000,-151.92791114616395
434,868000,-152.57295272254945
435,870000,-152.60115257453919
436,872000,-151.68458584403993
437,874000,-152.894269739151
438,876000,-152.80066582679748
439,878000,-154.46949112701415
440,880000,-152.73648057556153
441,882000,-153.01359760665895
442,884000,-152.35748770332336
443,886000,-154.2027333393097
444,888000,-153.566305934906
445,890000,-153.1880311641693
446,892000,-153.99257296180724
447,894000,-153.36927347755432
448,896000,-153.45023970603944
449,898000,-152.54881233978273
450,900000,-154.94027307891847
451,902000,-154.16924793434143
452,904000,-153.76953708648682
453,906000,-155.0857228832245
454,908000,-153.95131626510621
455,910000,-154.28492411613465
456,912000,-155.00079593086244
457,914000,-154.09912320137025
458,916000,-155.07577469444274
459,918000,-154.49493875980377
460,920000,-155.30021930503844
461,922000,-155.1147213420868
462,924000,-155.55618279266358
463,926000,-156.00270742988587
464,928000,-156.3703568344116
465,930000,-156.23639263916016
466,932000,-154.86337980914115
467,934000,-155.13260363578797
468,936000,-156.63649707603454
469,938000,-156.13107036399842
470,940000,-155.98650110054015
471,942000,-156.9567290430069
472,944000,-156.5453136806488
473,946000,-156.5204495382309
474,948000,-157.3421156616211
475,950000,-156.27389381551743
476,952000,-157.06780764198302
477,954000,-157.12271063804627
478,956000,-157.09191893768312
479,958000,-156.6902286453247
480,960000,-156.4676859073639
481,962000,-157.18745309066773
482,964000,-156.59182247924804
483,966000,-158.06456520271303
484,968000,-157.5304660358429
485,970000,-157.53373933410646
486,972000,-157.39337267875672
487,974000,-158.01718601226807
488,976000,-157.9490834827423
489,978000,-157.68343299865722
490,980000,-158.52398774909972
491,982000,-157.86471933555603
492,984000,-157.63081644248962
493,986000,-158.72485285568237
494,988000,-156.2486916484833
495,990000,-158.87697344017027
496,992000,-159.02726443481444
497,994000,-157.78689694595337
498,996000,-157.9958947544098
499,998000,-158.7026351261139
500,1000000,-158.89027105331422
501,1002000,-158.74666689014435
502,1004000,-158.8170839767456
503,1006000,-158.80370744895936
504,1008000,-158.88271697235106
505,1010000,-158.8292289199829
506,1012000,-159.237249584198
507,1014000,-158.94400072669984
508,1016000,-159.14643032073974
509,1018000,-159.92988814926147
510,1020000,-159.1580201950073
511,1022000,-159.51747584819793
512,1024000,-160.0696256828308
513,1026000,-159.91660162353514
514,1028000,-159.50244606590272
515,1030000,-158.67380073928834
516,1032000,-160.95282426071168
517,1034000,-160.01485821533203
518,1036000,-160.15280241966246
519,1038000,-160.03412084960937
520,1040000,-160.10556214904784
521,1042000,-160.2626520023346
522,1044000,-160.4881084461212
523,1046000,-160.2662568435669
524,1048000,-158.70573054528236
525,1050000,-160.83186359596252
526,1052000,-160.80961416244506
527,1054000,-160.73502957344056
528,1056000,-161.45795326423644
529,1058000,-160.7184365234375
530,1060000,-161.17836641502382
531,1062000,-161.40970233917236
532,1064000,-160.9223508758545
533,1066000,-161.28239656829834
534,1068000,-161.82496438598633
535,1070000,-161.28967639541625
536,1072000,-160.7165037574768
537,1074000,-161.78894584846498
538,1076000,-161.56061569976808
539,1078000,-162.05306207466126
540,1080000,-161.7866270828247
541,1082000,-162.13044579505922
542,1084000,-162.9812886581421
543,1086000,-161.23876976776123
544,1088000,-162.75677361869813
545,1090000,-162.64505947494507
546,1092000,-162.32884522819518
547,1094000,-162.0900134449005
548,1096000,-163.03421799468995
549,1098000,-163.23093406677245
550,1100000,-163.03552616882325
551,1102000,-162.9672691822052
552,1104000,-163.36562609863282
553,1106000,-162.63013055038454
554,1108000,-164.00892736053467
555,1110000,-163.2997583141327
556,1112000,-163.42357601737976
557,1114000,-163.7591886253357
558,1116000,-162.93468858528138
559,1118000,-162.84552276611328
560,1120000,-163.59935895347596
561,1122000,-164.95393586349488
562,1124000,-164.4186698360443
563,1126000,-164.5514581642151
564,1128000,-163.21552562522888
565,1130000,-164.28936938667297
566,1132000,-164.00305111312866
567,1134000,-164.17773573493957
568,1136000,-164.70082297325135
569,1138000,-164.6933879146576
570,1140000,-164.76895851135254
571,1142000,-163.97623544502258
572,1144000,-164.36273888397216
573,1146000,-164.6603578605652
574,1148000,-165.24745405197143
575,1150000,-164.19102955818175
576,1152000,-165.22347427177428
577,1154000,-164.51897905158995
578,1156000,-164.86349266242982
579,1158000,-165.14589505004884
580,1160000,-164.86653095245362
581,1162000,-164.6028565979004
582,1164000,-165.89253323364258
583,1166000,-164.8730164680481
584,1168000,-165.8966316204071
585,1170000,-165.49566333580017
586,1172000,-163.7796310558319
587,1174000,-165.40412512397765
588,1176000,-165.56942119789124
589,1178000,-165.67840514945985
590,1180000,-164.99167109107972
591,1182000,-165.67932858848573
592,1184000,-166.2212063598633
593,1186000,-166.01294249916077
594,1188000,-166.06840394592285
595,1190000,-166.06878316879272
596,1192000,-166.08383199119567
597,1194000,-167.0637962551117
598,1196000,-164.30575898361207
599,1198000,-167.03975665664672
600,1200000,-166.43751643753052
601,1202000,-166.23709130477906
602,1204000,-166.10413131332396
603,1206000,-166.67532350158692
604,1208000,-166.7488671913147
605,1210000,-166.89886197662352
606,1212000,-166.80909886932372
607,1214000,-166.9172192287445
608,1216000,-166.82091314315795
609,1218000,-167.59668796920775
610,1220000,-167.19423434257507
611,1222000,-165.52176905822753
612,1224000,-167.958832901001
613,1226000,-167.18260913467407
614,1228000,-167.65985247802735
615,1230000,-167.47103041267394
616,1232000,-167.11992492675782
617,1234000,-167.5216910610199
618,1236000,-167.57309400749207
619,1238000,-168.04343388938904
620,1240000,-167.78166837882995
621,1242000,-166.99776744270324
622,1244000,-164.7978412387371
623,1246000,-169.68292958068847
624,1248000,-168.4528546924591
625,1250000,-167.85723663711548
626,1252000,-168.61314410209656
627,1254000,-168.2349812812805
628,1256000,-168.18831472396852
629,1258000,-168.26014836120606
630,1260000,-168.18438911056518
631,1262000,-167.6174857006073
632,1264000,-168.7413111000061
633,1266000,-168.48902882575987
634,1268000,-168.27422916793824
635,1270000,-167.44270435380935
636,1272000,-168.90769797992706
637,1274000,-168.71791621398927
638,1276000,-168.83078734207155
639,1278000,-168.7934187412262
640,1280000,-169.22692338371277
641,1282000,-168.4362460899353
642,1284000,-169.89957205963134
643,1286000,-168.23492059898376
644,1288000,-168.9290009803772
645,1290000,-169.35297788619994
646,1292000,-168.96710871887208
647,1294000,-170.36866761016844
648,1296000,-168.62851895368098
649,1298000,-169.29084636116028
650,1300000,-167.85288639259338
651,1302000,-169.82470506477355
652,1304000,-169.164112575531
653,1306000,-169.38813539886473
654,1308000,-168.37223578071595
655,1310000,-169.13115930843352
656,1312000,-169.2167309627533
657,1314000,-169.6109377582073
658,1316000,-169.02745633888244
659,1318000,-169.06423633956908
660,1320000,-169.78803995323182
661,1322000,-169.9452262763977
662,1324000,-169.88371447753906
663,1326000,-171.32333097457885
664,1328000,-169.26012929534912
665,1330000,-170.47481416511536
666,1332000,-170.60446456336976
667,1334000,-170.33976817512513
668,1336000,-170.1269776763916
669,1338000,-170.33779294586182
670,1340000,-170.55831790542604
671,1342000,-170.8957957687378
672,1344000,-171.01261693382264
673,1346000,-169.72337337493897
674,1348000,-171.6636517238617
675,1350000,-170.98938528060913
676,1352000,-171.03439804267884
677,1354000,-170.2713418008089
678,1356000,-171.2081602115631
679,1358000,-170.63856240558624
680,1360000,-169.3045206642151
681,1362000,-172.17547968292237
682,1364000,-169.9160821056366
683,1366000,-171.7130373878479
684,1368000,-171.1427886352539
685,1370000,-169.9135465927124
686,1372000,-172.25797112464906
687,1374000,-171.36317613220214
688,1376000,-171.3736091003418
689,1378000,-171.08090556526184
690,1380000,-170.88037617492677
691,1382000,-172.9726661453247
692,1384000,-171.91788486099244
693,1386000,-171.80791623401643
694,1388000,-171.81390112304686
695,1390000,-172.2309206047058
696,1392000,-172.50093228340148
697,1394000,-170.82704602241517
698,1396000,-171.58902175331116
699,1398000,-173.27580310821534
700,1400000,-171.82836584663391
701,1402000,-172.3658228969574
702,1404000,-173.1299462890625
703,1406000,-171.14699301099776
704,1408000,-172.1788984184265
705,1410000,-171.623111120224
706,1412000,-172.1540942668915
707,1414000,-172.16379998397827
708,1416000,-171.98327963638306
709,1418000,-171.84310397720336
710,1420000,-173.24314166641236
711,1422000,-172.1707127494812
712,1424000,-172.72447441101073
713,1426000,-173.60216722106932
714,1428000,-171.64325259184838
715,1430000,-174.08673471450805
716,1432000,-172.4335025920868
717,1434000,-172.03949051618577
718,1436000,-173.41647745895386
719,1438000,-173.98005244827272
720,1440000,-173.8828295612335
721,1442000,-172.09621256828308
722,1444000,-174.22030389404296
723,1446000,-173.2851091003418
724,1448000,-173.09970022773743
725,1450000,-173.00559951400757
726,1452000,-174.0291776714325
727,1454000,-173.8038350429535
728,1456000,-173.36645776748657
729,1458000,-172.97992760276796
730,1460000,-173.79664276504516
731,1462000,-174.00581591033935
732,1464000,-173.44651470947267
733,1466000,-174.52046777486802
734,1468000,-174.11979245376588
735,1470000,-173.5288498840332
736,1472000,-174.55117032623292
737,1474000,-173.23234531593323
738,1476000,-173.50772568511962
739,1478000,-174.5133022737503
740,1480000,-173.96905750274658
741,1482000,-173.6294851922989
742,1484000,-173.84215390586854
743,1486000,-174.57694320297242
744,1488000,-174.22033289909362
745,1490000,-175.2594037361145
746,1492000,-174.4363786010742
747,1494000,-174.54726361989975
748,1496000,-175.40331834030152
749,1498000,-175.46866298866271
750,1500000,-174.03475236701965
751,1502000,-174.62522042655945
752,1504000,-175.1052092819214
753,1506000,-175.20562308120728
754,1508000,-174.91792626953125
755,1510000,-175.35061092185975
756,1512000,-176.31698432540892
757,1514000,-175.49076616477967
758,1516000,-174.29866142272948
759,1518000,-175.86259215927123
760,1520000,-175.9314629611969
761,1522000,-174.8200720319748
762,1524000,-175.85769447898863
763,1526000,-175.317368227005
764,1528000,-176.21135845184327
765,1530000,-174.43806318092345
766,1532000,-175.5706272468567
767,1534000,-176.04268082618714
768,1536000,-176.2230335712433
769,1538000,-176.11454414749144
770,1540000,-175.95291093063355
771,1542000,-175.37690858078003
772,1544000,-175.09211008071898
773,1546000,-175.68629564666747
774,1548000,-175.48833856487275
775,1550000,-176.4949740715027
776,1552000,-175.30337912750244
777,1554000,-175.02400620460512
778,1556000,-175.0629131450653
779,1558000,-176.93910298156737
780,1560000,-176.26663459396363
781,1562000,-174.354049618721
782,1564000,-177.46990838050843
783,1566000,-175.45276280212403
784,1568000,-176.92881686019896
785,1570000,-176.68368424415587
786,1572000,-174.6091699502468
787,1574000,-175.96439783287047
788,1576000,-176.13103953933717
789,1578000,-177.1189252243042
790,1580000,-173.71363901603223
791,1582000,-178.17589249420166
792,1584000,-177.23712336730958
793,1586000,-176.38502325248717
794,1588000,-176.43478147697448
795,1590000,-177.25032772636413
796,1592000,-176.0194030456543
797,1594000,-177.197650970459
798,1596000,-177.0347806453705
799,1598000,-177.7195200767517
800,1600000,-177.2098733444214
801,1602000,-177.79582347106933
802,1604000,-177.73068990325928
803,1606000,-173.02510768175125
804,1608000,-179.02503765296936
805,1610000,-176.98844584465027
806,1612000,-177.88141609001158
807,1614000,-177.47514787101747
808,1616000,-175.89750108242035
809,1618000,-177.8722948474884
810,1620000,-176.10737734794617
811,1622000,-177.07445303344727
812,1624000,-178.46282473373412
813,1626000,-175.61249613761902
814,1628000,-178.17460647964478
815,1630000,-177.73586051082611
816,1632000,-178.09356747817992
817,1634000,-178.33278437614442
818,1636000,-176.73796323394777
819,1638000,-177.56677919578553
820,1640000,-177.7113181247711
821,1642000,-177.59236501884462
822,1644000,-177.26979133415222
823,1646000,-177.60450721549986
824,1648000,-179.10611123085022
825,1650000,-178.13980279922487
826,1652000,-177.72195149612426
827,1654000,-178.70005404281616
828,1656000,-177.00028546524047
829,1658000,-177.5776383705139
830,1660000,-176.249514667511
831,1662000,-179.90768692398072
832,1664000,-178.40243579864503
833,1666000,-177.72878194236756
834,1668000,-178.4477660369873
835,1670000,-178.8337854385376
836,1672000,-179.36010413360594
837,1674000,-179.471692609787
838,1676000,-178.3518055305481
839,1678000,-178.53620189857483
840,1680000,-178.22599036216735
841,1682000,-178.824187664032
842,1684000,-178.02583051681518
843,1686000,-178.93874308395385
844,1688000,-178.98087438201904
845,1690000,-179.40198100662232
846,1692000,-179.22312965011596
847,1694000,-178.74746549797058
848,1696000,-179.62971862602234
849,1698000,-179.63158893203735
850,1700000,-178.72705976104737
851,1702000,-179.00182768058778
852,1704000,-176.79405545282364
853,1706000,-178.76316002082825
854,1708000,-178.77286713409424
855,1710000,-178.09289340782166
856,1712000,-179.7369302959442
857,1714000,-179.1631956577301
858,1716000,-179.29478930664064
859,1718000,-178.4997249584198
860,1720000,-179.4141580429077
861,1722000,-179.63948432922362
862,1724000,-179.01994499397279
863,1726000,-179.33382808685303
864,1728000,-179.81933419418334
865,1730000,-177.83421686005593
866,1732000,-180.5035359649658
867,1734000,-180.142290763855
868,1736000,-179.28793078994752
869,1738000,-179.84934160614014
870,1740000,-178.72090753078461
871,1742000,-179.98027913093566
872,1744000,-179.74255397033693
873,1746000,-179.59845825195313
874,1748000,-179.30096350860595
875,1750000,-180.97315986824034
876,1752000,-178.4780784292221
877,1754000,-181.10114573287964
878,1756000,-178.7536668958664
879,1758000,-181.01859703445436
880,1760000,-180.51203476333617
881,1762000,-180.32985696029664
882,1764000,-180.05247109031677
883,1766000,-180.22936854743958
884,1768000,-180.44286179828643
885,1770000,-180.83639018821717
886,1772000,-179.8657979221344
887,1774000,-179.47888702392578
888,1776000,-181.23540563583373
889,1778000,-180.2011934337616
890,1780000,-180.68849729919432
891,1782000,-179.87909417152406
892,1784000,-181.74799855804443
893,1786000,-180.57366599798203
894,1788000,-181.14185408782959
895,1790000,-180.93597277832032
896,1792000,-180.99363640022278
897,1794000,-181.04929179000854
898,1796000,-181.58949851989746
899,1798000,-179.6969613751173
900,1800000,-179.42221154499055
901,1802000,-181.8402547454834
902,1804000,-180.36304148674012
903,1806000,-181.0685566482544
904,1808000,-180.7721917114258
905,1810000,-180.47220257735253
906,1812000,-180.7216389064789
907,1814000,-181.36682729911803
908,1816000,-179.4680869705677
909,1818000,-182.21180526733397
910,1820000,-180.5158151216507
911,1822000,-181.97751400756835
912,1824000,-180.2354653096199
913,1826000,-182.32955644607543
914,1828000,-180.51369654464722
915,1830000,-181.63320053863526
916,1832000,-181.74436196899413
917,1834000,-182.22593788909913
918,1836000,-181.57708399677276
919,1838000,-182.07525315093994
920,1840000,-179.3244042918682
921,1842000,-181.71589962530135
922,1844000,-182.01694067001344
923,1846000,-181.8580429573059
924,1848000,-181.83770408630372
925,1850000,-181.12686563682556
926,1852000,-182.0013802394867
927,1854000,-179.8975156507492
928,1856000,-181.31721095848084
929,1858000,-181.96046313476563
930,1860000,-180.9636920928955
931,1862000,-181.95257495689393
932,1864000,-181.62196681976317
933,1866000,-182.08548070144653
934,1868000,-180.00475057840347
935,1870000,-182.33160849380494
936,1872000,-182.28860840606688
937,1874000,-182.99328663253783
938,1876000,-182.85296655654906
939,1878000,-182.92103731536866
940,1880000,-182.68592871856688
941,1882000,-182.37081927490235
942,1884000,-182.73092663955688
943,1886000,-182.5315004196167
944,1888000,-182.60841506385802
945,1890000,-182.74388364982605
946,1892000,-181.54145313262939
947,1894000,-183.26084898376465
948,1896000,-182.3684113292694
949,1898000,-182.06771290779113
950,1900000,-183.82546382141112
951,1902000,-182.21155902481078
952,1904000,-184.05680595970153
953,1906000,-182.5431953048706
954,1908000,-183.73163668441774
955,1910000,-182.38762895584105
956,1912000,-184.08404602241515
957,1914000,-182.76055447006226
958,1916000,-183.65264198875428
959,1918000,-182.64097791481018
960,1920000,-182.994996799469
961,1922000,-183.404640127182
962,1924000,-182.4048676366806
963,1926000,-184.43876930999755
964,1928000,-182.97496411705018
965,1930000,-183.11633269691467
966,1932000,-182.9683804702759
967,1934000,-182.96343292045594
968,1936000,-183.9709461784363
969,1938000,-182.8360611515045
970,1940000,-183.59349780654907
971,1942000,-182.33139638710023
972,1944000,-183.71033835220337
973,1946000,-182.81021567344666
974,1948000,-185.11702223587037
975,1950000,-183.20025693702698
976,1952000,-181.41611419916154
977,1954000,-183.88969216823577
978,1956000,-184.01298933792114
979,1958000,-184.11343623542786
980,1960000,-183.58657537078858
981,1962000,-183.65519912719728
982,1964000,-184.3411083984375
983,1966000,-182.52957290410995
984,1968000,-185.12233311843872
985,1970000,-182.60082159757613
986,1972000,-185.10070799064636
987,1974000,-183.13813952064515
988,1976000,-184.55413055610657
989,1978000,-177.02915909659862
990,1980000,-187.36310249328614
991,1982000,-184.19965859270096
992,1984000,-184.21288301849364
993,1986000,-183.7906554698944
994,1988000,-183.6353955039978
995,1990000,-184.74511991119385
996,1992000,-183.56592423820496
997,1994000,-182.20137409496309
998,1996000,-185.7221838531494
999,1998000,-183.23177009010314
1000,2000000,-183.64786049461364
1001,2002000,-184.6544440612793
1002,2004000,-184.56183808326722
1003,2006000,-185.2032611465454
1004,2008000,-183.2581521911621
1005,2010000,-183.55468022441863
1006,2012000,-185.11388055038452
1007,2014000,-184.65519718551636
1008,2016000,-185.11183279418944
1009,2018000,-183.716224850893
1010,2020000,-185.25375746917726
1011,2022000,-184.1459009666443
1012,2024000,-184.03089282751083
1013,2026000,-185.4822539367676
1014,2028000,-183.83427767944335
1015,2030000,-185.56880074691773
1016,2032000,-184.65395513534546
1017,2034000,-183.98631997108458
1018,2036000,-184.15230800914765
1019,2038000,-185.05721423721315
1020,2040000,-185.29377336502074
1021,2042000,-185.02357532310486
1022,2044000,-185.1486434402466
1023,2046000,-186.46142364501952
1024,2048000,-184.71945936584473
1025,2050000,-185.2139059753418
1026,2052000,-185.2713388595581
1027,2054000,-184.82642331790925
1028,2056000,-186.01572274017335
1029,2058000,-185.37004975700378
1030,2060000,-184.9101399078369
1031,2062000,-184.0813019695282
1032,2064000,-185.36832737922668
1033,2066000,-184.60207097625732
1034,2068000,-186.12205079078674
1035,2070000,-184.72059049606324
1036,2072000,-185.65909981918335
1037,2074000,-185.53753688812256
1038,2076000,-185.13973633003235
1039,2078000,-185.07535825729371
1040,2080000,-185.55632736587523
1041,2082000,-185.24130302238464
1042,2084000,-185.39598252487184
1043,2086000,-185.02069915771483
1044,2088000,-185.36639254760743
1045,2090000,-186.0352754611969
1046,2092000,-184.9961616706848
1047,2094000,-184.14126788568495
1048,2096000,-187.55049780464174
1049,2098000,-184.8635484046936
1050,2100000,-186.12006996154784
1051,2102000,-186.12649722480774
1052,2104000,-185.40460328722
1053,2106000,-186.5114377298355
1054,2108000,-184.89780837249756
1055,2110000,-187.63859217834474
1056,2112000,-186.19957249832154
1057,2114000,-185.69311932754516
1058,2116000,-186.11737755203248
1059,2118000,-185.00649449253083
1060,2120000,-186.34601072883606
1061,2122000,-186.159547832489
1062,2124000,-185.9906348824501
1063,2126000,-186.33937602233885
1064,2128000,-186.75113669967652
1065,2130000,-186.32836693191527
1066,2132000,-185.62209426689148
1067,2134000,-186.08500170707703
1068,2136000,-186.1239353442192
1069,2138000,-186.341098947525
1070,2140000,-188.21470362854004
1071,2142000,-186.3066403465271
1072,2144000,-186.4660791797638
1073,2146000,-186.62509610366823
1074,2148000,-186.07814744758605
1075,2150000,-185.64531175613402
1076,2152000,-187.68367472839356
1077,2154000,-186.94373414611817
1078,2156000,-186.73662140846253
1079,2158000,-185.45581664848328
1080,2160000,-188.8934146232605
1081,2162000,-185.27868768644333
1082,2164000,-188.50681114196777
1083,2166000,-187.68146377944947
1084,2168000,-187.49220026016235
1085,2170000,-186.4696432495117
1086,2172000,-188.2137776107788
1087,2174000,-187.51098194885253
1088,2176000,-187.06295838928222
1089,2178000,-187.45047274017335
1090,2180000,-186.24322150039671
1091,2182000,-187.32617006874085
1092,2184000,-187.58426861953734
1093,2186000,-188.93414123153687
1094,2188000,-187.23899305915833
1095,2190000,-186.9295704858303
1096,2192000,-186.72736123919486
1097,2194000,-187.15130635643004
1098,2196000,-188.12757019424438
1099,2198000,-187.0149487222433
1100,2200000,-187.2710382080078
1101,2202000,-188.60168216514586
1102,2204000,-187.7866510028839
1103,2206000,-187.20693765830993
1104,2208000,-187.54120697784424
1105,2210000,-188.11683667564392
1106,2212000,-187.1867907333374
1107,2214000,-188.50528294563293
1108,2216000,-187.81419630622864
1109,2218000,-188.52680207443237
1110,2220000,-187.8266037864685
1111,2222000,-187.7494755783081
1112,2224000,-188.0567200241089
1113,2226000,-188.8123518486023
1114,2228000,-186.36686305236816
1115,2230000,-187.24876992225646
1116,2232000,-189.1029814929962
1117,2234000,-187.52898433876038
1118,2236000,-188.27990615463256
1119,2238000,-188.10762789726257
1120,2240000,-188.21704438018799
1121,2242000,-188.36183631896972
1122,2244000,-188.60104140281678
1123,2246000,-188.12867462921142
1124,2248000,-188.62220580673218
1125,2250000,-187.80644571304322
1126,2252000,-189.0086267929077
1127,2254000,-187.68542316627503
1128,2256000,-188.6063895816803
1129,2258000,-188.2804239730835
1130,2260000,-187.29764914512634
1131,2262000,-187.9309661502838
1132,2264000,-187.73499470043183
1133,2266000,-187.2712589082718
1134,2268000,-187.63170781707763
1135,2270000,-188.01192733955384
1136,2272000,-188.37600512695312
1137,2274000,-187.80872318840028
1138,2276000,-186.76653324222565
1139,2278000,-188.42544809532166
1140,2280000,-187.8540728740692
1141,2282000,-189.8880323162079
1142,2284000,-189.07580866241454
1143,2286000,-188.8435061607361
1144,2288000,-189.16232703018187
1145,2290000,-187.14803332614898
1146,2292000,-189.16278211975097
1147,2294000,-188.94865260696412
1148,2296000,-189.20337950515747
1149,2298000,-187.84578380012513
1150,2300000,-189.85894289398195
1151,2302000,-188.0466233177185
1152,2304000,-189.07643278741836
1153,2306000,-188.5100061969757
1154,2308000,-189.52272262382508
1155,2310000,-189.30329597854615
1156,2312000,-188.81093056488038
1157,2314000,-189.21800120162965
1158,2316000,-189.07713677406312
1159,2318000,-189.28535182952882
1160,2320000,-190.0441499938965
1161,2322000,-188.72273387908936
1162,2324000,-189.6441782283783
1163,2326000,-189.89574003219604
1164,2328000,-190.07979684257506
1165,2330000,-189.37156303977966
1166,2332000,-188.84746118354798
1167,2334000,-189.76011407089234
1168,2336000,-188.38649136066437
1169,2338000,-189.5780059814453
1170,2340000,-190.03393162345887
1171,2342000,-189.79563821029663
1172,2344000,-190.59519010162353
1173,2346000,-189.7553501338959
1174,2348000,-189.31581474113463
1175,2350000,-189.26492509460448
1176,2352000,-187.07434248375893
1177,2354000,-191.187486661911
1178,2356000,-189.17680851745607
1179,2358000,-189.74261133384704
1180,2360000,-187.5157476673126
1181,2362000,-191.87282595443725
1182,2364000,-189.78981883239746
1183,2366000,-189.60471505355835
1184,2368000,-189.63769470405578
1185,2370000,-189.1534547405243
1186,2372000,-190.5576921043396
1187,2374000,-190.13608051109313
1188,2376000,-190.5417536315918
1189,2378000,-189.79841990089417
1190,2380000,-190.358244556427
1191,2382000,-188.17105760765077
1192,2384000,-190.3666094150543
1193,2386000,-190.54421108818053
1194,2388000,-189.55065992736817
1195,2390000,-190.46817870903016
1196,2392000,-190.63542448425292
1197,2394000,-190.2320535926819
1198,2396000,-189.14015178346634
1199,2398000,-190.47262985610962
1200,2400000,-190.59270044326783
1201,2402000,-189.89303897428513
1202,2404000,-191.10851886367797
1203,2406000,-189.93402347183226
1204,2408000,-191.19661087417603
1205,2410000,-190.41960078620912
1206,2412000,-191.16371184921266
1207,2414000,-190.37097519302367
1208,2416000,-190.55570202255248
1209,2418000,-190.99965060424805
1210,2420000,-190.2916697731018
1211,2422000,-190.69472296142578
1212,2424000,-188.13767144870758
1213,2426000,-190.74006337738038
1214,2428000,-191.3211891078949
1215,2430000,-190.28672960281372
1216,2432000,-191.00976718902587
1217,2434000,-190.3700015602112
1218,2436000,-191.7423192024231
1219,2438000,-189.87290846824646
1220,2440000,-191.23133283805848
1221,2442000,-187.56081341552735
1222,2444000,-191.17051281499863
1223,2446000,-191.45578389167787
1224,2448000,-190.96440434646607
1225,2450000,-190.8153373851776
1226,2452000,-191.9530813064575
1227,2454000,-191.59252432250977
1228,2456000,-190.71702022743224
1229,2458000,-190.00573368644714
1230,2460000,-192.3270963973999
1231,2462000,-189.75048661231995
1232,2464000,-191.46584057998658
1233,2466000,-190.66223036956788
1234,2468000,-191.78070900154114
1235,2470000,-190.7859186000824
1236,2472000,-191.79248236846925
1237,2474000,-189.56338636875154
1238,2476000,-192.42798289489747
1239,2478000,-191.70720432281493
1240,2480000,-191.234846326828
1241,2482000,-190.858225715518
1242,2484000,-192.08773529052735
1243,2486000,-191.62583638191222
1244,2488000,-191.73718720436096
1245,2490000,-190.7413701133728
1246,2492000,-192.6771226501465
1247,2494000,-191.2986180419922
1248,2496000,-191.2985520272255
1249,2498000,-192.27098109054566
1250,2500000,-191.1546390018463
1251,2502000,-190.81158541870118
1252,2504000,-191.50367146873475
1253,2506000,-192.74853757858276
1254,2508000,-191.8122511329651
1255,2510000,-191.10715788269042
1256,2512000,-192.49480519294738
1257,2514000,-192.647378238678
1258,2516000,-191.27779598617553
1259,2518000,-191.87944326400756
1260,2520000,-191.76888024139404
1261,2522000,-189.76363406658172
1262,2524000,-192.75661088562012
1263,2526000,-190.5691520051956
1264,2528000,-191.9579654159546
1265,2530000,-191.4662187409401
1266,2532000,-190.263735789299
1267,2534000,-191.9380427660942
1268,2536000,-192.61333012008666
1269,2538000,-191.67211274337768
1270,2540000,-191.69139269256593
1271,2542000,-192.18019235992432
1272,2544000,-191.98460038566589
1273,2546000,-192.5636498298645
1274,2548000,-192.4425047454834
1275,2550000,-191.95248107624053
1276,2552000,-192.04728577041627
1277,2554000,-191.46023142147064
1278,2556000,-192.41763304901124
1279,2558000,-192.78229670143128
1280,2560000,-192.9739502925873
1281,2562000,-192.68940716171264
1282,2564000,-192.51483706283568
1283,2566000,-191.24961186981201
1284,2568000,-193.00270778894424
1285,2570000,-191.74227522277832
1286,2572000,-192.05228416633605
1287,2574000,-191.42344992113112
1288,2576000,-191.66918230438233
1289,2578000,-192.31476887702942
1290,2580000,-193.80995528030397
1291,2582000,-192.10291433143615
1292,2584000,-193.00909728622437
1293,2586000,-192.831674659729
1294,2588000,-192.5681847267151
1295,2590000,-191.90501471710206
1296,2592000,-193.2885789527893
1297,2594000,-193.10149459075927
1298,2596000,-192.350153213501
1299,2598000,-193.23525674057007
1300,2600000,-192.90597358322142
1301,2602000,-191.4839808754921
1302,2604000,-194.66057191467286
1303,2606000,-192.7343114051819
1304,2608000,-192.6192358894348
1305,2610000,-192.92756217956543
1306,2612000,-191.87415937972068
1307,2614000,-193.53768981170654
1308,2616000,-193.14197577095032
1309,2618000,-194.617008518219
1310,2620000,-191.52680729293823
1311,2622000,-193.72857633972168
1312,2624000,-193.54767597961427
1313,2626000,-193.33232513427734
1314,2628000,-192.31698536300658
1315,2630000,-192.40668903923034
1316,2632000,-194.02830516052245
1317,2634000,-190.77834293079377
1318,2636000,-193.5673659591675
1319,2638000,-194.17369859313965
1320,2640000,-192.90626627349855
1321,2642000,-193.6906314125061
1322,2644000,-193.38748873329163
1323,2646000,-193.67244577789307
1324,2648000,-193.1248931827545
1325,2650000,-193.74485980272294
1326,2652000,-193.30163912773133
1327,2654000,-192.57500287818908
1328,2656000,-193.77996353530884
1329,2658000,-190.5263710463047
1330,2660000,-195.08459616851806
1331,2662000,-193.86353125047683
1332,2664000,-194.72108813095093
1333,2666000,-193.18504462337495
1334,2668000,-192.73778042793273
1335,2670000,-193.58578255844117
1336,2672000,-190.212899415493
1337,2674000,-194.38512372541427
1338,2676000,-194.545274661541
1339,2678000,-193.8783475589752
1340,2680000,-194.5254774055481
1341,2682000,-194.40971438217164
1342,2684000,-194.54597983551025
1343,2686000,-193.50630985736848
1344,2688000,-194.31423753547668
1345,2690000,-195.36184283828734
1346,2692000,-194.11467623710632
1347,2694000,-193.66885116004943
1348,2696000,-193.02180794143678
1349,2698000,-192.34856676483153
1350,2700000,-195.3228542289734
1351,2702000,-193.11038596963883
1352,2704000,-194.9103070220947
1353,2706000,-193.65618513298034
1354,2708000,-194.82985572433472
1355,2710000,-193.29954564619064
1356,2712000,-194.8706571292877
1357,2714000,-194.99063974380493
1358,2716000,-193.87512204360962
1359,2718000,-195.1687983150482
1360,2720000,-195.91908706855773
1361,2722000,-194.02323425292968
1362,2724000,-194.04395615577698
1363,2726000,-194.46691543769836
1364,2728000,-194.2987804775238
1365,2730000,-193.97002172374727
1366,2732000,-194.40451137161256
1367,2734000,-195.8736736869812
1368,2736000,-194.03139645767212
1369,2738000,-195.00358737945555
1370,2740000,-195.4793383216858
1371,2742000,-195.84503851509095
1372,2744000,-194.88356998443604
1373,2746000,-195.65385501289367
1374,2748000,-195.70910843658447
1375,2750000,-194.53758599805832
1376,2752000,-194.93675599479675
1377,2754000,-195.42267694568633
1378,2756000,-194.94058567810058
1379,2758000,-194.27683167266846
1380,2760000,-195.80952333831786
1381,2762000,-195.33120947170258
1382,2764000,-196.8364317970276
1383,2766000,-194.28071518325805
1384,2768000,-194.98648888015748
1385,2770000,-195.4244566268921
1386,2772000,-195.36090856170654
1387,2774000,-194.7843746509552
1388,2776000,-195.25121506881715
1389,2778000,-193.50381980323792
1390,2780000,-196.86482609939574
1391,2782000,-195.94526342391967
1392,2784000,-195.62877583503723
1393,2786000,-196.33279670333863
1394,2788000,-194.3997965774536
1395,2790000,-196.8405110321045
1396,2792000,-195.33169538116456
1397,2794000,-196.19520658683777
1398,2796000,-195.67553139686584
1399,2798000,-196.19628721618653
1400,2800000,-196.84443233299254
1401,2802000,-196.18393832778932
1402,2804000,-196.49705396080017
1403,2806000,-194.48361275863647
1404,2808000,-196.57329519271852
1405,2810000,-194.65203583335875
1406,2812000,-197.31012691116334
1407,2814000,-196.2960805015564
1408,2816000,-196.93030738830566
1409,2818000,-195.1059103870392
1410,2820000,-196.58023993301393
1411,2822000,-195.04913742303847
1412,2824000,-196.9516346874237
1413,2826000,-197.03847679901122
1414,2828000,-197.36021681213379
1415,2830000,-196.88921215438842
1416,2832000,-196.24303366088867
1417,2834000,-195.37041315078736
1418,2836000,-195.9044063796997
1419,2838000,-196.5885605201721
1420,2840000,-196.01754467391967
1421,2842000,-195.58154328346254
1422,2844000,-196.74098459243774
1423,2846000,-194.03535228252412
1424,2848000,-196.48434474921226
1425,2850000,-196.31754301452636
1426,2852000,-197.2804015045166
1427,2854000,-195.34229091644286
1428,2856000,-197.43287729263307
1429,2858000,-195.9127421283722
1430,2860000,-197.2657109489441
1431,2862000,-196.97278044891357
1432,2864000,-195.7577687804699
1433,2866000,-197.1442839012146
1434,2868000,-195.7860592651367
1435,2870000,-197.80541590309144
1436,2872000,-197.486684009552
1437,2874000,-197.98782580566407
1438,2876000,-197.2646635169983
1439,2878000,-195.96940447759627
1440,2880000,-198.1255385055542
1441,2882000,-194.7961717891693
1442,2884000,-198.75499609375
1443,2886000,-195.42502011299132
1444,2888000,-197.67110551834105
1445,2890000,-197.47389170265197
1446,2892000,-195.98342917251586
1447,2894000,-195.64469729614257
1448,2896000,-197.55781729888915
1449,2898000,-197.1116542301178
1450,2900000,-197.35607426452637
1451,2902000,-197.33457868957518
1452,2904000,-198.28056154632569
1453,2906000,-197.04291552352905
1454,2908000,-197.5040876560211
1455,2910000,-196.76837557435036
1456,2912000,-197.95921507644653
1457,2914000,-198.37983776092528
1458,2916000,-197.06834084701538
1459,2918000,-196.00957473385333
1460,2920000,-197.0728002462387
1461,2922000,-197.3215593776703
1462,2924000,-196.44984811973572
1463,2926000,-198.71235429000853
1464,2928000,-197.30310749816894
1465,2930000,-196.12788767814635
1466,2932000,-197.5650753288269
1467,2934000,-198.2311385345459
1468,2936000,-197.9965828552246
1469,2938000,-197.940198179245
1470,2940000,-197.4133333492279
1471,2942000,-197.95504918909072
1472,2944000,-198.18483834457396
1473,2946000,-197.94256562805177
1474,2948000,-197.8955635662079
1475,2950000,-196.7959754257202
1476,2952000,-197.74144331932067
1477,2954000,-197.13168258285523
1478,2956000,-197.5070733795166
1479,2958000,-197.9142691307068
1480,2960000,-198.94537776184083
1481,2962000,-198.5561160259247
1482,2964000,-198.08101523971558
1483,2966000,-197.2018405919075
1484,2968000,-198.86353337097168
1485,2970000,-198.11068434143067
1486,2972000,-197.33436257743836
1487,2974000,-197.98487120819092
1488,2976000,-197.17803196525574
1489,2978000,-199.7861476097107
1490,2980000,-198.25389923858643
1491,2982000,-198.14238581466674
1492,2984000,-198.7847649230957
1493,2986000,-198.39637642669678
1494,2988000,-199.52524797058106
1495,2990000,-197.15383617305756
1496,2992000,-197.86525345993041
1497,2994000,-199.53862974739076
1498,2996000,-197.87506004047393
1499,2998000,-199.23576178741456
1500,3000000,-199.3797826690674
1501,3002000,-197.82798229408263
1502,3004000,-198.86320290374755
1503,3006000,-197.41117242240907
1504,3008000,-198.52900548171996
1505,3010000,-195.8277570052147
1506,3012000,-199.283215593338
1507,3014000,-196.86354810476303
1508,3016000,-198.56521848964692
1509,3018000,-199.5184461479187
1510,3020000,-199.48316334915162
1511,3022000,-198.45775542259216
1512,3024000,-197.35206770420075
1513,3026000,-199.97540098571778
1514,3028000,-196.86657466125487
1515,3030000,-198.70615590238572
1516,3032000,-197.97565418052673
1517,3034000,-198.43789343976974
1518,3036000,-200.6554987487793
1519,3038000,-199.40635713744163
1520,3040000,-197.77863358068467
1521,3042000,-199.84464173126221
1522,3044000,-198.18197526550293
1523,3046000,-197.75373191642763
1524,3048000,-200.03590562057497
1525,3050000,-197.72606638145447
1526,3052000,-198.45498494529724
1527,3054000,-198.6958569393158
1528,3056000,-199.37381035232545
1529,3058000,-197.9944809436798
1530,3060000,-200.2477863559723
1531,3062000,-199.30405433273316
1532,3064000,-198.4321575870514
1533,3066000,-199.46451892471313
1534,3068000,-198.30422774887086
1535,3070000,-199.32059747505187
1536,3072000,-200.05748419570924
1537,3074000,-199.04413734054566
1538,3076000,-199.12835246658327
1539,3078000,-199.44629928588867
1540,3080000,-200.04970888900758
1541,3082000,-199.06945417022706
1542,3084000,-199.0403125734329
1543,3086000,-198.5931532931328
1544,3088000,-200.37950422668456
1545,3090000,-198.45346893024444
1546,3092000,-199.01061798286437
1547,3094000,-199.76587730407715
1548,3096000,-199.55244606113433
1549,3098000,-196.9258864388466
1550,3100000,-200.2276462955475
1551,3102000,-199.2278505420685
1552,3104000,-198.49414514160156
1553,3106000,-199.12687425804137
1554,3108000,-199.70188605880736
1555,3110000,-199.88230604934694
1556,3112000,-198.6201749572754
1557,3114000,-199.532016726017
1558,3116000,-199.94302464294432
1559,3118000,-198.90029795074463
1560,3120000,-196.33993444645404
1561,3122000,-198.99049335575103
1562,3124000,-201.3813481826782
1563,3126000,-198.55168858718872
1564,3128000,-200.80088256454468
1565,3130000,-198.72407991027833
1566,3132000,-200.2854317188263
1567,3134000,-200.60923992538451
1568,3136000,-200.15035957336426
1569,3138000,-199.9913768837452
1570,3140000,-199.42601956510543
1571,3142000,-200.2916420249939
1572,3144000,-199.27990283966065
1573,3146000,-199.35612300395965
1574,3148000,-199.8274920182228
1575,3150000,-199.47449395751954
1576,3152000,-200.8235844516754
1577,3154000,-200.80122883796693
1578,3156000,-198.19093898427485
1579,3158000,-199.82055292510987
1580,3160000,-199.83527627182008
1581,3162000,-200.24942401504518
1582,3164000,-200.11753638362885
1583,3166000,-199.6154669380188
1584,3168000,-201.16304552078248
1585,3170000,-200.29890676116943
1586,3172000,-199.4922021217346
1587,3174000,-200.618570186615
1588,3176000,-198.03745254421233
1589,3178000,-202.893646194458
1590,3180000,-199.62225914764403
1591,3182000,-202.31023552703857
1592,3184000,-199.26475490570067
1593,3186000,-201.10047869682313
1594,3188000,-199.73748812150956
1595,3190000,-199.42389063072204
1596,3192000,-201.0986711807251
1597,3194000,-200.20661057376861
1598,3196000,-201.14583378982545
1599,3198000,-198.50193843460082
1600,3200000,-201.07969639015198
1601,3202000,-200.4836379928589
1602,3204000,-201.16964834594725
1603,3206000,-197.01798484134673
1604,3208000,-201.39047941970824
1605,3210000,-201.7383159008026
1606,3212000,-200.69943765640258
1607,3214000,-201.1385685157776
1608,3216000,-201.32421095085144
1609,3218000,-199.83885502815247
1610,3220000,-201.4312569732666
1611,3222000,-201.83547243881225
1612,3224000,-201.25693297576905
1613,3226000,-199.43408655166627
1614,3228000,-201.20913275146484
1615,3230000,-200.46916314315797
1616,3232000,-201.28053309249879
1617,3234000,-202.18395615005494
1618,3236000,-200.99070829582215
1619,3238000,-200.9795629463196
1620,3240000,-200.92273750686647
1621,3242000,-202.08592292785644
1622,3244000,-200.92317967414857
1623,3246000,-201.40020083618165
1624,3248000,-200.0319931716919
1625,3250000,-201.4297265739441
1626,3252000,-202.22738536071776
1627,3254000,-201.0289555940628
1628,3256000,-200.80943799591066
1629,3258000,-202.01135233688353
1630,3260000,-201.84993458557128
1631,3262000,-202.04163413047792
1632,3264000,-201.2269056816101
1633,3266000,-202.07908694458007
1634,3268000,-202.06907384872437
1635,3270000,-201.89323180770873
1636,3272000,-201.3584785823822
1637,3274000,-202.07032899475098
1638,3276000,-200.53461430740356
1639,3278000,-201.7305543270111
1640,3280000,-201.2871401424408
1641,3282000,-202.24955601501466
1642,3284000,-201.63835752487182
1643,3286000,-202.08904314041138
1644,3288000,-200.75413764953612
1645,3290000,-202.48296382713318
1646,3292000,-202.1898582496643
1647,3294000,-201.78412972068787
1648,3296000,-199.95348013734818
1649,3298000,-201.4309602677822
1650,3300000,-202.5382076101303
1651,3302000,-202.29571690750123
1652,3304000,-201.32499545669555
1653,3306000,-201.80655946731568
1654,3308000,-201.58897532844543
1655,3310000,-201.30156619644166
1656,3312000,-202.1401355934143
1657,3314000,-201.1806966199875
1658,3316000,-201.571174823761
1659,3318000,-202.18434315299987
1660,3320000,-201.0533658618927
1661,3322000,-202.09634004592897
1662,3324000,-202.42101006889342
1663,3326000,-202.0105318851471
1664,3328000,-201.83044004821778
1665,3330000,-202.04536229324341
1666,3332000,-202.60225555419922
1667,3334000,-203.02650466537474
1668,3336000,-201.84352151107788
1669,3338000,-202.25196755981446
1670,3340000,-201.91285209655763
1671,3342000,-202.26439575958253
1672,3344000,-202.9485871925354
1673,3346000,-202.34621335220336
1674,3348000,-202.45196170425416
1675,3350000,-202.8841176376343
1676,3352000,-202.69008213424684
1677,3354000,-203.2832831773758
1678,3356000,-201.2275837111473
1679,3358000,-202.68016886520385
1680,3360000,-202.86954043388366
1681,3362000,-202.42661454772949
1682,3364000,-202.20117859840394
1683,3366000,-203.674023979187
1684,3368000,-202.67818323135376
1685,3370000,-202.73058966064454
1686,3372000,-201.25030171370506
1687,3374000,-202.14590088176726
1688,3376000,-201.55548775601386
1689,3378000,-202.90485866165162
1690,3380000,-201.4168800907135
1691,3382000,-203.09700779724122
1692,3384000,-202.61783113861085
1693,3386000,-202.06550089645387
1694,3388000,-203.1212024421692
1695,3390000,-201.77410457134246
1696,3392000,-202.99681001091002
1697,3394000,-202.8826399116516
1698,3396000,-202.36062437057495
1699,3398000,-202.79792324829103
1700,3400000,-202.86816812515258
1701,3402000,-202.49391132855416
1702,3404000,-203.71459336280822
1703,3406000,-203.599309589386
1704,3408000,-201.60687364578246
1705,3410000,-202.4863307762146
1706,3412000,-204.47684141921997
1707,3414000,-202.98925801086426
1708,3416000,-202.4727765083313
1709,3418000,-203.56234621047975
1710,3420000,-201.0603955230713
1711,3422000,-202.5405130376816
1712,3424000,-203.6166923561096
1713,3426000,-203.26425652122498
1714,3428000,-202.99090435028077
1715,3430000,-202.6642787399292
1716,3432000,-203.4850503616333
1717,3434000,-202.86126281166077
1718,3436000,-203.04178548049927
1719,3438000,-202.92152140903474
1720,3440000,-202.64747355651855
1721,3442000,-204.22444124984742
1722,3444000,-204.03213608455658
1723,3446000,-201.43218707084657
1724,3448000,-203.06853588867187
1725,3450000,-201.90724617958068
1726,3452000,-203.09581279182433
1727,3454000,-204.29483493423461
1728,3456000,-202.48988689994812
1729,3458000,-202.827536945343
1730,3460000,-201.79745564270019
1731,3462000,-203.4092697906494
1732,3464000,-200.07451468127965
1733,3466000,-204.8583801460266
1734,3468000,-203.79097120285033
1735,3470000,-202.53060695457458
1736,3472000,-203.4220314655304
1737,3474000,-204.0800175857544
1738,3476000,-200.33433348274232
1739,3478000,-205.7472654953003
1740,3480000,-203.36529887342454
1741,3482000,-203.9210065841675
1742,3484000,-205.03331634521484
1743,3486000,-202.28430717277527
1744,3488000,-203.7646255636215
1745,3490000,-203.87538942718507
1746,3492000,-204.06028948020935
1747,3494000,-204.4947056903839
1748,3496000,-202.18999605941772
1749,3498000,-203.83171635818482
1750,3500000,-203.1359193611145
1751,3502000,-203.79827777862548
1752,3504000,-204.11964128494262
1753,3506000,-204.90292026138306
1754,3508000,-202.74385033988952
1755,3510000,-204.11930994415283
1756,3512000,-203.95547201538085
1757,3514000,-202.63815544617177
1758,3516000,-205.63808113861083
1759,3518000,-204.34606818389892
1760,3520000,-203.13938688373565
1761,3522000,-203.25306631231308
1762,3524000,-203.68177414703368
1763,3526000,-203.27418649673461
1764,3528000,-203.9083312149048
1765,3530000,-203.334501411438
1766,3532000,-203.55849337768555
1767,3534000,-205.29766031646727
1768,3536000,-201.60897463417052
1769,3538000,-205.30503091049195
1770,3540000,-200.43039925289153
1771,3542000,-205.81941018676758
1772,3544000,-202.52185095787047
1773,3546000,-204.5920482635498
1774,3548000,-202.68500790834426
1775,3550000,-205.3877382698059
1776,3552000,-204.11958985900878
1777,3554000,-204.1475670890808
1778,3556000,-204.2099517555237
1779,3558000,-205.3154519805908
1780,3560000,-202.90564698791505
1781,3562000,-205.25339022445678
1782,3564000,-204.36249268150328
1783,3566000,-204.809601436615
1784,3568000,-203.3741430091858
1785,3570000,-203.72243685913085
1786,3572000,-205.82947157669068
1787,3574000,-205.23916165161134
1788,3576000,-203.74489580917358
1789,3578000,-204.26518125534056
1790,3580000,-204.32300033187866
1791,3582000,-203.28478733825685
1792,3584000,-204.60579746818541
1793,3586000,-204.05298698520662
1794,3588000,-205.28590015983582
1795,3590000,-203.97919652557374
1796,3592000,-205.03580247116088
1797,3594000,-203.43264013671876
1798,3596000,-204.30000469970702
1799,3598000,-204.83937705230713
1800,3600000,-204.7783911933899
1801,3602000,-204.2548759651184
1802,3604000,-205.95256085586547
1803,3606000,-205.2221196784973
1804,3608000,-204.49066515731812
1805,3610000,-205.4979888458252
1806,3612000,-203.95161779403688
1807,3614000,-204.8137741765976
1808,3616000,-203.95209928417205
1809,3618000,-204.9939299468994
1810,3620000,-204.23998316192626
1811,3622000,-205.5761338288784
1812,3624000,-204.61825359344482
1813,3626000,-205.25561603164672
1814,3628000,-204.36848000717163
1815,3630000,-203.65266405105592
1816,3632000,-206.14607703781127
1817,3634000,-203.47734736633302
1818,3636000,-205.97549968338012
1819,3638000,-205.63234205818176
1820,3640000,-204.12172188949586
1821,3642000,-205.02797008132936
1822,3644000,-205.11133355712892
1823,3646000,-204.03839925003052
1824,3648000,-204.0141444635391
1825,3650000,-203.93575059127807
1826,3652000,-205.5106741771698
1827,3654000,-204.9041974506378
1828,3656000,-205.81276961135865
1829,3658000,-205.51290656280517
1830,3660000,-205.5812050743103
1831,3662000,-204.54979283380507
1832,3664000,-204.43189797592163
1833,3666000,-204.38170000076295
1834,3668000,-205.57779016876222
1835,3670000,-204.8850505619049
1836,3672000,-206.06024729919434
1837,3674000,-204.82511640548705
1838,3676000,-203.8596557750702
1839,3678000,-205.6073835105896
1840,3680000,-205.9065221786499
1841,3682000,-204.42821902275085
1842,3684000,-206.02953520584106
1843,3686000,-205.45010026550293
1844,3688000,-203.8461794719696
1845,3690000,-205.1816211452484
1846,3692000,-204.31163928985595
1847,3694000,-206.0645798625946
1848,3696000,-205.18313427352905
1849,3698000,-205.181062915802
1850,3700000,-204.84381413269043
1851,3702000,-205.373854552269
1852,3704000,-205.13779781341552
1853,3706000,-204.94797119140625
1854,3708000,-205.58597730445862
1855,3710000,-205.8704837875366
1856,3712000,-204.34046117019653
1857,3714000,-206.34392668533326
1858,3716000,-204.8348564157486
1859,3718000,-205.1870934791565
1860,3720000,-205.12333907699585
1861,3722000,-205.6495273923874
1862,3724000,-205.47279526257515
1863,3726000,-206.25872450637817
1864,3728000,-205.38511225891114
1865,3730000,-205.61032857513428
1866,3732000,-206.65328923416138
1867,3734000,-205.1241590127945
1868,3736000,-205.083841506958
1869,3738000,-206.23265589904784
1870,3740000,-205.83578740310668
1871,3742000,-205.58788170433044
1872,3744000,-205.0857600517273
1873,3746000,-204.67450127649306
1874,3748000,-207.6798178367615
1875,3750000,-206.82650191497802
1876,3752000,-205.3997018699646
1877,3754000,-206.94421116256714
1878,3756000,-206.99407154464723
1879,3758000,-206.1444494972229
1880,3760000,-205.18204363918304
1881,3762000,-207.1347165660858
1882,3764000,-204.89219778442381
1883,3766000,-206.9554099445343
1884,3768000,-205.5957513961792
1885,3770000,-204.23135012364386
1886,3772000,-205.65403547668458
1887,3774000,-207.3341273765564
1888,3776000,-205.71522370147704
1889,3778000,-204.52849505424498
1890,3780000,-207.06261395645143
1891,3782000,-206.87881348419188
1892,3784000,-206.35989248657228
1893,3786000,-206.4885486469269
1894,3788000,-206.30211394119263
1895,3790000,-205.99991543197632
1896,3792000,-206.35591199493408
1897,3794000,-206.86754724121093
1898,3796000,-206.89094314193724
1899,3798000,-205.52614231300353
1900,3800000,-206.62416769981385
1901,3802000,-205.55112525749206
1902,3804000,-207.38842077255248
1903,3806000,-205.7527040977478
1904,3808000,-207.12038734817506
1905,3810000,-207.7137001838684
1906,3812000,-206.11019767332078
1907,3814000,-203.66898326444627
1908,3816000,-208.56367534828186
1909,3818000,-206.4289347410202
1910,3820000,-203.90561661434174
1911,3822000,-206.904998298645
1912,3824000,-207.18221612548828
1913,3826000,-206.1392245788574
1914,3828000,-206.68371324157715
1915,3830000,-207.40296966171266
1916,3832000,-206.20472521209717
1917,3834000,-205.73408279800415
1918,3836000,-206.91965085983276
1919,3838000,-205.98197708511353
1920,3840000,-207.49750748062135
1921,3842000,-206.74192502975464
1922,3844000,-206.7350138092041
1923,3846000,-206.59172466659547
1924,3848000,-207.0538199672699
1925,3850000,-206.7567862625122
1926,3852000,-207.43101794052123
1927,3854000,-207.7302474632263
1928,3856000,-206.98793667602538
1929,3858000,-206.60830576705933
1930,3860000,-206.5431511554718
1931,3862000,-207.94775801467895
1932,3864000,-207.90102923202514
1933,3866000,-206.55469466400146
1934,3868000,-205.48799772119523
1935,3870000,-208.52771333694457
1936,3872000,-206.78246107482911
1937,3874000,-207.8120947265625
1938,3876000,-207.27692638206483
1939,3878000,-207.04291335868837
1940,3880000,-207.06485736465453
1941,3882000,-206.66186802983285
1942,3884000,-208.2419974594116
1943,3886000,-206.74643779945373
1944,3888000,-207.51522725486754
1945,3890000,-208.09185934066772
1946,3892000,-205.3043468465805
1947,3894000,-206.6680719652176
1948,3896000,-207.91794296646117
1949,3898000,-207.8314422111511
1950,3900000,-207.53266593551635
1951,3902000,-207.9791615371704
1952,3904000,-206.41364358139037
1953,3906000,-205.38044228160382
1954,3908000,-208.33862045669557
1955,3910000,-206.31684598731994
1956,3912000,-206.74878911209106
1957,3914000,-207.57889834594727
1958,3916000,-207.8326064567566
1959,3918000,-207.62234157943726
1960,3920000,-207.1448227157593
1961,3922000,-207.7560838699341
1962,3924000,-206.66055011177062
1963,3926000,-208.11201777267456
1964,3928000,-206.6346987953186
1965,3930000,-207.021961769104
1966,3932000,-207.98493952751159
1967,3934000,-207.67066537475586
1968,3936000,-208.13526528167725
1969,3938000,-206.76781436157228
1970,3940000,-207.15000207901002
1971,3942000,-208.02167887878417
1972,3944000,-207.56473937225343
1973,3946000,-207.63476917648316
1974,3948000,-206.5348586769104
1975,3950000,-208.73139857482911
1976,3952000,-207.33135133743286
1977,3954000,-208.1568504638672
1978,3956000,-207.70755572128297
1979,3958000,-207.1189132232666
1980,3960000,-207.3401613883972
1981,3962000,-208.18575755500794
1982,3964000,-206.71881168937682
1983,3966000,-207.75984063339234
1984,3968000,-208.49293506622314
1985,3970000,-207.63187175369262
1986,3972000,-208.6150883102417
1987,3974000,-207.48787888336182
1988,3976000,-208.74806130599976
1989,3978000,-207.12481211090088
1990,3980000,-208.12765391921997
1991,3982000,-207.54376024246216
1992,3984000,-207.8165892715454
1993,3986000,-208.6107703514099
1994,3988000,-207.38839358758926
1995,3990000,-205.97101777768134
1996,3992000,-207.82676346874237
1997,3994000,-207.8327319869995
1998,3996000,-207.9417706680298
1999,3998000,-208.53821352767943
2000,4000000,-207.13840705108643
2001,4002000,-209.12258116149903
2002,4004000,-207.87579919815064
2003,4006000,-207.93264188194274
2004,4008000,-208.40038557815552
2005,4010000,-208.17127697372436
2006,4012000,-208.0882191505432
2007,4014000,-208.19878237724305
2008,4016000,-207.3575179066658
2009,4018000,-207.71592180490495
2010,4020000,-208.18728913307189
2011,4022000,-207.66095399856567
2012,4024000,-207.62541152191162
2013,4026000,-208.47215393829345
2014,4028000,-206.98602532768248
2015,4030000,-209.4810393486023
2016,4032000,-206.27119435691833
2017,4034000,-209.62637504577637
2018,4036000,-206.58963042259217
2019,4038000,-207.61488698959351
2020,4040000,-208.12699257278442
2021,4042000,-207.26288355731964
2022,4044000,-208.96318824386597
2023,4046000,-209.2434038505554
2024,4048000,-208.5584373435974
2025,4050000,-207.5634552230835
2026,4052000,-207.3924006166458
2027,4054000,-208.84109450531005
2028,4056000,-210.41420473098754
2029,4058000,-208.70647538757325
2030,4060000,-208.7057229232788
2031,4062000,-208.15519577407838
2032,4064000,-208.57397925949095
2033,4066000,-208.93547598648072
2034,4068000,-208.68629603385926
2035,4070000,-208.71946741867066
2036,4072000,-208.1834084663391
2037,4074000,-207.79630156898497
2038,4076000,-208.9603101539612
2039,4078000,-207.09317932510376
2040,4080000,-210.1021133956909
2041,4082000,-209.3875949897766
2042,4084000,-207.552257938385
2043,4086000,-209.35852324295044
2044,4088000,-208.8131996269226
2045,4090000,-208.41764200782777
2046,4092000,-208.25235835075378
2047,4094000,-208.70971323394775
2048,4096000,-208.95907510566713
2049,4098000,-210.12066707611083
2050,4100000,-209.30129594802855
2051,4102000,-207.5774948616028
2052,4104000,-208.6168646774292
2053,4106000,-209.44111735916138
2054,4108000,-209.39497691726686
2055,4110000,-209.02758503723143
2056,4112000,-209.60282000350952
2057,4114000,-210.53934395217897
2058,4116000,-209.56269400405884
2059,4118000,-209.64242865753175
2060,4120000,-208.49909178543092
2061,4122000,-209.94226306152345
2062,4124000,-208.90099040603639
2063,4126000,-209.73366638565062
2064,4128000,-209.65629668045045
2065,4130000,-208.4448753528595
2066,4132000,-208.89697081947327
2067,4134000,-210.3797957420349
2068,4136000,-209.620146030426
2069,4138000,-208.9760519104004
2070,4140000,-208.67554760742186
2071,4142000,-209.31226722526551
2072,4144000,-208.53517014694214
2073,4146000,-209.8291410832405
2074,4148000,-209.5613154220581
2075,4150000,-209.9150957431793
2076,4152000,-207.46180610084534
2077,4154000,-211.56880182647706
2078,4156000,-207.8677697277069
2079,4158000,-210.08734937286377
2080,4160000,-209.03395309638978
2081,4162000,-209.97550942993163
2082,4164000,-209.6045718803406
2083,4166000,-208.09329916238784
2084,4168000,-210.6754767189026
2085,4170000,-210.70357098007202
2086,4172000,-208.96584526634217
2087,4174000,-210.21461729717254
2088,4176000,-209.16771751022338
2089,4178000,-210.20617414474486
2090,4180000,-207.53702261161806
2091,4182000,-210.11039790916442
2092,4184000,-209.11431922340392
2093,4186000,-210.0776047668457
2094,4188000,-209.61966190338134
2095,4190000,-210.3645239830017
2096,4192000,-210.9440446510315
2097,4194000,-209.25601709747315
2098,4196000,-210.32608046722413
2099,4198000,-210.31399013137818
2100,4200000,-210.1353352379799
2101,4202000,-208.2639692373276
2102,4204000,-210.82801865386963
2103,4206000,-208.65427272224426
2104,4208000,-210.2416633377075
2105,4210000,-210.59353606796265
2106,4212000,-209.42566188430786
2107,4214000,-210.65549284934997
2108,4216000,-210.75233684921264
2109,4218000,-209.121291973114
2110,4220000,-210.98941682815553
2111,4222000,-209.81489083099365
2112,4224000,-210.3419147567749
2113,4226000,-209.71876746177674
2114,4228000,-208.9625366296768
2115,4230000,-210.37141524982454
2116,4232000,-208.85880663871765
2117,4234000,-210.95853335189818
2118,4236000,-209.22612316036225
2119,4238000,-209.66959020614624
2120,4240000,-211.86892916107178
2121,4242000,-209.90344611358643
2122,4244000,-211.24834967803955
2123,4246000,-210.22486477661133
2124,4248000,-209.8005365076065
2125,4250000,-210.3619222764969
2126,4252000,-210.07204496192932
2127,4254000,-209.97995819091796
2128,4256000,-211.18765134429933
2129,4258000,-210.04851126003265
2130,4260000,-209.9381301727295
2131,4262000,-210.53615102767944
2132,4264000,-209.4884227218628
2133,4266000,-212.3454380722046
2134,4268000,-210.8826799468994
2135,4270000,-209.66783703947067
2136,4272000,-211.76336495208741
2137,4274000,-211.19942312240602
2138,4276000,-209.84651391983033
2139,4278000,-211.41552921295167
2140,4280000,-211.68636157989502
2141,4282000,-210.83747859191894
2142,4284000,-210.28521480941774
2143,4286000,-211.09256467437743
2144,4288000,-210.03735660362244
2145,4290000,-211.1604919052124
2146,4292000,-211.72235707855225
2147,4294000,-211.33801221466064
2148,4296000,-210.19874259185792
2149,4298000,-212.70062105941773
2150,4300000,-210.48517969322205
2151,4302000,-211.67808363342286
2152,4304000,-209.99433252334595
2153,4306000,-211.973867477417
2154,4308000,-211.00954929733277
2155,4310000,-207.53323080825805
2156,4312000,-211.54823034095764
2157,4314000,-213.58451390075683
2158,4316000,-212.08531506347657
2159,4318000,-210.2577913990021
2160,4320000,-211.53203644943238
2161,4322000,-211.70573318481445
2162,4324000,-211.02901458740234
2163,4326000,-211.56906823349
2164,4328000,-211.11397733306885
2165,4330000,-209.22746651887894
2166,4332000,-211.96521794509889
2167,4334000,-211.65345636749268
2168,4336000,-210.9837889137268
2169,4338000,-212.32905003356933
2170,4340000,-209.83176616287233
2171,4342000,-211.62462215805053
2172,4344000,-210.25747040748595
2173,4346000,-212.56800196838378
2174,4348000,-210.3936707572937
2175,4350000,-212.7334256591797
2176,4352000,-211.30861528205872
2177,4354000,-211.72038792419434
2178,4356000,-211.53149771881104
2179,4358000,-212.3648416366577
2180,4360000,-211.62634154891967
2181,4362000,-211.23931283664703
2182,4364000,-210.99360535812377
2183,4366000,-211.58043424606322
2184,4368000,-211.29129780578614
2185,4370000,-212.35172262191773
2186,4372000,-211.57271875190736
2187,4374000,-211.2596490650177
2188,4376000,-210.83126699256897
2189,4378000,-212.41715719985962
2190,4380000,-211.95789591217041
2191,4382000,-211.43178206253052
2192,4384000,-211.88087289237976
2193,4386000,-211.33680447387695
2194,4388000,-210.89576165008546
2195,4390000,-211.78571670913695
2196,4392000,-210.8965117263794
2197,4394000,-211.2876332397461
2198,4396000,-211.54461590194703
2199,4398000,-206.1874324746132
2200,4400000,-214.09843144607544
2201,4402000,-211.74640962600708
2202,4404000,-210.17306597518922
2203,4406000,-212.0117751712799
2204,4408000,-212.58954655456543
2205,4410000,-211.48180830383302
2206,4412000,-212.5416447906494
2207,4414000,-212.0725182247162
2208,4416000,-212.71517780303955
2209,4418000,-211.4340223941803
2210,4420000,-211.5695174293518
2211,4422000,-212.3441601295471
2212,4424000,-212.0588307800293
2213,4426000,-211.1198427772522
2214,4428000,-210.30756405067444
2215,4430000,-212.17443199539184
2216,4432000,-212.22872743225096
2217,4434000,-212.48109425544737
2218,4436000,-212.7123323059082
2219,4438000,-212.63690048217774
2220,4440000,-212.2302578392029
2221,4442000,-211.3217393913269
2222,4444000,-213.2090106563568
2223,4446000,-210.8988776321411
2224,4448000,-211.84272013878822
2225,4450000,-213.92808306503295
2226,4452000,-212.65663420677186
2227,4454000,-212.69989406585694
2228,4456000,-212.12241004180908
2229,4458000,-211.87665903663634
2230,4460000,-212.70011910629273
2231,4462000,-212.70495669174196
2232,4464000,-211.29115338897705
2233,4466000,-212.9342057323456
2234,4468000,-212.16222438812255
2235,4470000,-212.713890499115
2236,4472000,-212.575289478302
2237,4474000,-210.50301695871354
2238,4476000,-212.70581303596498
2239,4478000,-214.10998220443724
2240,4480000,-212.3106260948181
2241,4482000,-212.46403812789916
2242,4484000,-213.07058556365968
2243,4486000,-213.02919180297852
2244,4488000,-211.2063313217163
2245,4490000,-213.15200392913817
2246,4492000,-213.30488711547852
2247,4494000,-213.35401496505736
2248,4496000,-210.1082821187973
2249,4498000,-213.63705792999266
2250,4500000,-212.28908602523805
2251,4502000,-212.83290326690673
2252,4504000,-212.64949393463135
2253,4506000,-211.7683639831543
2254,4508000,-213.67795920181274
2255,4510000,-213.4898875465393
2256,4512000,-212.03680289459228
2257,4514000,-212.99483282089233
2258,4516000,-213.60216610717774
2259,4518000,-213.1738166618347
2260,4520000,-212.24493381500244
2261,4522000,-213.51947393035888
2262,4524000,-211.58836447525024
2263,4526000,-212.9560773715973
2264,4528000,-213.319304851532
2265,4530000,-214.0285383338928
2266,4532000,-212.1339963951111
2267,4534000,-213.6601849975586
2268,4536000,-212.03479118728637
2269,4538000,-214.19876558685303
2270,4540000,-213.23726190567015
2271,4542000,-213.47505394363404
2272,4544000,-211.64467011260987
2273,4546000,-212.8831389694214
2274,4548000,-213.37578947710992
2275,4550000,-212.82056502151488
2276,4552000,-211.6856920413971
2277,4554000,-213.87974628829957
2278,4556000,-213.8792887916565
2279,4558000,-214.00123213958742
2280,4560000,-213.36245449066163
2281,4562000,-212.99758263015747
2282,4564000,-213.3961809234619
2283,4566000,-213.95682973480226
2284,4568000,-212.55803693675995
2285,4570000,-213.51321916770934
2286,4572000,-211.20781142187118
2287,4574000,-215.23773698425293
2288,4576000,-212.86913678741456
2289,4578000,-212.8908101081848
2290,4580000,-212.03587595272063
2291,4582000,-214.7122206954956
2292,4584000,-212.64996426391602
2293,4586000,-212.69136546945572
2294,4588000,-213.19916048049927
2295,4590000,-213.79058308029175
2296,4592000,-213.57707455062865
2297,4594000,-214.6564517288208
2298,4596000,-212.59253141021728
2299,4598000,-214.6057661778927
2300,4600000,-213.5042117652893
2301,4602000,-214.57999491500854
2302,4604000,-213.7351036491394
2303,4606000,-212.42029986667632
2304,4608000,-212.23578507232665
2305,4610000,-213.95253338432312
2306,4612000,-213.55804988479613
2307,4614000,-213.684389087677
2308,4616000,-214.2384510307312
2309,4618000,-212.571258146286
2310,4620000,-214.62149249267577
2311,4622000,-214.37596207046508
2312,4624000,-213.25455535125732
2313,4626000,-213.0067986507416
2314,4628000,-213.3977162361145
2315,4630000,-213.56572500801087
2316,4632000,-214.41199102783204
2317,4634000,-214.9664509010315
2318,4636000,-213.15264187049866
2319,4638000,-214.53522828674318
2320,4640000,-213.14182986068727
2321,4642000,-213.7765345649719
2322,4644000,-214.93866404724122
2323,4646000,-213.23619889831542
2324,4648000,-213.8891627006531
2325,4650000,-213.5061149749756
2326,4652000,-214.56650414705277
2327,4654000,-214.4118926010132
2328,4656000,-214.4955813484192
2329,4658000,-214.55348704528808
2330,4660000,-213.18549884986876
2331,4662000,-214.01297595214845
2332,4664000,-213.7897924079895
2333,4666000,-215.1969929790497
2334,4668000,-213.7101329498291
2335,4670000,-214.41531929779052
2336,4672000,-214.90530389404296
2337,4674000,-214.7820558128357
2338,4676000,-213.96060926246642
2339,4678000,-215.40872646713257
2340,4680000,-214.82062224960328
2341,4682000,-214.28349465179443
2342,4684000,-215.1898341331482
2343,4686000,-213.6449259738922
2344,4688000,-215.45074499130249
2345,4690000,-213.72070539665222
2346,4692000,-214.41026042222975
2347,4694000,-214.59253603458404
2348,4696000,-215.3655699634552
2349,4698000,-214.6195164871216
2350,4700000,-214.1282055282593
2351,4702000,-214.67498678207397
2352,4704000,-214.23623086857796
2353,4706000,-214.53610942554474
2354,4708000,-214.8367289199829
2355,4710000,-215.4288110809326
2356,4712000,-214.27826114654542
2357,4714000,-214.8743347053528
2358,4716000,-214.61564601898192
2359,4718000,-215.431384475708
2360,4720000,-214.15049758911132
2361,4722000,-214.18584933853148
2362,4724000,-215.10342975616456
2363,4726000,-213.72538945770265
2364,4728000,-212.56552693748475
2365,4730000,-215.3148145637512
2366,4732000,-212.26215100955963
2367,4734000,-216.03238663864136
2368,4736000,-214.94670624923705
2369,4738000,-214.28935771560668
2370,4740000,-214.63458436203004
2371,4742000,-215.63226719665528
2372,4744000,-214.21265194702147
2373,4746000,-216.06748164749146
2374,4748000,-215.43310892105103
2375,4750000,-213.92637486219405
2376,4752000,-215.9346904697418
2377,4754000,-215.87130562210083
2378,4756000,-214.8989093475342
2379,4758000,-215.0228083190918
2380,4760000,-215.94195514297485
2381,4762000,-215.18800559997558
2382,4764000,-215.056220993042
2383,4766000,-216.1349666633606
2384,4768000,-214.66833305740357
2385,4770000,-214.68168918609618
2386,4772000,-214.44824103927613
2387,4774000,-214.57162575531007
2388,4776000,-211.8230289196968
2389,4778000,-216.79717790603638
2390,4780000,-215.63585299301147
2391,4782000,-213.79246297836303
2392,4784000,-215.28099509429933
2393,4786000,-214.5064891395569
2394,4788000,-215.50482460021973
2395,4790000,-215.7747936820984
2396,4792000,-216.85452056884765
2397,4794000,-215.70536256408693
2398,4796000,-215.22143299484253
2399,4798000,-216.03353462600708
2400,4800000,-215.8722511062622
2401,4802000,-215.88220336532592
2402,4804000,-215.1929220533371
2403,4806000,-214.06877736759185
2404,4808000,-216.27434143829345
2405,4810000,-216.07598890304564
2406,4812000,-215.6110962867737
2407,4814000,-215.4741294631958
2408,4816000,-216.04249157714844
2409,4818000,-216.20140586662293
2410,4820000,-214.12726653766632
2411,4822000,-215.98074870491027
2412,4824000,-215.2801319141388
2413,4826000,-216.86320264053344
2414,4828000,-215.21811379480363
2415,4830000,-215.92309548950195
2416,4832000,-216.61104016113282
2417,4834000,-215.50581716537476
2418,4836000,-215.165939743042
2419,4838000,-215.65289558792114
2420,4840000,-215.05572343063355
2421,4842000,-216.19188064956666
2422,4844000,-216.11346125793457
2423,4846000,-214.52665104484558
2424,4848000,-215.5480877342224
2425,4850000,-215.81170418167113
2426,4852000,-216.26647814178466
2427,4854000,-214.8781865377426
2428,4856000,-215.33126119470597
2429,4858000,-216.72988134384156
2430,4860000,-215.77128604125977
2431,4862000,-215.81216348457338
2432,4864000,-215.84411325073242
2433,4866000,-216.56462902450562
2434,4868000,-215.10603741455077
2435,4870000,-216.2189716873169
2436,4872000,-216.8889295425415
2437,4874000,-215.47633946990968
2438,4876000,-216.57455347442627
2439,4878000,-216.91520528793336
2440,4880000,-217.19148068618773
2441,4882000,-214.34851322841644
2442,4884000,-217.03587941741944
2443,4886000,-214.90781486797331
2444,4888000,-216.07892713165282
2445,4890000,-216.87838703536988
2446,4892000,-216.95619215011595
2447,4894000,-216.14636548995972
2448,4896000,-216.38464640808107
2449,4898000,-216.25389445877076
2450,4900000,-214.41578589439393
2451,4902000,-217.29260399246215
2452,4904000,-214.89212240982056
2453,4906000,-217.0714460105896
2454,4908000,-217.02046239852905
2455,4910000,-213.17190294265748
2456,4912000,-217.03659465026857
2457,4914000,-216.08988107299805
2458,4916000,-215.1228677883148
2459,4918000,-218.10664510345458
2460,4920000,-216.89631675338745
2461,4922000,-215.2220514602661
2462,4924000,-215.67230225753784
2463,4926000,-215.93329195404053
2464,4928000,-216.65484053039552
2465,4930000,-215.62337263298033
2466,4932000,-216.63888507461547
2467,4934000,-215.85074095153809
2468,4936000,-216.61311150741577
2469,4938000,-216.20934703445434
2470,4940000,-216.48837969207764
2471,4942000,-216.1416089401245
2472,4944000,-216.38628449630738
2473,4946000,-216.1380984621048
2474,4948000,-216.13922987747193
2475,4950000,-216.97266921234132
2476,4952000,-216.40094970321655
2477,4954000,-216.50360363578795
2478,4956000,-216.543421751976
2479,4958000,-216.31010327339172
2480,4960000,-217.59871229934691
2481,4962000,-216.33929530334473
2482,4964000,-216.6777211227417
2483,4966000,-217.9997932624817
2484,4968000,-215.14692086696624
2485,4970000,-214.8006431660652
2486,4972000,-215.4128246860504
2487,4974000,-213.60010218667983
2488,4976000,-216.90817261886596
2489,4978000,-216.63759071731567
2490,4980000,-216.50724870300294
2491,4982000,-216.98220889282226
2492,4984000,-216.9781239051819
2493,4986000,-215.70126302051546
2494,4988000,-216.5003347287178
2495,4990000,-216.70426893234253
2496,4992000,-216.21462780761718
2497,4994000,-217.41157076644896
2498,4996000,-217.54629927825928
2499,4998000,-216.47613258361815
2500,5000000,-217.2645633468628
